course_id,name,credits,category,sub_category
348041,管理學,3,選修,
348071,管理學,3,選修,
348081,管理學,3,選修,
348091,管理學,3,選修,
348101,管理學,3,選修,
348111,管理學,3,選修,
348021,管理學,3,選修,
348061,管理學,3,選修,
348001,管理學,3,選修,
348011,管理學,3,選修,
348031,管理學,3,選修,
348051,管理學,3,選修,
348131,管理學,3,選修,
359051,統計學（一）,3,選修,
359071,統計學（一）,3,選修,
359081,統計學（一）,3,選修,
359091,統計學（一）,3,選修,
359101,統計學（一）,3,選修,
359201,統計學（一）,3,選修,
359221,統計學（一）,3,選修,
359011,統計學（一）,3,選修,
359021,統計學（一）,3,選修,
359031,統計學（一）,3,選修,
359041,統計學（一）,3,選修,
359061,統計學（一）,3,選修,
359211,統計學（一）,3,選修,
219581,經濟學,3,選修,
219051,經濟學,3,選修,
219111,經濟學,3,選修,
219121,經濟學,3,選修,
219561,經濟學,3,選修,
219021,經濟學,3,選修,
219031,經濟學,3,選修,
219511,經濟學,3,選修,
219531,經濟學,3,選修,
219551,經濟學,3,選修,
219041,經濟學,3,選修,
219081,經濟學,3,選修,
213001,經濟學,2,選修,
219521,經濟學,3,選修,
219541,經濟學,3,選修,
219571,經濟學,3,選修,
350001,行銷管理,3,選修,
350011,行銷管理,3,選修,
350021,行銷管理,3,選修,
351011,投資學,3,選修,
351021,投資學,3,選修,
351051,投資學,3,選修,
225011,社會學,3,選修,
229001,社會學,4,選修,
226001,政治學,3,選修,
226011,政治學,3,選修,
226021,政治學,3,選修,
211011,政治學,3,選修,
314011,初級會計學（一）,3,選修,
314051,初級會計學（一）,3,選修,
314101,初級會計學（一）,3,選修,
314141,初級會計學（一）,3,選修,
314041,初級會計學（一）,3,選修,
314071,初級會計學（一）,3,選修,
314081,初級會計學（一）,3,選修,
314091,初級會計學（一）,3,選修,
314151,初級會計學（一）,3,選修,
314021,初級會計學（一）,3,選修,
314031,初級會計學（一）,3,選修,
314111,初級會計學（一）,3,選修,
314161,初級會計學（一）,3,選修,
314061,初級會計學（一）,3,選修,
314121,初級會計學（一）,3,選修,
314131,初級會計學（一）,3,選修,
318011,初級會計學（二）,3,選修,
323021,中級會計學（一）,3,選修,
323031,中級會計學（一）,3,選修,
323041,中級會計學（一）,3,選修,
335021,中級會計學（三）,3,選修,
335011,中級會計學（三）,3,選修,
337011,成本管理會計（一）,3,選修,
337031,成本管理會計（一）,3,選修,
337041,成本管理會計（一）,3,選修,
337051,成本管理會計（一）,3,選修,
337021,成本管理會計（一）,3,選修,
601001,民法概要,2,選修,
601011,民法概要,2,選修,
603011,民法概要,2,選修,
603001,民法概要,2,選修,
217041,個體經濟學,3,選修,
217011,個體經濟學,3,選修,
217021,個體經濟學,3,選修,
217031,個體經濟學,3,選修,
221001,財政學,3,選修,
221011,財政學,3,選修,
221031,財政學,3,選修,
347011,財務管理,3,選修,
347041,財務管理,3,選修,
347081,財務管理,3,選修,
347001,財務管理,3,選修,
347021,財務管理,3,選修,
347061,財務管理,3,選修,
347031,財務管理,3,選修,
347051,財務管理,3,選修,
347091,財務管理,3,選修,
227001,國際關係,3,選修,
227011,國際關係,3,選修,
227021,國際關係,3,選修,
228011,貨幣銀行學,3,選修,
228031,貨幣銀行學,3,選修,
228041,貨幣銀行學,3,選修,
702011,普通心理學,3,選修,
218051,總體經濟學,3,選修,
218001,總體經濟學,3,選修,
218011,總體經濟學,3,選修,
604011,商事法,2,選修,
604001,商事法,2,選修,
604021,商事法,2,選修,
605001,商事法,2,選修,
605011,商事法,2,選修,
605021,商事法,2,選修,
356031,社會責任與倫理,1,選修,
356061,社會責任與倫理,1,選修,
356001,社會責任與倫理,1,選修,
356011,社會責任與倫理,1,選修,
356051,社會責任與倫理,1,選修,
356021,社會責任與倫理,1,選修,
356041,社會責任與倫理,1,選修,
711011,微積分,3,選修,
712001,微積分,3,選修,
713001,微積分甲,3,必修,
713011,微積分甲,3,選修,
713041,微積分甲,3,選修,
713051,微積分甲,3,選修,
713021,微積分甲,3,選修,
713031,微積分甲,3,選修,
088E01011,華語-特別班基礎華語,3,選修,
088E01061,華語-特別班基礎華語,3,選修,
088E02021,華語-特別班應用華語,3,選修,
088E02041,華語-特別班應用華語,3,選修,
088E01041,華語-特別班基礎華語,3,選修,
088E01051,華語-特別班基礎華語,3,選修,
088E02011,華語-特別班應用華語,3,選修,
088E02031,華語-特別班應用華語,3,選修,
088E02061,華語-特別班應用華語,3,選修,
088E05001,華語-特別班中級華語２,3,選修,
088E01021,華語-特別班基礎華語,3,選修,
088E01031,華語-特別班基礎華語,3,選修,
088E02051,華語-特別班應用華語,3,選修,
088E04001,華語-特別班中級華語１,3,選修,
31004031,國文－古典詩選讀,3,一般通識,中文通識
31004041,國文－古典詩選讀,3,一般通識,中文通識
31004051,國文－古典詩選讀,3,一般通識,中文通識
31004111,國文－古典詩選讀,3,一般通識,中文通識
31009021,國文－古典戲曲選讀,3,一般通識,中文通識
31010021,國文－現代詩歌選讀,3,一般通識,中文通識
31012011,國文－現代小說選讀,3,一般通識,中文通識
31014011,國文－中國思想名作選讀,3,一般通識,中文通識
31032011,國文,3,一般通識,中文通識
31226001,進階國文—書法名作欣賞與臨摹,3,一般通識,中文通識
31004021,國文－古典詩選讀,3,一般通識,中文通識
31004071,國文－古典詩選讀,3,一般通識,中文通識
31004081,國文－古典詩選讀,3,一般通識,中文通識
31004101,國文－古典詩選讀,3,一般通識,中文通識
31007011,國文－古典散文選讀,3,一般通識,中文通識
31007071,國文－古典散文選讀,3,一般通識,中文通識
31008011,國文－古典小說選讀,3,一般通識,中文通識
31009011,國文－古典戲曲選讀,3,一般通識,中文通識
31013031,國文－臺灣文學選讀,3,一般通識,中文通識
31017021,國文－中國語言文字名作選讀,3,一般通識,中文通識
31031031,國文,3,一般通識,中文通識
31031041,國文,3,一般通識,中文通識
31004011,國文－古典詩選讀,3,一般通識,中文通識
31004091,國文－古典詩選讀,3,一般通識,中文通識
31007081,國文－古典散文選讀,3,一般通識,中文通識
31008021,國文－古典小說選讀,3,一般通識,中文通識
31010011,國文－現代詩歌選讀,3,一般通識,中文通識
31012021,國文－現代小說選讀,3,一般通識,中文通識
31012031,國文－現代小說選讀,3,一般通識,中文通識
31014041,國文－中國思想名作選讀,3,一般通識,中文通識
31015011,國文─中國神話選讀,3,一般通識,中文通識
31017041,國文－中國語言文字名作選讀,3,一般通識,中文通識
31031011,國文,3,一般通識,中文通識
31031021,國文,3,一般通識,中文通識
31033011,國文,3,一般通識,中文通識
32001021,大學英文（一）,3,一般通識,外文通識
32001041,大學英文（一）,3,一般通識,外文通識
32001061,大學英文（一）,3,一般通識,外文通識
32001201,大學英文（一）,3,一般通識,外文通識
32001211,大學英文（一）,3,一般通識,外文通識
32001291,大學英文（一）,3,一般通識,外文通識
32001401,大學英文（一）,3,一般通識,外文通識
32001431,大學英文（一）,3,一般通識,外文通識
32001471,大學英文（一）,3,一般通識,外文通識
32001491,大學英文（一）,3,一般通識,外文通識
32001501,大學英文（一）,3,一般通識,外文通識
32001631,大學英文（一）,3,一般通識,外文通識
32001641,大學英文（一）,3,一般通識,外文通識
32001671,大學英文（一）,3,一般通識,外文通識
32001681,大學英文（一）,3,一般通識,外文通識
32001691,大學英文（一）,3,一般通識,外文通識
32001801,大學英文（一）,3,一般通識,外文通識
32001821,大學英文（一）,3,一般通識,外文通識
32001881,大學英文（一）,3,一般通識,外文通識
32001901,大學英文（一）,3,一般通識,外文通識
32001011,大學英文（一）,3,一般通識,外文通識
32001031,大學英文（一）,3,一般通識,外文通識
32001081,大學英文（一）,3,一般通識,外文通識
32001091,大學英文（一）,3,一般通識,外文通識
32001241,大學英文（一）,3,一般通識,外文通識
32001301,大學英文（一）,3,一般通識,外文通識
32001451,大學英文（一）,3,一般通識,外文通識
32001461,大學英文（一）,3,一般通識,外文通識
32001511,大學英文（一）,3,一般通識,外文通識
32001521,大學英文（一）,3,一般通識,外文通識
32001601,大學英文（一）,3,一般通識,外文通識
32001701,大學英文（一）,3,一般通識,外文通識
32001711,大學英文（一）,3,一般通識,外文通識
32001921,大學英文（一）,3,一般通識,外文通識
32001051,大學英文（一）,3,一般通識,外文通識
32001071,大學英文（一）,3,一般通識,外文通識
32001101,大學英文（一）,3,一般通識,外文通識
32001221,大學英文（一）,3,一般通識,外文通識
32001231,大學英文（一）,3,一般通識,外文通識
32001251,大學英文（一）,3,一般通識,外文通識
32001261,大學英文（一）,3,一般通識,外文通識
32001271,大學英文（一）,3,一般通識,外文通識
32001281,大學英文（一）,3,一般通識,外文通識
32001411,大學英文（一）,3,一般通識,外文通識
32001421,大學英文（一）,3,一般通識,外文通識
32001441,大學英文（一）,3,一般通識,外文通識
32001481,大學英文（一）,3,一般通識,外文通識
32001611,大學英文（一）,3,一般通識,外文通識
32001621,大學英文（一）,3,一般通識,外文通識
32001651,大學英文（一）,3,一般通識,外文通識
32001661,大學英文（一）,3,一般通識,外文通識
32001811,大學英文（一）,3,一般通識,外文通識
32001831,大學英文（一）,3,一般通識,外文通識
32001911,大學英文（一）,3,一般通識,外文通識
32001931,大學英文（一）,3,一般通識,外文通識
32001941,大學英文（一）,3,一般通識,外文通識
41025011,台灣電影史：藝術、文化、社會與政治,2,一般通識,人文通識
41097001,轉型期與近代東亞: 從1930年代到1940年代,2,一般通識,人文通識
41100031,生命價值與哲學思惟,3,核心通識,人文通識
41116001,語言與文化：以美式英文為例,3,一般通識,人文通識
41173001,台灣閩南話與台灣文化,3,一般通識,人文通識
44011001,影像中的近代中國,2,一般通識,跨領域(人文、社會)
44014001,國際關係理論與現勢,2,一般通識,跨領域(人文、社會)
44046001,自我．身體．文化,2,一般通識,跨領域(人文、社會)
44049001,電影與國際關係,2,一般通識,跨領域(人文、社會)
44051001,美國運動史,2,一般通識,跨領域(人文、社會)
44113001,東南亞藝術與社會巡禮,2,一般通識,跨領域(人文、社會)
44114001,那些動物教我的事,2,一般通識,跨領域(人文、自然)
90112001,自我探索與心理健康,2,一般通識,人文通識
90113001,探索柯南的偵探世界,2,一般通識,跨領域(人文、社會、自然)
41026011,台灣歷史與文化,2,一般通識,人文通識
41036001,歷史：過去與當代的對話,2,一般通識,人文通識
41038001,當代台灣旅行文學欣賞,3,一般通識,人文通識
41089001,近代台灣人物,2,一般通識,人文通識
41099021,文明發展與歷史思惟,3,核心通識,人文通識
41099051,文明發展與歷史思惟,3,核心通識,人文通識
41100001,生命價值與哲學思惟,3,核心通識,人文通識
41100041,生命價值與哲學思惟,3,核心通識,人文通識
41123001,生命探索與宗教文化,3,核心通識,人文通識
41123011,生命探索與宗教文化,3,核心通識,人文通識
41133001,近代臺灣歷史與人物,3,核心通識,人文通識
41176001,風土、餐桌與台灣史,3,一般通識,人文通識
41181001,數位傳播與人文藝術,2,一般通識,人文通識
41185001,台日文學名著選讀,3,一般通識,人文通識
41187001,認識故宮名畫,3,一般通識,人文通識
41190001,台語文學與台灣文化,3,一般通識,人文通識
44008001,民族文學,2,一般通識,跨領域(人文、社會)
44022001,俄國文化與社會,2,一般通識,跨領域(人文、社會)
44104001,窺探科技中的語言應用,3,一般通識,跨領域(人文、資訊)
44108001,移民與文化的十個關鍵字,3,一般通識,跨領域(人文、社會)
044M01001,東協的整合與發展,1,一般通識,跨領域(人文、社會)
90019001,風水、建築與環境,2,一般通識,人文通識
90108001,關於藝術的話題,2,一般通識,跨領域(人文、社會)
41042011,電影藝術,2,一般通識,人文通識
41099031,文明發展與歷史思惟,3,核心通識,人文通識
41133011,近代臺灣歷史與人物,3,核心通識,人文通識
41135001,西方文學經典與人文思維,3,核心通識,人文通識
41191001,實用台灣閩南語,3,一般通識,人文通識
44006011,基督教與社會,3,一般通識,跨領域(人文、社會)
44027001,勞資關係概論,2,一般通識,跨領域(人文、社會)
44085001,性別與文學理論入門,3,一般通識,跨領域(人文、社會)
44095001,西方眼中的中國與臺灣,2,一般通識,跨領域(人文、社會)
44107001,大局：紛擾時局背後的地理，貿易與政治成因,3,一般通識,跨領域(人文、社會)
44115001,語言與認知神經科學概論,3,一般通識,跨領域(人文、自然)
90101001,西歐歷史建築,2,一般通識,人文通識
993003001,音樂鑑賞,2,一般通識,人文通識
993030001,音樂、舞蹈與藝術治療之理論與實作：藝術教育與腦科學之觀點,2,一般通識,跨領域(人文、自然)
42001011,租稅與生活,3,一般通識,社會通識
42051001,經濟全球化與台商大陸投資,2,一般通識,社會通識
42096001,歐盟的兩岸政策,2,一般通識,社會通識
42112001,臺灣政治,3,核心通識,社會通識
42112091,臺灣政治,3,核心通識,社會通識
42116031,生活中的經濟學,3,核心通識,社會通識
42176001,從土耳其看世界,3,一般通識,社會通識
42181011,教育探索與自我學習,3,核心通識,社會通識
42184001,職業生涯規劃,2,一般通識,社會通識
42193001,地方創生入門－空間結構與課題分析,1,一般通識,社會通識
42197001,資訊社會與勞工權利,2,一般通識,社會通識
90116001,氣候變遷與永續旅遊,2,一般通識,社會通識
42015001,全球化下西方社會與民族關係,2,一般通識,社會通識
42053001,歐洲政府與外交政策,2,一般通識,社會通識
42089001,從漫畫看日本,2,一般通識,社會通識
42116011,生活中的經濟學,3,核心通識,社會通識
42116041,生活中的經濟學,3,核心通識,社會通識
42137001,法學素養,3,核心通識,社會通識
42143001,溝通與協商,3,一般通識,社會通識
42149001,淺嚐複雜：計算社會科學初窺,3,一般通識,社會通識
42156031,中國大陸概論,3,核心通識,社會通識
42164001,瞭解國際經濟法,2,一般通識,社會通識
42179001,運動產業實務,2,一般通識,社會通識
42180001,歡迎光臨會計小鎮,2,一般通識,社會通識
42183001,歐亞樞紐下的土耳其,3,一般通識,社會通識
42192001,風土、生活與產業,2,一般通識,社會通識
42200001,認識勞資關係與勞動權益,2,一般通識,社會通識
44112001,園藝與生活,2,一般通識,跨領域(社會、自然)
42002001,金融，理財與生活,3,一般通識,社會通識
42015011,全球化下西方社會與民族關係,2,一般通識,社會通識
42085001,國家、個人與社會福利,2,一般通識,社會通識
42103001,由歷史事件看國際關係,2,一般通識,社會通識
42112011,臺灣政治,3,核心通識,社會通識
42112111,臺灣政治,3,核心通識,社會通識
42121001,當代日中台關係,2,一般通識,社會通識
42133011,社會學動動腦,3,核心通識,社會通識
42137011,法學素養,3,核心通識,社會通識
42138001,媒體素養,3,核心通識,社會通識
42138011,媒體素養,3,核心通識,社會通識
42142001,環視全球－挑戰國際視野,3,核心通識,社會通識
42142011,環視全球－挑戰國際視野,3,核心通識,社會通識
42156001,中國大陸概論,3,核心通識,社會通識
42179011,運動產業實務,2,一般通識,社會通識
42196001,年輕人須具備的期貨知識,2,一般通識,社會通識
90117001,食品安全與生活,3,一般通識,跨領域(社會、自然)
43016011,生活中的生命科學,3,核心通識,自然通識
43024001,物理學史與人類文明,3,核心通識,自然通識
43031001,心理與生活,3,核心通識,自然通識
43043001,數位遊戲與社會,3,一般通識,自然通識
90013001,健康管理專題講座,2,一般通識,自然通識
90060011,醫療與生活,2,一般通識,自然通識
90111001,環境科學與環境保護,2,一般通識,自然通識
90114001,數位轉型的智權與風險管理,2,一般通識,自然通識
43010001,生活中的律動,3,核心通識,自然通識
43024011,物理學史與人類文明,3,核心通識,自然通識
43025001,大腦與我,3,核心通識,自然通識
43027001,科技與人文社會,3,核心通識,自然通識
43027011,科技與人文社會,3,核心通識,自然通識
90014011,生物技術導論,2,一般通識,自然通識
90026001,探索海洋－從水岸到深海,2,一般通識,自然通識
90044001,藥物使用與生活的關係,2,一般通識,自然通識
90060021,醫療與生活,2,一般通識,自然通識
90104001,長期照護與健康產業發展,2,一般通識,自然通識
90109001,仰望星空探索宇宙,2,一般通識,自然通識
43016001,生活中的生命科學,3,核心通識,自然通識
43025011,大腦與我,3,核心通識,自然通識
43028001,探索數位世界,3,核心通識,自然通識
43028011,探索數位世界,3,核心通識,自然通識
90020001,認識中醫藥,2,一般通識,自然通識
90025001,天氣與氣候,2,一般通識,自然通識
90060001,醫療與生活,2,一般通識,自然通識
90069001,視力保健與眼睛疾病,2,一般通識,自然通識
90088001,預防醫學與校園健康,2,一般通識,自然通識
90106001,健康與生活,2,一般通識,自然通識
90115001,資訊素養與倫理,2,一般通識,跨領域(自然、資訊)
993015001,衛生保健,2,一般通識,自然通識
45024001,圖書館實務及創意管理,1,一般通識,書院通識
45043001,自主學習專題：新媒體播客行動家Ⅱ,2,一般通識,書院通識
45019011,新生專題：自學力,3,一般通識,書院通識
45041001,自主學習專題：世界咖啡文化,2,一般通識,書院通識
45042001,自主學習專題：大學新創行動家Ⅱ,3,一般通識,書院通識
45023001,國小學生課後關懷與輔導,1,一般通識,書院通識
45025001,動物權：理論與實踐,1,一般通識,書院通識
45034001,自主學習專題：機率與理則學在紙牌遊戲上的進階應用,2,一般通識,書院通識
45040001,自主學習專題：自由軟體GIMP影像編修與應用,2,一般通識,書院通識
46001011,程式設計概論,3,一般通識,資訊通識
46001061,程式設計概論,3,一般通識,資訊通識
46002001,探索數位世界,3,一般通識,資訊通識
46001001,程式設計概論,3,一般通識,資訊通識
46001021,程式設計概論,3,一般通識,資訊通識
46001031,程式設計概論,3,一般通識,資訊通識
46001041,程式設計概論,3,一般通識,資訊通識
46001051,程式設計概論,3,一般通識,資訊通識
46001101,程式設計概論,3,一般通識,資訊通識
46001111,程式設計概論,3,一般通識,資訊通識
46001121,程式設計概論,3,一般通識,資訊通識
46001071,程式設計概論,3,一般通識,資訊通識
46001081,程式設計概論,3,一般通識,資訊通識
46001091,程式設計概論,3,一般通識,資訊通識
46002011,探索數位世界,3,一般通識,資訊通識
46004001,生活中的數學、邏輯與運算思維,3,一般通識,資訊通識
10114001,國際公法,2,選修,
10118001,中國外交史,3,選修,
10100001,中級會計學（一）,3,選修,
10120001,審計學（一）,3,選修,
10069011,英語口語訓練,2,選修,
10082001,英語語音學,3,選修,
10091001,英美文學,3,選修,
10032001,英語語言學概論,2,選修,
10069021,英語口語訓練,2,選修,
10095001,英文作文（一）,2,選修,
10097001,英文作文（二）,2,選修,
10108001,閱讀指導,2,選修,
10102041,初級日語,3,選修,
10103011,日語會話（一）,2,選修,
10103041,日語會話（一）,2,選修,
10103051,日語會話（一）,2,選修,
10103081,日語會話（一）,2,選修,
10104001,中級日語,3,選修,
10104021,中級日語,3,選修,
10105011,日語會話（二）,2,選修,
10105051,日語會話（二）,2,選修,
10107001,日文寫作,2,選修,
10107051,日文寫作,2,選修,
10113001,高級日語,2,選修,
10113011,高級日語,2,選修,
10131031,日語演習（一）,1,選修,
10131051,日語演習（一）,1,選修,
10132011,日語演習（二）,1,選修,
10132021,日語演習（二）,1,選修,
10132041,日語演習（二）,1,選修,
10102011,初級日語,3,選修,
10102081,初級日語,3,選修,
10104011,中級日語,3,選修,
10105021,日語會話（二）,2,選修,
10107041,日文寫作,2,選修,
10107061,日文寫作,2,選修,
10131011,日語演習（一）,1,選修,
10131041,日語演習（一）,1,選修,
10132001,日語演習（二）,1,選修,
10132051,日語演習（二）,1,選修,
10924001,商用日文書信１,2,選修,
10102021,初級日語,3,選修,
10102031,初級日語,3,選修,
10103031,日語會話（一）,2,選修,
10103061,日語會話（一）,2,選修,
10103071,日語會話（一）,2,選修,
10104031,中級日語,3,選修,
10105041,日語會話（二）,2,選修,
10105071,日語會話（二）,2,選修,
10107031,日文寫作,2,選修,
10928001,商用日語會話１,2,選修,
10122031,初級韓國語,3,選修,
10123001,中級韓國語,3,選修,
10123011,中級韓國語,3,選修,
10125021,韓語語法（１）,2,選修,
10923001,高級韓國語,3,選修,
10122001,初級韓國語,3,選修,
10123021,中級韓國語,3,選修,
10122011,初級韓國語,3,選修,
10122021,初級韓國語,3,選修,
10125001,韓語語法（１）,2,選修,
10125011,韓語語法（１）,2,選修,
10922001,韓語口說訓練（一）,3,選修,
10029001,民法總則,3,選修,
10030001,刑法（一）,3,選修,
70344001,專題二：台灣近代史,3,選修,
158742001,專題二：台灣近代史,3,選修,
70343001,臺灣文化初探,2,選修,
70351001,台港流行文化歷史與明星研究,2,選修,
158896001,近現代大眾文化史專題,2,選修,
70257001,語用學,3,選修,
70341001,華人文化與社會,3,選修,
70028001,文字學,3,選修,
70340001,華文學程－語法學,3,選修,
70342001,華語文測驗與評量,3,選修,
504024001,初級俄語語法,3,選修,
504024011,初級俄語語法,3,選修,
504024021,初級俄語語法,3,選修,
504032011,中級俄語語法,3,選修,
504032021,中級俄語語法,3,選修,
504046001,進階俄語：綜合,4,選修,
504054001,初級俄語會話,2,選修,
504062001,波蘭國情概論,2,選修,
504087001,俄羅斯概論,2,選修,
504794001,俄語翻譯（一）,2,選修,
504811001,用俄語說台灣：國情、飲食、觀光、運輸,2,選修,
504822001,初級俄語視聽訓練（一）,2,選修,
504827001,捷克文（三）,3,選修,
504901001,捷語會話（二）,3,選修,
504919001,波蘭文（三）,3,選修,
504032001,中級俄語語法,3,選修,
504046011,進階俄語：綜合,4,選修,
504054011,初級俄語會話,2,選修,
504054021,初級俄語會話,2,選修,
504061001,進階俄語：經貿,2,選修,
504789001,漢俄比較類型學暨華語教學,2,選修,
504804001,進階俄語視聽訓練（一）,2,選修,
504820001,中級俄語口說訓練（一）,2,選修,
504831001,捷克文（二）,3,選修,
504886001,初級俄語口說訓練（一）,2,選修,
504900001,波語會話（二）,3,選修,
504902001,捷語會話（一）,3,選修,
504927001,波蘭文（二）,3,選修,
504055001,中級俄語會話,2,選修,
504055011,中級俄語會話,2,選修,
504055021,中級俄語會話,2,選修,
504059001,進階俄語：文化,2,選修,
504806001,波蘭歷史與宗教：從多神到一神,2,選修,
504809001,中級俄語視聽訓練（一）,2,選修,
504830001,波蘭文（一）,3,選修,
504834001,捷克文（一）,3,選修,
504838001,俄語（一）,3,選修,
504839001,俄語（二）,3,選修,
504906001,俄羅斯詩歌選讀,2,選修,
504910001,波語會話（一）,3,選修,
405939001,新傳播科技,3,選修,
405940001,影像概論,3,選修,
405001001,傳播概論,3,選修,
508052001,大一土耳其語,3,選修,
508079011,土耳其語視聽與會話（一）,3,選修,
508856001,世界文明中的土耳其人,3,選修,
508857001,絲路經濟與土耳其民族,3,選修,
599874001,大學外文（一）：土耳其語,3,選修,
599889011,大學外文（一）：泰文,3,選修,
599893011,大學外文（一）：越南文,3,選修,
599901001,大學外文（一）：韓語,3,選修,
599915001,大學外文（一）：波蘭文,3,選修,
599935001,大學外文（三）：日文,3,選修,
599941001,大學外文（三）：法文,3,選修,
599943021,大學外文（一）：西班牙文,3,選修,
599943041,大學外文（一）：西班牙文,3,選修,
599944001,大學外文（一）：法文,3,選修,
599944031,大學外文（一）：法文,3,選修,
599945021,大學外文（一）：德文,3,選修,
599946031,大學外文（一）：日文,3,選修,
405001021,傳播概論,3,選修,
508049001,土耳其通論,3,選修,
508079001,土耳其語視聽與會話（一）,3,選修,
599876001,大學外文（三）：印尼文,3,選修,
599893001,大學外文（一）：越南文,3,選修,
599903001,大學外文（三）：韓語,3,選修,
599943001,大學外文（一）：西班牙文,3,選修,
599943031,大學外文（一）：西班牙文,3,選修,
599944021,大學外文（一）：法文,3,選修,
599945011,大學外文（一）：德文,3,選修,
405001031,傳播概論,3,選修,
501861001,語法學導論,3,選修,
405001011,傳播概論,3,選修,
599782001,大學外文（一）：印尼文,3,選修,
599791001,大學外文（一）：俄語,3,選修,
599891001,大學外文（三）：泰文,3,選修,
599895001,大學外文（三）：越南文,3,選修,
599901011,大學外文（一）：韓語,3,選修,
599917001,大學外文（一）：捷克文,3,選修,
599940001,大學外文（三）：德文,3,選修,
599942001,大學外文（三）：西班牙文,3,選修,
599943011,大學外文（一）：西班牙文,3,選修,
599944011,大學外文（一）：法文,3,選修,
599944041,大學外文（一）：法文,3,選修,
599945001,大學外文（一）：德文,3,選修,
599945031,大學外文（一）：德文,3,選修,
599945041,大學外文（一）：德文,3,選修,
599946001,大學外文（一）：日文,3,選修,
599946011,大學外文（一）：日文,3,選修,
599946021,大學外文（一）：日文,3,選修,
353008001,高等審計學,3,選修,
353780001,商業資料分析：Python（1）,3,選修,
353810001,電腦審計,1,選修,
353815001,大數據之基本常識及運用探討,3,選修,
353909001,會計數量方法,3,選修,
353912001,策略管理,2,選修,
353787001,策略價值管理－企業實作,3,選修,
353790001,財務報導目的之評價,3,選修,
353807001,投資自己成為會計達人：黃金產業面面觀,3,選修,
353824001,全球化趨勢下之會計專業新視界,3,選修,
353857001,大陸租稅研究,3,選修,
353002001,高等管理會計,3,選修,
353010001,租稅法研究,3,選修,
353796001,會計實務與法律專題研究（一）,2,選修,
353817001,政府會計,3,選修,
353866001,實證性會計研究,3,選修,
754009001,細胞分子生物學,2,選修,
934010001,專題討論—生物科技管理實務,1,選修,
934536001,生物學（上）,2,選修,
364049001,創新與智慧財產,3,選修,
364053001,專利實務,3,選修,
364072001,科技與創新管理,3,選修,
364892001,專題討論－生物科技管理實務,1,選修,
934508001,分子生物學,3,選修,
934509001,細胞生物學,2,選修,
934537001,普通生物學（上）,2,選修,
934538001,普通生物學,3,選修,
934631001,科技與創新管理,3,選修,
934633001,生物化學,2,選修,
754008001,神經科學,3,選修,
934015001,生命科學總論（上）,2,選修,
934016001,生物藥學通論,2,選修,
934505001,生物藥學通論,2,選修,
601154011,民法總則,3,選修,
601159001,民法債編總論（二）,3,選修,
601159011,民法債編總論（二）,3,選修,
601159021,民法債編總論（二）,3,選修,
755947001,量子計算,3,選修,
782001001,普通物理學（一）,3,選修,
782003001,近代物理學,3,選修,
782014001,量子計算,3,選修,
601154001,民法總則,3,選修,
601596001,專利法,2,選修,
703019001,計算機結構與組織,3,必修,
782002001,普通物理學實驗（一）,1,選修,
601154021,民法總則,3,選修,
501056001,翻譯專題：翻譯的基本概念及技巧,3,選修,
506005001,初級日語,4,選修,
506073001,日本名著選讀Ａ１：語言,2,選修,
506845001,日譯中理論與實務１,2,選修,
501914001,現代戲劇,3,選修,
501045001,翻譯專題：翻譯理論,3,選修,
501064001,翻譯專題：理論與實務,3,選修,
506075001,日本名著選讀Ｃ１：歷史文化,2,選修,
506074001,日本名著選讀Ｂ１：文學,2,選修,
508059001,土耳其文學概論,2,選修,
508084001,土耳其語翻譯,2,選修,
300824001,電子商務實作研習,3,選修,
305756001,數據分析與精實六標準差,3,選修,
305775001,電子商務實作研習,3,選修,
306009011,系統分析與設計,3,選修,
300790001,數據分析與精實六標準差,3,選修,
302833011,金融數量,3,選修,
304030001,程式設計與統計軟體,2,選修,
304838001,程式設計與統計軟體實務,1,選修,
300933001,數理統計學,3,選修,
302018001,銀行經營管理,3,選修,
302044001,金融機構管理,3,選修,
304004001,線性代數,3,選修,
304025001,機率論,3,選修,
352050001,財務數學（一）,3,選修,
701002011,線性代數,4,選修,
701008001,微分方程,3,選修,
701012001,作業研究,3,選修,
701001001,微積分,4,選修,
701003001,高等微積分,4,選修,
701006001,機率論,3,選修,
555005001,音韻學,3,選修,
501065001,語言與認知,3,選修,
555002001,句法學,3,選修,
70142011,管理學,3,選修,
70163021,商用英文：口語溝通與談判技巧,3,選修,
70167081,初級會計學（一）,3,選修,
70167091,初級會計學（一）,3,選修,
70142021,管理學,3,選修,
70144001,行銷管理,3,選修,
70153001,財務管理,3,選修,
782032001,電子學（一）,3,選修,
782026001,專題研究（二）,3,選修,
782004001,電磁學（一）,3,選修,
70171011,選修英文：閱讀與口語訓練（ETP專班）,3,選修,
70171021,選修英文：閱讀與口語訓練（ETP專班）,3,選修,
70172011,選修英文：學術聽說訓練（ETP專班）,3,選修,
70173011,選修英文：英文寫作（ETP專班）,3,選修,
400800001,公共關係理論與實務應用,3,選修,
400889001,數位媒體與娛樂法,3,選修,
400872001,科學、媒體與公眾,3,選修,
400901001,電子遊戲與社會,3,選修,
601386001,專題三：AI與倫理,3,選修,
601464001,國際租稅法,3,選修,
601582001,國際人權法,3,選修,
601138001,歐盟法導論,3,選修,
601384001,專題一：全球衛生治理,3,選修,
702883001,人際關係,3,選修,
102820001,伴侶與婚姻諮商研究,3,選修,
501010011,西洋文學概論,3,選修,
501063001,十九世紀英國文學,3,選修,
501886001,劇場實務概論,3,選修,
501010001,西洋文學概論,3,選修,
103410001,美國史（二）,2,選修,
702006001,生理心理學,3,選修,
754921001,神經發育與疾病,3,選修,
754920001,專題研究Ｉ,2,選修,
754922001,神經傳遞物質,2,選修,
754947001,神經內分泌學,2,選修,
70215001,跨界專題－Ｘ計畫,3,選修,
70216001,傳統精緻藝術再創新－故宮博物院專案實作,3,選修,
70227001,創意書寫,3,選修,
70236001,中國現代戲劇選讀,3,選修,
70339001,意象與繪圖,3,選修,
101008001,中國文學史,3,選修,
101895001,台灣民俗實務：調查與展示,3,選修,
70200001,人文創新與實踐,3,選修,
70217001,設計思考與人工智慧,3,選修,
70222001,博物館管理與經營,2,選修,
70288001,數位行銷與博物館科技,3,選修,
70346001,榮格與現象學,3,選修,
70347001,大文山地方創生與文化傳播,2,選修,
202003001,比較政府與政治,3,選修,
202035001,政治哲學概論,3,選修,
70334001,人社跨域的行動知識,1,選修,
104005001,倫理學,3,選修,
202002001,中華民國憲法及政府,3,選修,
204008011,社會學理論,4,選修,
208803001,公共議題分析,3,選修,
405925001,當代電影理論,3,選修,
104001001,哲學概論,3,選修,
70345001,台灣現代文學選讀,3,選修,
358031,資料分析與程式設計入門,3,選修,
302032011,金融法規,3,選修,
308848001,ESG永續投資與綠色金融創新,3,選修,
703008001,資料結構,3,必修,
358068001,投資分析,3,選修,
358776001,ESG永續投資與綠色金融創新,3,選修,
358011,資料分析與程式設計入門,3,選修,
358021,資料分析與程式設計入門,3,選修,
306013011,資料結構,3,選修,
306049011,程式設計一,2,選修,
306738001,數位創新沙龍,2,選修,
307864001,財務軟體應用,3,選修,
352044001,財務工程及金融創新（一）,3,選修,
356014001,創新科技技術,3,選修,
356392001,數位創新沙龍,2,選修,
364828001,創業與新事業發展,3,選修,
358041,資料分析與程式設計入門,3,選修,
306005011,計算機概論,2,選修,
308001001,保險學,3,選修,
308847001,機器學習與人工智慧個案實作,3,選修,
358777001,機器學習與人工智慧個案實作,3,選修,
70241001,創業與新事業發展,3,選修,
70243001,教育創新與創業專題,2,選修,
102798001,文教產業教學實習,2,選修,
305776001,創創入門,3,選修,
70215011,跨界專題－Ｘ計畫,3,選修,
70217011,設計思考與人工智慧,3,選修,
70288011,數位行銷與博物館科技,3,選修,
202100001,中國大陸政府與政治,3,選修,
260029001,中共政治發展,3,選修,
601141001,中國大陸法制導論,2,選修,
155800001,數位多媒體典藏應用,3,選修,
155801001,程式設計,3,選修,
155805001,科技創新與專利資訊,3,選修,
155814001,資料探勘技術與數位人文應用,3,選修,
155829001,數位出版與學術傳播,3,選修,
155798001,數位策展與研究展示,3,選修,
156781001,數位人文研究導論,3,選修,
70246001,初級印尼語,3,選修,
70272001,東南亞社會與文化中的基督宗教,3,選修,
70245001,初級越語,3,選修,
70247001,初級泰語,3,選修,
156706001,東南亞社會與文化中的基督宗教,3,選修,
103046001,台灣近代經濟史,2,選修,
159913001,日記、傳記與文學,3,選修,
509890001,用德語說臺灣（一）,2,選修,
158850001,臺灣環境史,2,選修,
70248001,大學社會責任PBL課程,3,選修,
601383001,公益服務法律實習－共好文山計畫（二）,2,選修,
209013001,民族學研究方法,3,選修,
601404001,公益服務法律實習－共好文山計畫,2,選修,
261045001,發展研究導論,3,選修,
261629001,兩岸地方治理之比較研究,3,選修,
261860001,性別與發展,3,選修,
261926001,中國大陸的政治發展,3,選修,
261102001,社會發展理論,3,選修,
261103001,永續發展,3,選修,
261645001,台灣選舉與民意,3,選修,
261900001,中國效應：政治經濟觀點,3,選修,
261901001,中國政治經濟發展,3,選修,
70252001,歐洲人權公約與司法實踐,3,選修,
70281001,歐洲文化與文明,2,選修,
70283001,國際關係理論,3,選修,
70294001,歐洲聯盟事務360°解析,2,選修,
70348001,區域研究—歐盟國際關係,3,選修,
509894001,歐洲文化與文明,2,選修,
70282001,歐盟法導論,3,選修,
601405001,歐洲人權公約與司法實踐,3,選修,
70297001,族語師徒傳承,1,選修,
70300001,阿美族語（一）,2,選修,
70303001,排灣族語（一）,2,選修,
70323001,阿美族語（三）,2,選修,
70327001,排灣族語（三）,2,選修,
70329001,泰雅族語（三）,2,選修,
207094001,土地法（一）,3,選修,
202005001,公共政策,3,選修,
70298001,族語結構,2,選修,
70325001,布農族語（三）,2,選修,
70335001,賽夏族語（一）,2,選修,
207031001,土地使用管制,3,選修,
207073001,民法（一）,3,選修,
207096001,土地經濟學（一）,3,選修,
207102001,土地登記,3,選修,
601005001,民法物權,3,選修,
601005021,民法物權,3,選修,
70305001,布農族語（一）,2,選修,
601155001,刑法（一）,3,選修,
207083001,不動產估價理論,3,選修,
500006001,語言與世界,3,選修,
601005011,民法物權,3,選修,
601155011,刑法（一）,3,選修,
601155021,刑法（一）,3,選修,
701018001,計算機程式,3,選修,
753888001,知識管理系統與技術,3,選修,
405915001,圖像與文創,3,選修,
152566001,知識管理系統與技術,3,選修,
900031001,STEAM教育導論,3,選修,
501060001,語言學習導論,3,選修,
364803001,綠色科技創新,3,選修,
ZU1001001,全球研究導論,3,選修,
ZU1022001,程式設計,3,選修,
ZU1915001,專題三：AI與倫理,3,選修,
ZU1918001,專題一：全球衛生治理,3,選修,
ZU1917001,專題一：人類世與地緣政治,3,選修,
ZU1933001,假訊息治理與民主政治,3,選修,
ZU1911001,環太平洋語言：歷史，語言，社會與政治,3,選修,
555767001,環太平洋語言：歷史，語言，社會與政治,3,選修,
Z23933001,南島地區語言文學與文字化,3,選修,
ZU1910001,南島地區語言文學與文字化,3,選修,
70307001,亞太人類學,3,選修,
157849001,伴侶與婚姻諮商研究,3,選修,
172913001,伴侶與婚姻諮商研究,3,選修,
171929001,各國教育行政研究,2,選修,
152580001,各國教育行政研究,2,選修,
70337001,東亞教育及永續發展目標,2,選修,
70338001,國際教育比較,2,選修,
70350001,教育KAS實務課程,2,選修,
104184111,現象學與認知科學,3,選修,
204035001,家庭社會學,3,選修,
101827001,晚清小說,3,選修,
103199001,中國古代醫療史,3,選修,
104185111,榮格與現象學,3,選修,
ZU1015001,資料科學,3,選修,
202123001,民意與調查,3,選修,
703857001,社群媒體概論,3,選修,
202817001,大數據分析與社會科學,3,選修,
101048001,中國現代戲劇選讀,3,選修,
101786001,實用編輯學,3,選修,
101850001,報導文學,3,選修,
405948001,紀實採寫,3,選修,
405891001,傳播敘事,3,選修,
203056001,國際政治經濟學,3,選修,
203059001,國際談判,3,選修,
203076001,國際經濟,2,選修,
300885011,中級口語訓練,3,選修,
300885021,中級口語訓練,3,選修,
300885051,中級口語訓練,3,選修,
300898011,寫作與口語訓練（一）,3,選修,
300898061,寫作與口語訓練（一）,3,選修,
300871011,高級口語訓練,3,選修,
300871021,高級口語訓練,3,選修,
300885001,中級口語訓練,3,選修,
300885031,中級口語訓練,3,選修,
300885041,中級口語訓練,3,選修,
300898001,寫作與口語訓練（一）,3,選修,
300898021,寫作與口語訓練（一）,3,選修,
300898031,寫作與口語訓練（一）,3,選修,
300898051,寫作與口語訓練（一）,3,選修,
300898071,寫作與口語訓練（一）,3,選修,
300871001,高級口語訓練,3,選修,
300871031,高級口語訓練,3,選修,
300898041,寫作與口語訓練（一）,3,選修,
202901001,日本政府與政治,3,選修,
2008031,體育[男女合班]—健康體適能,1,體育,必修
2008041,體育[男女合班]—健康體適能,1,體育,必修
2012021,體育[男]—羽球初級,1,體育,必修
2015011,體育[男]—桌球初級,1,體育,必修
2043011,體育[男]—游泳初級,1,體育,必修
2062021,體育[女]—羽球初級,1,體育,必修
2062051,體育[女]—羽球初級,1,體育,必修
2071011,體育[女]—籃球初級,1,體育,必修
2083001,體育[女]—重量訓練,1,體育,必修
2097011,體育[女]—排球初級,1,體育,必修
2097031,體育[女]—排球初級,1,體育,必修
2112001,體育[女]—女體適能,1,體育,必修
2303011,體育[男女合班]—桌球初級,1,體育,必修
2303071,體育[男女合班]—桌球初級,1,體育,必修
2305011,體育[男女合班]—慢速壘球初級,1,體育,必修
2305021,體育[男女合班]—慢速壘球初級,1,體育,必修
2311001,體育[男女合班]—足球初級,1,體育,必修
2328001,體育[男女合班]—足球中級,1,體育,必修
2335021,體育[男女合班]—桌球中級,1,體育,必修
2335031,體育[男女合班]—桌球中級,1,體育,必修
2340011,體育[男女合班]—網球中級,1,體育,必修
2341011,體育[男女合班]—彼拉提斯墊上技巧,1,體育,必修
2346001,體育[男女合班]—鐵人三項初級,1,體育,必修
2347001,體育[男女合班]—健走,1,體育,必修
2347021,體育[男女合班]—健走,1,體育,必修
2359001,體育[男女合班]—熱力有氧初級,1,體育,必修
2361011,體育[男女合班]—籃球初級,1,體育,必修
2361021,體育[男女合班]—籃球初級,1,體育,必修
2366061,體育[男女合班]—羽球初級,1,體育,必修
2367001,體育[男女合班]—慢速壘球中級,1,體育,必修
2368011,體育[男女合班]—定向越野,1,體育,必修
2372001,體育[男女合班]—國際標準舞初級（捷舞、華爾滋）,1,體育,必修
2373001,體育[男女合班]—田徑,1,體育,必修
2373011,體育[男女合班]—田徑,1,體育,必修
2377001,體育[男女合班]—綜合體能訓練,1,體育,必修
2378001,體育[男女合班]—五人制足球,1,體育,必修
2380001,體育[男女合班]—民俗體育,1,體育,必修
2380011,體育[男女合班]—民俗體育,1,體育,必修
2381001,體育[男女合班]—匹克球初級,1,體育,必修
2381011,體育[男女合班]—匹克球初級,1,體育,必修
2384001,體育[男女合班]—桌球高級,1,體育,必修
2012011,體育[男]—羽球初級,1,體育,必修
2021021,體育[男]—籃球初級,1,體育,必修
2051001,體育[男]—羽球中級,1,體育,必修
2062031,體育[女]—羽球初級,1,體育,必修
2065011,體育[女]—桌球初級,1,體育,必修
2065021,體育[女]—桌球初級,1,體育,必修
2071021,體育[女]—籃球初級,1,體育,必修
2112011,體育[女]—女體適能,1,體育,必修
2115001,體育[女]—羽球中級,1,體育,必修
2151001,體育[女]—排球中級,1,體育,必修
2301021,體育[男女合班]—網球初級,1,體育,必修
2303031,體育[男女合班]—桌球初級,1,體育,必修
2303041,體育[男女合班]—桌球初級,1,體育,必修
2305031,體育[男女合班]—慢速壘球初級,1,體育,必修
2311011,體育[男女合班]—足球初級,1,體育,必修
2311041,體育[男女合班]—足球初級,1,體育,必修
2325011,體育[男女合班]—排球中級,1,體育,必修
2327011,體育[男女合班]—排球初級,1,體育,必修
2334001,體育[男女合班]—排球高級,1,體育,必修
2335001,體育[男女合班]—桌球中級,1,體育,必修
2337011,體育[男女合班]—羽球中級,1,體育,必修
2339001,體育[男女合班]—木球初級,1,體育,必修
2341001,體育[男女合班]—彼拉提斯墊上技巧,1,體育,必修
2344001,體育[男女合班]—土風舞初級,1,體育,必修
2345001,體育[男女合班]—拳擊,1,體育,必修
2345011,體育[男女合班]—拳擊,1,體育,必修
2362011,體育[男女合班]—瑜珈初級,1,體育,必修
2366011,體育[男女合班]—羽球初級,1,體育,必修
2366021,體育[男女合班]—羽球初級,1,體育,必修
2368001,體育[男女合班]—定向越野,1,體育,必修
2369001,體育[男女合班]—現代舞初級,1,體育,必修
2383001,體育[男女合班]—羽球高級,1,體育,必修
2008001,體育[男女合班]—健康體適能,1,體育,必修
2008011,體育[男女合班]—健康體適能,1,體育,必修
2021011,體育[男]—籃球初級,1,體育,必修
2021031,體育[男]—籃球初級,1,體育,必修
2062011,體育[女]—羽球初級,1,體育,必修
2081021,體育[女]—有氧耐力,1,體育,必修
2081031,體育[女]—有氧耐力,1,體育,必修
2097021,體育[女]—排球初級,1,體育,必修
2154001,體育[女]—游泳初級（蛙泳）,1,體育,必修
2301001,體育[男女合班]—網球初級,1,體育,必修
2301031,體育[男女合班]—網球初級,1,體育,必修
2303061,體育[男女合班]—桌球初級,1,體育,必修
2305001,體育[男女合班]—慢速壘球初級,1,體育,必修
2311021,體育[男女合班]—足球初級,1,體育,必修
2311031,體育[男女合班]—足球初級,1,體育,必修
2312001,體育[男]—男體適能,1,體育,必修
2325001,體育[男女合班]—排球中級,1,體育,必修
2327001,體育[男女合班]—排球初級,1,體育,必修
2329001,體育[男]—籃球中級,1,體育,必修
2337001,體育[男女合班]—羽球中級,1,體育,必修
2338001,體育[男女合班]—游泳中級,1,體育,必修
2339011,體育[男女合班]—木球初級,1,體育,必修
2339021,體育[男女合班]—木球初級,1,體育,必修
2340021,體育[男女合班]—網球中級,1,體育,必修
2341021,體育[男女合班]—彼拉提斯墊上技巧,1,體育,必修
2343001,體育[男女合班]—橄欖球初級,1,體育,必修
2343011,體育[男女合班]—橄欖球初級,1,體育,必修
2347011,體育[男女合班]—健走,1,體育,必修
2350001,體育[男女合班]—武術初級,1,體育,必修
2350011,體育[男女合班]—武術初級,1,體育,必修
2360021,體育[男女合班]—籃球中級,1,體育,必修
2362001,體育[男女合班]—瑜珈初級,1,體育,必修
2366001,體育[男女合班]—羽球初級,1,體育,必修
2366051,體育[男女合班]—羽球初級,1,體育,必修
2366071,體育[男女合班]—羽球初級,1,體育,必修
2372011,體育[男女合班]—國際標準舞初級（捷舞、華爾滋）,1,體育,必修
2374001,體育[男女合班]—田徑運動入門,1,體育,必修
2374011,體育[男女合班]—田徑運動入門,1,體育,必修
2378011,體育[男女合班]—五人制足球,1,體育,必修
2385001,體育[男女合班]—彼拉提斯墊上技巧中級,1,體育,必修
2005011,體育[特別班],1,體育,必修
3829011,全民國防教育軍事訓練—防衛動員,2,選修,
3829001,全民國防教育軍事訓練—防衛動員,2,選修,
3829021,全民國防教育軍事訓練—防衛動員,2,選修,
101002011,聲韻學,3,選修,
101005011,中國思想史,3,選修,
101008011,中國文學史,3,選修,
101019001,易經（周易）,3,選修,
101054001,專家詩,3,選修,
101055001,文心雕龍,3,選修,
101805001,華語的社會性與文化性,3,選修,
101875001,臺灣現代詩選讀,3,選修,
101001001,文字學,3,選修,
101001011,文字學,3,選修,
101005021,中國思想史,3,選修,
101025001,國學導讀,3,選修,
101025011,國學導讀,3,選修,
101046001,楚辭,3,選修,
101052001,古典小說選讀,3,選修,
101846001,台灣地方戲曲概說,3,選修,
101856001,電影文學,3,選修,
101002001,聲韻學,3,選修,
101003001,訓詁學,3,選修,
101003011,訓詁學,3,選修,
101013001,論語,3,選修,
101014001,孟子,3,選修,
101030001,文學批評,3,選修,
101040001,史記,3,選修,
101070001,台灣文學選讀,3,選修,
101785001,說文解字,3,選修,
101811001,類型電影研究,3,選修,
103006001,史學導論,3,選修,
103085001,宋元社會史專題,3,選修,
103089001,中國政治制度史,3,選修,
103233001,日本史,3,選修,
103234001,清代海洋貿易史專題,3,選修,
103249001,臺灣國際關係史,3,選修,
103250001,歐洲中世紀史,3,選修,
103088001,唐宋元繪畫史,3,選修,
103157001,西洋史學名著選讀專題,3,選修,
103173001,手稿史料專題,3,選修,
103185001,中國通史（上）,3,選修,
103253001,從全球史的角度看現代中國的發展,2,選修,
103053001,台灣史,3,選修,
103186001,世界通史（上）,3,選修,
103232001,南亞史,3,選修,
103251001,希臘化文化,3,選修,
103254001,中國歷史經典研讀,2,選修,
104002001,形上學,3,選修,
104115121,批判理論,3,選修,
104187111,明代哲學專題,3,選修,
104189111,密爾論自由與效益論,3,選修,
104006001,中國哲學史（一）,3,選修,
104007001,西洋哲學史（一）,3,選修,
104149111,康德 《判斷力批判》導讀,3,選修,
104188111,東亞哲學身體論,3,選修,
104743001,德國哲學專題：康德與費希特之間,2,選修,
104748001,康德美學概論,2,選修,
104068121,宗教哲學,3,選修,
104186111,柏拉圖對話錄：《泰阿泰德》,3,選修,
104761001,實踐哲學導論,3,選修,
100803001,史學導論,3,選修,
151547001,台韓現代小說專題,3,選修,
151601001,先秦道德與政治哲學議題（高階）,3,選修,
151625001,四書專題研究,3,選修,
151673001,甲骨卜辭文例專題研究,3,選修,
151677001,古典小說專題研究,3,選修,
151546001,型態與變奏：中國現代詩學（１９１１－１９４９）,1,選修,
151671001,唐宋傳記文學專題研究,3,選修,
151674001,清華簡研究（一）,2,選修,
151746001,民國文學專題：作家與文本,3,選修,
151606001,中國佛學專題研究,3,選修,
151670001,東亞漢文文學與文化,2,選修,
151672001,記憶‧認同‧權力：地景與空間的圖／文再現專題研究,3,選修,
151788001,神話與文學專題研究,3,選修,
153543001,近代中國環境史專題,3,選修,
153718001,明清都市文化史專題,3,選修,
153779001,當代中國史學專題討論,3,選修,
153500001,清朝與中央歐亞關係史專題,3,選修,
153514001,近代中國與周邊：翻譯及國制,1,選修,
153527001,晚清到日治初期台灣史研究專題,2,選修,
153501001,東亞現代史專題,3,選修,
153611001,近代中國對外關係史專題,3,選修,
153012001,研究實習,3,選修,
153499001,近代初期台灣史料選讀,2,選修,
153508001,檔案應用與歷史學實務專題,2,選修,
153509001,日治時期臺灣政治史,3,選修,
153512001,中美關係史專題討論,3,選修,
153648001,宋元的宗教與社會,3,選修,
153739001,中國與東南亞關係專題討論,2,選修,
154009001,哲學論文寫作,3,選修,
154293001,超驗論證,3,選修,
154297001,中國哲學工夫論的新近研究,3,選修,
154290001,東亞孟子學專題研究,2,選修,
154292001,梅洛龐蒂：交織與交錯,3,選修,
154296001,療癒現象學：此在分析,3,選修,
154287001,中觀思想初探,2,選修,
154289001,佛教形上學,3,選修,
154291001,費希特倫理學體系,3,選修,
154294001,海德格《對亞里斯多德的現象學詮釋》,3,選修,
154285001,文本、詮釋與行動,3,選修,
154286001,呂格爾的「佛洛伊德與哲學」研讀,3,選修,
154288001,德語詮釋學文本閱讀,3,選修,
154295001,先秦道德與政治哲學議題,3,選修,
155796001,科技文獻的過去、現在與未來,1,選修,
155810001,專題討論（一）,0,選修,
155837001,資訊服務專題,3,選修,
155M01001,圖書館身心障礙讀者服務,0.6,選修,
155807001,數位檔案加值應用,3,選修,
155809001,專題討論（二）,0,選修,
155M02001,紙質文件保存與修復,0.6,選修,
155820001,檔案學研究,3,選修,
155827001,企業檔案管理專題,3,選修,
156052001,比較宗教：歷史與主題,3,選修,
156682001,密教文獻選讀,3,選修,
156692001,晚明小說《封神演義》,3,選修,
156683001,大乘佛教經典研究,3,選修,
156684001,近現代靈性修行與靈性文本專題,3,選修,
156685001,臺灣道教史專題,3,選修,
156017001,宗教人類學,3,選修,
156049001,基督宗教：歷史與主題,3,選修,
156678001,越南佛教與一行禪師,3,選修,
156679001,文本、詮釋與行動,3,選修,
156680001,宗教與台灣社會,3,選修,
156734001,台灣民間信仰專題,3,選修,
156906001,宗教與全球化理論,3,選修,
158743001,清代臺灣社會史：民變專題研究,2,選修,
158847001,近代初期台灣史料選讀,2,選修,
158010001,台灣史學研究,3,選修,
158788001,近代日本的形成與發展,2,選修,
158008001,史學理論與方法,3,選修,
158745001,研究方法與指導Ｂ（文化學群）,2,選修,
158761001,檔案應用與歷史學實務專題,2,選修,
158813001,晚清到日治初期台灣史研究專題,2,選修,
158900001,日文史學名著選讀,2,選修,
158744001,中華民國在台灣與聯合國關係史專題研究,2,選修,
158746001,帝國學知與近代臺灣,1,選修,
158763001,日治時期臺灣政治史,3,選修,
158766001,近代初期台灣與東亞海洋史,2,選修,
158772001,戰後日台關係史,3,選修,
158874001,台灣民族主義發展史,2,選修,
158914001,戰後台灣經濟史專題,2,選修,
158932001,戰後台灣政治史專題,3,選修,
159845001,台灣新電影專題研究（二）,3,選修,
159835001,台灣文學與文化研究專題,3,選修,
159932001,台灣女性文學專題,3,選修,
159001001,台灣文學史史料學,3,選修,
159002001,文學研究方法論,3,選修,
159863001,台灣原住民族漢語文學專題：小說研究,3,選修,
159899001,台韓現代小說專題,3,選修,
161781001,華語語音教學研究,3,選修,
161834001,語用學專題,3,選修,
161933001,兒童語言習得,3,選修,
161749001,環太平洋語言：歷史，語言，社會與政治,3,選修,
161754001,國際華語文教育發展研究,3,選修,
161796001,語言測驗與評量,3,選修,
161836001,句法學,3,選修,
161001001,漢語語言學,3,選修,
161003001,華語文教學實習,3,選修,
161748001,應用對比語言學與英語教學和華語教學,3,選修,
161752001,社區移民華語教學與服務：理論與實務,3,選修,
161759001,華語文跨文化課程設計與研究,3,選修,
161816001,類型語言學,3,選修,
161916001,第二語言習得,3,選修,
161937001,研究方法與論文寫作,3,選修,
161753001,華語學習策略與教學,3,選修,
161779001,華語文教學法專題研討,3,選修,
161801011,華語教學理論與實踐,3,選修,
161841001,閱讀心理學,3,選修,
912834005,辭賦文類專題研究,3,選修,
912835005,禪宗專題研究,3,選修,
912913001,四書專題研究與教學,3,選修,
912851001,論文指導（一）,3,選修,
912833001,詩經研究,3,選修,
912836001,傳記文學專題研究與教學,3,選修,
912888001,語言與文化專題研究與教學,3,選修,
913934001,數位學術出版與應用,3,選修,
913941001,圖書館管理,3,選修,
913950001,資訊科技融入教學,2,選修,
913933001,資料探勘,3,選修,
913938001,數位圖書館與數位閱讀,3,選修,
913940001,資訊服務研討,3,選修,
913001001,圖書資訊學研討,3,選修,
155835001,資訊行為與資訊服務,3,選修,
155902001,國際檔案學,3,選修,
155M03001,學術論文寫作,1,選修,
156041001,宗教研究基本問題,3,選修,
156050001,亞洲宗教比較研究,3,選修,
158007001,研究方法與專題指導,2,選修,
160835001,語用學專題,3,選修,
160740001,應用對比語言學與英語教學和華語教學,3,選修,
160744001,華語學習策略與教學,3,選修,
160791001,兒童語言習得,3,選修,
160919001,第二語言習得,3,選修,
160741001,環太平洋語言：歷史，語言，社會與政治,3,選修,
160745001,國際華語文教育發展研究,3,選修,
160763011,華語教學理論與實踐,3,選修,
160779001,華語文教學法專題研討,3,選修,
160796001,語言測驗與評量,3,選修,
160759001,華語文跨文化課程設計與研究,3,選修,
160781001,華語語音教學研究,3,選修,
160817001,類型語言學,3,選修,
160843001,閱讀心理學,3,選修,
202819001,國際環境與能源專題,3,選修,
202827001,台日地域翻轉研究與跨國協作,3,選修,
202839001,選舉文宣企劃,3,選修,
202132001,西洋政治思想史,3,選修,
202842001,政治學實習,3,選修,
202104001,選舉與投票行為,3,選修,
202025001,自由、人權與市民社會,3,選修,
202135001,中國政治思想典籍導讀,3,選修,
202815001,公共演說,3,選修,
202122001,台灣政治史,3,選修,
202813001,台日跨國地域行動研究與協作,3,選修,
202838001,國際人權法,3,選修,
204808001,專題三：AI與倫理,3,選修,
204908001,教育與工作轉銜專題討論,3,選修,
204102001,社會運動,3,選修,
204811001,個人網絡,3,選修,
204007001,社會研究方法,4,選修,
204022001,社會階層,3,選修,
204040001,社會學資料處理,4,選修,
204806001,專題一：全球衛生治理,3,選修,
204810001,專題二：台灣近代史,3,選修,
204820001,專題一：科技、社會與爭議,3,選修,
204842001,應用社會學,4,選修,
204856001,現代視覺藝術與社會,3,選修,
204004011,社會統計,4,選修,
204101001,科技社會學,3,選修,
204767001,大眾文化論,2,選修,
204831001,地方創生：活化策略的方法與實踐,3,選修,
204861001,現代社會學名著導讀,3,選修,
204885001,藝術社會學,3,選修,
204M01001,社會學之眼（1）：馬內效應,0.6,選修,
204M02001,社會學之眼（2）：稟性美學的基礎,0.6,選修,
205009001,消費稅理論與制度,3,選修,
205021001,財務行政,3,選修,
205064001,微積分（一）,3,選修,
205846001,全球數位落差：科技巨擘、不平等及極化,3,選修,
205928001,審計學（一）,3,選修,
205061001,經濟數學（一）,3,選修,
205850001,永續發展與企業社會責任,3,選修,
205858001,稅務個案實習,3,選修,
205000001,外語能力檢定,0,選修,
205007001,財產稅理論與制度,3,選修,
205008001,所得稅理論與制度,3,選修,
205062001,租稅法（一）,3,選修,
205065001,統計學（一）,3,選修,
205871001,所得稅問題,3,選修,
205873001,成本效益分析,3,選修,
205062011,租稅法（一）,3,選修,
205064011,微積分（一）,3,選修,
205847001,國際租稅法,3,選修,
205915001,能源經濟管理導論,3,選修,
205935001,行政法,3,選修,
206033001,公共政策,2,選修,
206048001,政府預算與財政,3,選修,
206052001,行政統計學,3,選修,
206901001,政策行銷,3,選修,
206005001,行政法,2,選修,
206050001,行政學,2,選修,
206070001,研究設計與方法,3,選修,
206075001,組織理論與管理,3,選修,
206814001,專案管理,2,選修,
206855001,政治經濟學,2,選修,
206867001,願景管理,3,選修,
206M02001,政府數位轉型基礎篇（微學分課程）,0.4,選修,
207742001,國際間財產利用,2,選修,
207781001,土地制度史,3,選修,
207957001,規劃實務（二）實習,0,選修,
207959001,規劃實務（一）實習,0,選修,
207009001,都市計畫,3,選修,
207020001,不動產概論,3,選修,
207056001,地圖學,3,選修,
207086001,地理資訊科學,3,選修,
207738001,法學入門,2,選修,
207761001,土地重劃,3,選修,
207938001,建築學概論,2,選修,
207038001,公共設施計畫,2,選修,
207054001,大地測量學,3,選修,
207071001,都市土地使用計畫,2,選修,
207074001,測量學及實習,4,選修,
207103001,都市計畫法規,2,選修,
207745001,國土規劃,3,選修,
207751001,空間決策,3,選修,
207770001,物件導向程式設計,3,選修,
207792001,數值製圖,3,選修,
207804001,幾何大地測量,3,選修,
207009021,都市計畫,3,選修,
207029001,規劃實務（二）,4,選修,
207044001,規劃實務（一）,3,選修,
207078001,航空攝影測量學及實習,3,選修,
207087001,電腦繪圖與地理資訊系統,2,選修,
207099001,測量平差法（二）,2,選修,
207740001,不動產爭訟實務,3,選修,
207746001,不動產個案分析,3,選修,
207765001,住宅問題與政策,3,選修,
207786001,不動產財務分析,3,選修,
207854001,土地稅,3,選修,
207886001,不動產估價實務研習,3,選修,
207933001,海洋測量,3,選修,
208002001,微積分,3,選修,
208020001,國際貿易,3,選修,
208789001,產業經濟學—賽局應用,3,選修,
208872001,賽局理論入門,3,選修,
208768001,總體經濟情勢分析與展望,2,選修,
208019001,計量經濟學（一）,3,選修,
208769001,跨境數位貿易,3,選修,
208785001,不確定性下的選擇,3,選修,
208945001,環境經濟學,3,選修,
208771001,人生經濟學,3,選修,
208772001,產業分析,3,選修,
208773001,共享經濟與零工經濟,3,選修,
208799001,總體經濟分析,2,選修,
208770001,創新管理與數位轉型,3,選修,
209001001,民族學,3,選修,
209055001,民族語言學概論,3,選修,
209057001,滿語,2,選修,
209058001,藏語,2,選修,
209619001,人文視野下的西藏宗教與社會研究專題,3,選修,
209730001,聲音人類學,3,選修,
209755001,民族政治社會制度,2,選修,
209756001,博物館學,3,選修,
209003001,中國民族史,3,選修,
209025001,民族藝術,3,選修,
209029001,台灣民族誌,3,選修,
209043001,台灣原住民語言—泰雅語,2,選修,
209050001,台灣原住民語言—賽德克語,2,選修,
209061001,民族宗教,3,選修,
209618001,修復專案企劃與管理概論,2,選修,
209693001,蒙古社會與文化,2,選修,
209745001,博物館管理與經營,2,選修,
209060001,維吾爾語,2,選修,
209102001,蒙古語：傳統蒙文,2,選修,
209605001,社區移民華語教學與服務：理論與實務,3,選修,
209615001,民族發展專題：原住民生態知識與自然資源管理,3,選修,
209654001,中東民族專題,3,選修,
209678001,現代韃靼語（一）,2,選修,
209743001,台灣考古,3,選修,
252019001,社會科學統計方法,3,選修,
252692001,台日地域翻轉研究與跨國協作,3,選修,
252695001,兩岸政教關係,3,選修,
252739001,中共政治發展,3,選修,
252847001,選民行為專題,3,選修,
252952001,社會科學統計方法實習,0,選修,
252003001,政治學方法論,3,選修,
252682001,台日跨國地域行動研究與協作,3,選修,
252685001,國際環境與能源專題,3,選修,
252708001,自由、人權與市民社會,3,選修,
252020001,中國政治思想主要課題,3,選修,
252683001,羅爾斯的政治哲學,3,選修,
252691001,研究方法論,3,選修,
252703001,近代政治思想專題,3,選修,
252730001,選舉文宣企劃,3,選修,
252734001,政治學實習,3,選修,
252782001,德國統一前後之研究,3,選修,
252799001,中共政經改革,3,選修,
252802001,全球化政治,3,選修,
252819001,國際人權法,3,選修,
252864001,西洋政治思想名著研讀指導,3,選修,
252914001,拉丁美洲政府與政治,3,選修,
254005001,統計方法與分析,3,選修,
254022001,全球化與國際移民,3,選修,
254136001,當代台灣原住民人口及巨量資料研究專題,3,選修,
254775001,個人網絡,3,選修,
254854001,統計分析導論,3,選修,
254033001,現代與後現代專題討論,3,選修,
254088001,當代社會研究與思辨,1,選修,
254773001,專題二：台灣近代史,3,選修,
254774001,專題三：AI與倫理,3,選修,
254865001,現代社會學名著導讀,3,選修,
254M01001,社會學之眼（1）：馬內效應,0.6,選修,
254031001,家庭社會學專題討論,3,選修,
254040001,經濟社會學專題討論,3,選修,
254772001,專題一：全球衛生治理,3,選修,
254776001,專題一：科技、社會與爭議,3,選修,
254M02001,社會學之眼（2）：稟性美學的基礎,0.6,選修,
255031011,個體經濟分析,3,選修,
255042001,國際租稅,3,選修,
255836001,貿易政策,3,選修,
255033011,總體經濟分析,3,選修,
255034001,計量經濟學（一）,3,選修,
255823001,國際租稅法,3,選修,
255873001,公共政策與財政專題研究,3,選修,
255822001,全球數位落差：科技巨擘、不平等及極化,3,選修,
255826001,稅務行政,3,選修,
255858001,應用計量分析—中國財政研究,3,選修,
256003001,行政組織與管理,3,選修,
256027001,質性研究法,3,選修,
256666001,大中華地區公民社會與社會發展研究,2,選修,
256667001,當代社會問題和政策解決方案,3,選修,
256677001,氣候與環境治理專題研究,3,選修,
256680001,系統思考與決策分析,3,選修,
256684001,地理資訊系統與社會科學,3,選修,
256694001,公共行政與災害防救,3,選修,
256717001,公共政策理論與運用,3,選修,
256766001,基礎統計學,3,選修,
256816001,政府績效管理,2,選修,
256027011,質性研究法,3,選修,
256673001,兩岸公共政策比較研究,3,選修,
256710001,科技風險與環境政策,3,選修,
256745001,行政組織實地研究,3,選修,
256768001,多變量統計分析,3,選修,
256003011,行政組織與管理,3,選修,
256678001,公共領導與民主創新,3,選修,
257711001,國土規劃,3,選修,
257718001,不動產市場計量經濟分析,3,選修,
257720001,空間決策,3,選修,
257722001,綠色建築與智慧生態社區,3,選修,
257729001,獨立研究（一）,2,選修,
257750001,土地法研究（一）,3,選修,
257760001,土地法制經濟之研究,3,選修,
257765001,空間分析,3,選修,
257878001,研究方法,3,選修,
257713001,國際間財產利用,2,選修,
257725001,不動產交易法專題研究（一）,3,選修,
257735001,不動產金融與資產投資,3,選修,
257786001,測量平差法特論,3,選修,
257791001,土地使用與運輸專題研究,3,選修,
257712001,不動產爭訟實務,3,選修,
258003001,總體經濟理論（一）,3,選修,
258705001,總體經濟分析,2,選修,
258706001,應用計量與R語言,3,選修,
258708001,管理經濟,3,選修,
258719001,環境與資源經濟學（三）：成本效益分析,3,選修,
258731001,演化經濟學,3,選修,
258762001,應用計量: 個體專題研究（一）,3,選修,
258854001,數量方法,3,選修,
258941001,貨幣經濟學（四）,3,選修,
258001001,個體經濟理論（一）,3,選修,
258703001,總體經濟情勢分析與展望,2,選修,
258749001,經濟問題研討（一）,1,選修,
258914001,產業經濟學（一）,3,選修,
258930001,勞動經濟學（三）,3,選修,
258007011,經濟計量學（一）,3,選修,
258704001,勞動經濟學（三）：勞動經濟實證專題,3,選修,
258712001,金融風險管理,3,選修,
258720001,環境與資源經濟學（二）：能源經濟與政策,3,選修,
258932001,勞動經濟學（一）,3,選修,
258934001,國際金融（三）,3,選修,
259530001,聲音人類學,3,選修,
259624001,台灣原住民民族史研究--日治末期到光復,2,選修,
259661001,社區移民華語教學與服務：理論與實務,3,選修,
259668001,民族發展專題：原住民生態知識與自然資源管理,3,選修,
259672001,人文視野下的西藏宗教與社會研究專題,3,選修,
259745001,台灣考古,3,選修,
259057001,民族學理論,3,選修,
259595001,民族文學研究,3,選修,
259709001,中東民族專題,3,選修,
259018001,民族學方法（I）,2,選修,
259681001,當代中國專題：遷徙、勞動與數位媒體,3,選修,
261879001,人性與存有：民族誌與人類學觀點,3,選修,
261924001,發展援助專題,3,選修,
261897001,應用個體經濟,3,選修,
261922001,東南亞政治發展,3,選修,
261105001,量化研究法,3,選修,
261858001,台灣的變遷與發展：歷史觀點,3,選修,
262807001,勞動契約法專題研究（三）,2,選修,
262867001,勞動意識與媒體呈現,3,選修,
262914001,勞動社會學專題研究（一）,2,選修,
262012001,勞動事務實習：勞資關係（二）,1,選修,
262800001,勞資爭議處理法專題研究（一）,2,選修,
262837001,勞動生產力與企業策略專題研究,2,選修,
262935001,工會法專題研究,2,選修,
262002001,勞動法學專題研究,3,選修,
262010001,勞動事務實習：勞動市場（二）,1,選修,
262025001,勞資關係論文專題研究,3,選修,
262802001,勞動基金運用管理專題研究,2,選修,
262937001,國際勞動基準專題研究,2,選修,
264014001,社會工作研究法,3,選修,
264015001,社會工作實習,3,選修,
264015011,社會工作實習,3,選修,
264910001,青少年社會工作,3,選修,
264101001,社會政策與社會立法專題,3,選修,
264884001,兒少福利專題,3,選修,
264898001,方案設計與評估,3,選修,
264925001,優勢觀點社會工作,3,選修,
264001001,社會工作理論與實務,3,選修,
264878001,國際遷移與照顧,3,選修,
264897001,性別與社會福利政策,3,選修,
264900001,後現代社會工作,3,選修,
266007001,應用計量經濟學,3,選修,
266861001,專題一：全球衛生治理,3,選修,
266871001,兩岸與東亞的區域發展,3,選修,
266913001,中國經濟發展,3,選修,
266941001,所得稅問題,3,選修,
266006001,研究方法論,3,選修,
266862001,人性與存有：民族誌與人類學觀點,3,選修,
266863001,跨境數位貿易,3,選修,
266866001,共享經濟與零工經濟,3,選修,
266883001,民族學理論,3,選修,
266885001,中國政治經濟發展,3,選修,
266901001,勞動經濟學（三）,3,選修,
266002001,應用個體經濟,3,選修,
266859001,勞動經濟學（三）：勞動經濟實證專題,3,選修,
266860001,全球數位落差：科技巨擘、不平等及極化,3,選修,
266864001,創新管理與數位轉型,3,選修,
266888001,空間決策,3,選修,
266898001,環境經濟學,3,選修,
266912001,貿易政策,3,選修,
266922001,國際金融市場現況分析,3,選修,
266931001,統計分析導論,3,選修,
266940001,不動產金融與資產投資,3,選修,
267006001,原住民族土地（保留地／傳統領域）相關法規與實務分析,3,選修,
267001001,研究方法與個案分析,3,選修,
267002001,行政法,3,選修,
267945001,國土空間計畫法制,3,選修,
921025011,社會科學研究方法（一）：量化研究方法,3,選修,
921031001,領導願景與利他價值,3,選修,
921033001,政策分析與管理,3,選修,
921039001,研究設計與論文實作,3,選修,
921040001,公共關係與危機管理,3,選修,
921802001,政策評估與績效分析,3,選修,
921811001,跨域治理,3,選修,
921026001,社會科學研究方法（二）：質化研究方法,3,選修,
921039021,研究設計與論文實作,3,選修,
921813001,比較勞動關係與政策,3,選修,
921815011,人力資源與組織發展,3,選修,
921816001,國際經貿發展與全球化,3,選修,
921819001,社會創新與公民社會,3,選修,
921031011,領導願景與利他價值,3,選修,
921031021,領導願景與利他價值,3,選修,
921033011,政策分析與管理,3,選修,
921039011,研究設計與論文實作,3,選修,
921039031,研究設計與論文實作,3,選修,
921803001,人力資本經濟學,3,選修,
921814001,社會企業專題,3,選修,
921815001,人力資源與組織發展,3,選修,
921817001,財政與貨幣政策,3,選修,
921818001,社會資本與地方創生,3,選修,
921833001,比較社會政策,3,選修,
923876001,量化分析方法與城鄉研究,3,選修,
923882001,永續與共享城市,3,選修,
923946001,成長管理專題研究,3,選修,
923949001,不動產估價專題研究,3,選修,
923900001,空間分析,3,選修,
923908001,不動產金融研究,3,選修,
923930001,土地使用管制專題研究,3,選修,
923937001,GPS定位測量專題研究,3,選修,
923879001,不動產交易管理與法律專題研究（一）,3,選修,
923893001,農地、共用資源與農村發展專題研究,3,選修,
923919001,規劃理論專題研究,3,選修,
923933001,地理資訊系統總論,3,選修,
926844001,民族學理論,3,選修,
926850001,中國政治經濟發展,3,選修,
926851001,當代中國專題：遷徙、勞動與數位媒體,3,選修,
926852001,混合政體：東南亞的民主挑戰,3,選修,
926893001,中國經濟發展,3,選修,
926026001,社會科學研究方法,3,選修,
926843001,專題一：全球衛生治理,3,選修,
926845001,塑造世界秩序的現實主義,3,選修,
926846001,全球變遷下的亞洲安全,3,選修,
926847001,地理資訊系統與社會科學,3,選修,
926853001,專題一：人類世與地緣政治,3,選修,
926866001,亞太區域安全研究專題,3,選修,
926904001,中國大陸的政治發展,3,選修,
926930001,統計分析導論,3,選修,
926949001,兩岸與東亞的區域發展,3,選修,
926848001,發展援助專題,3,選修,
926849001,人性與存有：民族誌與人類學觀點,3,選修,
926854001,國際環境與能源專題,3,選修,
926855001,亞太的永續發展經驗,3,選修,
926869001,亞太人類學,3,選修,
926870001,亞太政治經濟,3,選修,
252101001,經驗政治理論與方法,3,選修,
252102001,政治思想與方法,3,選修,
252103001,比較政治理論與方法,3,選修,
255021001,高等個體經濟學（一）,3,選修,
255023001,高等總體經濟學（一）,3,選修,
255045001,公共支出理論,3,選修,
255029001,專題研討,0,選修,
256025001,高等量化資料分析,3,選修,
256028001,行政組織與管理理論研究,3,選修,
258013001,進階總體經濟分析,3,選修,
258743001,經濟問題研討（七）,1,選修,
258008001,進階個體經濟分析,3,選修,
259053001,民族學專題研究,3,選修,
264011001,社會福利理論專題,3,選修,
265002001,研究方法論,3,選修,
265790001,外交決策比較,3,選修,
265793001,中國經濟發展,3,選修,
265808001,兩岸公共政策比較研究,3,選修,
265818001,當代中國專題：遷徙、勞動與數位媒體,3,選修,
265829001,全球變遷下的亞洲安全,3,選修,
265838001,國際關係與政治哲學,3,選修,
265930011,獨立研究,3,選修,
265933001,統計分析導論,3,選修,
265791001,塑造世界秩序的現實主義,3,選修,
265792001,兩岸與東亞的區域發展,3,選修,
265806001,亞太政治經濟,3,選修,
265816001,中國大陸的政治發展,3,選修,
265817001,中國政治經濟發展,3,選修,
265827001,地理資訊系統與社會科學,3,選修,
265001001,亞太區域發展,3,選修,
265794001,人性與存有：民族誌與人類學觀點,3,選修,
265805001,亞太區域安全研究專題,3,選修,
265828001,民族學理論,3,選修,
265842001,發展援助專題,3,選修,
265849001,比較政治理論與方法,3,選修,
300763001,數位跨國商業專案（二）,1,選修,
300784001,服務學習專業課程－指南服務團－社會服務與學習（二）,1,選修,
300855001,組織行為,3,選修,
300907001,個體經濟學,3,選修,
300907021,個體經濟學,3,選修,
300922001,風險管理,3,選修,
300008001,商業分析：SAS / R應用,3,選修,
300010001,商業分析：人力資源數據分析與自動化,3,選修,
300781001,設計思考與人工智慧,3,選修,
300785001,服務學習專業課程－指南服務團－社會服務與學習（一）,1,選修,
300798001,人工智慧與商業應用,3,選修,
300807001,迴歸分析（一）,3,選修,
300869001,國際金融,3,選修,
300878001,資訊管理,3,選修,
300901001,進階個體經濟學,3,選修,
300905011,貨幣銀行學,3,選修,
300906011,總體經濟學,3,選修,
300907011,個體經濟學,3,選修,
301032001,國際企業管理,3,選修,
301037001,國際金融,3,選修,
301045001,國際貿易實務,3,選修,
301778001,網路貿易模擬,3,選修,
301780001,菁英商務英語: 提案與談判技巧,2,選修,
301812001,衍生性金融商品,3,選修,
301820001,實用投資管理,3,選修,
301840001,固定收益證券：分析與創新,3,選修,
301867001,菁英商務英語：簡報與演說技巧,2,選修,
301033001,國際行銷管理,3,選修,
301034001,國際財務管理,3,選修,
301036001,國貿理論與政策,3,選修,
301036011,國貿理論與政策,3,選修,
301037011,國際金融,3,選修,
301044001,國際買賣法,3,選修,
301779001,菁英商務英語: 團隊領導與商務社交技巧,2,選修,
301789001,金融時間序列分析,3,選修,
301809001,全球行銷專題,3,選修,
301818001,國際金融法專題（一）,3,選修,
301846001,財務報表分析,3,選修,
301869001,投資學,3,選修,
301040001,國際經貿法,3,選修,
301810001,數位行銷,3,選修,
301896001,新興市場開發與分析,2,選修,
301935001,國際投資,3,選修,
302033001,衍生性商品,3,選修,
302034021,貨幣銀行學,3,選修,
302784001,ESG／永續金融：責任投資，綠色融資與綠色保險,3,選修,
302791001,金融計算程式運用（二）,2,選修,
302805001,金融科技專題研究,3,選修,
302901001,金融市場,3,選修,
303013001,稅務法規,3,選修,
303022001,審計學（二）,3,選修,
303022011,審計學（二）,3,選修,
303033011,高級會計學（一）,3,選修,
303042001,會計資訊系統（一）,3,選修,
303042011,會計資訊系統（一）,3,選修,
303818011,資料科學核心技術專題,3,選修,
303839001,策略價值管理－企業實作,3,選修,
303841001,財務報導目的之評價,3,選修,
303848001,大數據之基本常識及運用探討,3,選修,
303818001,資料科學核心技術專題,3,選修,
303830011,商業資料分析基礎：Python （一）,3,選修,
303963011,審計學（二）實習,0,選修,
303019001,財務報表分析,3,選修,
303033001,高級會計學（一）,3,選修,
303043001,電腦審計,1,選修,
303830001,商業資料分析基礎：Python （一）,3,選修,
303847001,策略管理,2,選修,
303854001,全球化趨勢下之會計專業新視界,3,選修,
303013011,稅務法規,3,選修,
303043011,電腦審計,1,選修,
303043021,電腦審計,1,選修,
303843001,會計實務與法律專題研究（一）,2,選修,
303850001,投資自己成為會計達人：黃金產業面面觀,3,選修,
303890001,政府會計,3,選修,
304851001,品質管制系統,3,選修,
304843001,從資料學習,2,選修,
304021011,抽樣調查方法,3,選修,
304022011,變異數分析與實驗設計,3,選修,
305049011,管理科學,3,選修,
305640001,企業併購實例研習（一）,3,選修,
305021001,組織行為,3,選修,
305051001,策略管理,3,選修,
305051011,策略管理,3,選修,
305684001,整合行銷溝通,3,選修,
305747001,人力資源管理研討,3,選修,
305765001,職場健康心理學,3,選修,
305866001,行銷研究,3,選修,
305903001,勞工問題研究,3,選修,
305000001,外語能力檢定,0,選修,
305021011,組織行為,3,選修,
305049001,管理科學,3,選修,
305052001,營運與供應鏈管理,3,選修,
305052011,營運與供應鏈管理,3,選修,
305681001,商業分析：人力資源數據分析與自動化,3,選修,
305750001,產業新趨勢之商業模式開發：循環經濟,1,選修,
305928001,管理實務個案研討,3,選修,
305M01001,供應鏈與服務策略,0.4,選修,
306007011,企業資料通訊,3,選修,
306016001,資訊系統專案設計,3,選修,
306016013,資訊系統專案設計,3,選修,
306016021,資訊系統專案設計,3,選修,
306016031,資訊系統專案設計,3,選修,
306016043,資訊系統專案設計,3,選修,
306016051,資訊系統專案設計,3,選修,
306016053,資訊系統專案設計,3,選修,
306045001,產銷資訊系統,3,選修,
306047001,資訊管理,3,選修,
306047011,資訊管理,3,選修,
306752001,新媒體科技文明,3,選修,
306016003,資訊系統專案設計,3,選修,
306049001,程式設計一,2,選修,
306725001,文字探勘與商業應用,3,選修,
306005001,計算機概論,2,選修,
306007001,企業資料通訊,3,選修,
306009001,系統分析與設計,3,選修,
306013001,資料結構,3,選修,
306016011,資訊系統專案設計,3,選修,
306016023,資訊系統專案設計,3,選修,
306016033,資訊系統專案設計,3,選修,
306016041,資訊系統專案設計,3,選修,
306734001,卷積神經網路與視覺識別,3,選修,
307844001,幸福人生個人投資理財,3,選修,
307865001,證券分析,3,選修,
307870001,投資組合管理,3,選修,
307890001,企業評價,3,選修,
307920001,國際投資,3,選修,
307033001,財務管理個案,3,選修,
307035001,衍生性金融商品,3,選修,
307861001,壽險經營管理實務講座,3,選修,
307907001,金控全方位人才實務,2,選修,
307874001,不動產投資,3,選修,
308002001,微積分,3,選修,
308020001,退休金制度管理與理財規劃,3,選修,
308041001,保險契約法,3,選修,
308868001,保險法案例演習,3,選修,
308003001,民法概要,2,選修,
308016001,人壽保險,3,選修,
308018001,再保險,3,選修,
308043001,精算數學,3,選修,
308866001,壽險經營管理實務講座,3,選修,
308931001,新金融商品設計,3,選修,
308951011,微積分實習,0,選修,
351907001,計量經濟學（一）,3,選修,
351026011,國際經貿法,3,選修,
351721001,國際併購,3,選修,
351736011,衍生性金融商品,3,選修,
351740001,策略行銷分析－全球觀點,3,選修,
351786001,財務經濟（一）,3,選修,
351028011,國際企業策略與管理,3,選修,
351733001,金融時間序列分析,3,選修,
351736001,衍生性金融商品,3,選修,
351753001,WTO專題研究:農業與環境,3,選修,
351766001,全球行銷專題,3,選修,
351775001,行銷管理,3,選修,
351806001,法學方法,3,選修,
351829001,國際投資,3,選修,
351909001,數量方法（一）,3,選修,
351916001,國際經濟法（一）,3,選修,
351027011,國際貿易與投資,3,選修,
351034001,國際金融法專題（一）,3,選修,
351716001,財務報表分析,3,選修,
351717001,國際投資法,3,選修,
351718001,數位行銷,3,選修,
351722001,財務實證專題,3,選修,
351727001,專案研究（四）,2,選修,
351946001,總體經濟理論（一）,3,選修,
352743001,ESG／永續金融：責任投資，綠色融資與綠色保險,3,選修,
352052001,金融計量,3,選修,
352058001,選擇權－評價與應用,3,選修,
352738001,貨幣政策與台灣經濟發展,3,選修,
352753001,金融計算程式運用（二）,2,選修,
352776001,金融科技專題研究,3,選修,
352797001,銀行經營管理,3,選修,
353765001,會計與新興趨勢專題,1,選修,
354001001,高等數理統計,3,選修,
354712001,無母數函數估計,3,選修,
354714001,統計諮詢,3,選修,
354719001,研究方法（一）,1,選修,
354745001,應用迴歸分析,3,選修,
354749001,研究方法（二）,1,選修,
354790001,類別資料分析,3,選修,
354770001,抽樣方法,3,選修,
354818001,從資料學習,2,選修,
354724001,品質管制系統,3,選修,
354923001,應用貝氏方法,3,選修,
356020001,決策科學,3,選修,
356021001,資料模式,3,選修,
356814001,進階創新科技技術,3,選修,
356360001,卷積神經網路與視覺識別,3,選修,
356361001,文字探勘與商業應用,3,選修,
356425001,數位媒體與行銷,3,選修,
356822001,行動商務與大數據管理,3,選修,
356008001,研究方法,3,選修,
357019001,財務管理個案研究,3,選修,
357028001,財務理論與政策,3,選修,
357907001,創業投資管理,3,選修,
357013001,計量經濟學,3,選修,
357041001,衍生性金融商品,3,選修,
357872001,金控全方位人才實務,2,選修,
357880001,不動產投資與財務,3,選修,
357889001,壽險經營管理實務講座,3,選修,
358003001,保險法,2,選修,
358067001,長壽風險與退休金專題,3,選修,
358805001,壽險經營管理實務講座,3,選修,
358016001,保險財務管理,3,選修,
358835001,保險財務管理專題研究,3,選修,
358022001,壽險數學,3,選修,
358031001,隨機模型建構與應用,3,選修,
358073001,保險業法令遵循專題,3,選修,
358075001,保險案例專題研究,3,選修,
358780001,保險公司IFRS、利率與匯率風險管理專題,3,選修,
358812001,大陸保險法專題,3,選修,
358039001,國際保險監理專題,3,選修,
358065001,保險實證研究方法,3,選修,
358074001,英美保險案例分析,3,選修,
358814001,金融控股公司法規與風險管理,3,選修,
358940011,保險學,2,選修,
363004001,商業數量方法,2,選修,
363010011,國際企業管理,3,選修,
363019001,職涯探索與發展,1,選修,
363885001,競爭與合作,2,選修,
363931001,企業專案研討（Ａ）,1,選修,
363010001,國際企業管理,3,選修,
363921001,企業專案研討（Ｄ）,1,選修,
363001001,團隊經營與領導,1,選修,
363005001,組織理論與管理,3,選修,
363005021,組織理論與管理,3,選修,
363006001,行銷管理,3,選修,
363006011,行銷管理,3,選修,
363006021,行銷管理,3,選修,
363008001,人力資源管理,3,選修,
363008021,人力資源管理,3,選修,
363015001,策略管理,3,選修,
363022011,營運與供應鏈管理,3,選修,
363022021,營運與供應鏈管理,3,選修,
363867001,商業決策分析入門,1,選修,
363868001,專利申請實務,1,選修,
363874001,商業營運的數據與決策分析,1,選修,
363884001,智能供應鏈：趨勢與運用,2,選修,
363897001,企業專案研討,1,選修,
363905001,公司財務決策,2,選修,
363920001,企業專案研討（Ｅ）,1,選修,
363933001,企業專案研討（Ｃ）,1,選修,
363948001,統計學,2,選修,
363950001,會計學,2,選修,
363002001,管理會計,2,選修,
363002011,管理會計,2,選修,
363004011,商業數量方法,2,選修,
363005011,組織理論與管理,3,選修,
363008011,人力資源管理,3,選修,
363016001,低碳時代企業永續發展研討,1,選修,
363022001,營運與供應鏈管理,3,選修,
363887001,產業投資評析之方法與實務,2,選修,
363932001,企業專案研討（Ｂ）,1,選修,
364081001,智慧資產診斷與運營,3,選修,
364782001,智慧財產、數位平台與競爭法,3,選修,
364818001,文化產業與智慧財產權專題實作（一）,1.5,選修,
364830001,市場與創新科技預測,3,選修,
364836001,人文創新與實踐,3,選修,
364005001,智慧財產權法,3,選修,
364073001,策略創新與企業成長,3,選修,
364071001,科技創新與智慧財產跨域實踐,2,選修,
364075001,著作權法律與管理,3,選修,
364082001,美國專利法與實務,3,選修,
364835001,專利分析,3,選修,
364870001,全面創新管理實務,3,選修,
364928001,智慧財產權法專題研究（三）,2,選修,
364939001,智財訴訟實務講座,2,選修,
364010011,企業概論,0,選修,
364065001,思考脈絡－創新採納與擴散,3,選修,
364776001,商業分析,3,選修,
364793001,專利法,2,選修,
364834001,營業秘密：法律與管理,2,選修,
933001001,會計學,3,選修,
933012001,傑出企業家講座,1,選修,
933916001,儒家思想與領導,3,選修,
933943001,中國企業與全球發展,3,選修,
933011001,商業數量方法,3,選修,
933865001,數位行銷,2,選修,
933866001,創業與新事業發展,2,選修,
933933001,企業實習,3,選修,
933005001,管理經濟學,3,選修,
933007001,企業社會責任與倫理,1,選修,
933013001,策略管理,3,選修,
933887001,策略與商業模式,3,選修,
933910001,營利模式專題,2,選修,
933920001,國際企業管理,3,選修,
351011001,國際商學專題研討（一）,2,選修,
351798001,國際企管研究方法,3,選修,
351864001,國際企業理論,3,選修,
351013001,國際商學專題研討（三）,2,選修,
352736001,外匯市場專題研討,3,選修,
352026001,金融專題研討,1,選修,
352057001,財務經濟學（二）,3,選修,
353070001,會計研究專題：薪酬差距,1,選修,
353811001,會計專題研討（一）,1,選修,
353071001,會計研究專題：影響目標設定因子之研究,1,選修,
353069001,會計研究專題：產業專家會計師的決定因素之研究,1,選修,
354015001,線性模式專題,3,選修,
354003001,數理統計專題,3,選修,
354715001,書報討論,1,選修,
355103001,質性與個案研究方法,2,選修,
355104001,數量方法商業應用,2,選修,
355517001,個案教學法：理論與實作,3,選修,
355732001,企業問題研討,3,選修,
355105001,商學理論發展,2,選修,
355519001,智慧電子化創新轉型,3,選修,
355526001,企業問題研討〈五〉,3,選修,
355532001,科技與創新管理,3,選修,
355582001,組織行為研討,3,選修,
355641001,國際企業理論,3,選修,
355642001,策略管理專題研討,3,選修,
355650001,行銷研究方法,3,選修,
355513001,行銷管理獨立研究－行銷科技,3,選修,
355514001,組織行為專題研討：本土研究,2,選修,
355583001,營運與供應鏈管理專題研討（四）,3,選修,
355749001,人力資源管理研討,3,選修,
356015001,進階創新科技技術,3,選修,
356103001,質性與個案研究方法,2,選修,
356372001,智慧電子化創新轉型,3,選修,
356003001,專題研討,1,選修,
356005001,資訊管理研究,3,選修,
356104001,數量方法商業應用,2,選修,
356373001,科技與創新管理,3,選修,
356105001,商學理論發展,2,選修,
356366001,個案教學法：理論與實作,3,選修,
357035001,財務學術研討（一）,1,選修,
357042001,財務理論研討（一）：離散時間模式,3,選修,
358781001,保險案例專題研究,3,選修,
358045011,大陸保險法專題,3,選修,
358066001,長壽風險與退休金專題,3,選修,
358040001,風險管理專題,3,選修,
358059001,金融控股公司法規與風險管理,3,選修,
358778001,英美保險案例分析,3,選修,
364041001,科技管理與智慧財產理論研討（三）,1,選修,
364078001,策略理論研討,3,選修,
364786001,智慧電子化創新轉型,3,選修,
364033011,質性研究方法研討,3,選修,
364039001,科技管理與智慧財產理論研討（一）,1,選修,
364103001,質性與個案研究方法,2,選修,
364024011,社會科學研究方法,3,選修,
364781001,個案教學法：理論與實作,3,選修,
364077001,創新經濟學研討,3,選修,
364104001,數量方法商業應用,2,選修,
364105001,商學理論發展,2,選修,
364106001,科技與創新管理,3,選修,
400909001,整合實驗中心實驗Ａ,1,選修,
400910001,整合實驗中心實驗Ｂ,1,選修,
400912001,整合實驗中心實驗,1,選修,
405003001,靜態影像設計,3,選修,
405003021,靜態影像設計,3,選修,
405004001,基礎影音製作,3,選修,
405008011,資料分析基礎與策略,3,選修,
405008021,資料分析基礎與策略,3,選修,
405008031,資料分析基礎與策略,3,選修,
405885001,網路數據分析,3,選修,
405887001,創意書寫,3,選修,
405899001,基礎程式設計,3,選修,
405932001,網路與親密關係,3,選修,
405004021,基礎影音製作,3,選修,
405876001,數位行銷企劃實務,3,選修,
405880001,國際傳播,3,選修,
405918001,傳播英文,3,選修,
405926001,攝影與文化,3,選修,
405003011,靜態影像設計,3,選修,
405004011,基礎影音製作,3,選修,
405008001,資料分析基礎與策略,3,選修,
405892001,傳播統計,3,選修,
405948011,紀實採寫,3,選修,
401116001,傳播學的想像,3,選修,
401117001,影音新聞深度報導,3,選修,
401126001,飲食，傳播與文化,3,選修,
401074001,大文山地方創生與文化傳播,2,選修,
401113001,新聞媒體實驗（一）,3,選修,
401128001,社交與行動媒體,3,選修,
401131001,媒介管理與溝通,3,選修,
401085001,雜誌編輯,3,選修,
401120001,進階新聞報導與族群／性別／階級,3,選修,
401130001,專業實習─機構實習（B）,1,選修,
401134001,新世代內容與媒介的探索及實作,3,選修,
402078001,專業實習,1,選修,
402084001,媒體溝通策略,3,選修,
402088001,數位行銷企劃實務,3,選修,
402092001,創意溝通專題,2,選修,
402080001,公共關係與公眾管理,3,選修,
402M01001,數位遊戲與傳播,0.4,選修,
402007001,廣告策略與企劃,3,選修,
402007011,廣告策略與企劃,3,選修,
402071001,廣告創意,3,選修,
402072001,視覺傳達設計,3,選修,
402075001,意象與繪圖,3,選修,
402089001,品牌行銷,3,選修,
402090001,數位行銷與科技魔法,3,選修,
402091001,行銷公關,3,選修,
403046001,聲音製作,3,選修,
403058001,表演學,3,選修,
403063001,媒體企劃,3,選修,
403075001,劇場設計,3,選修,
403077001,專業實習,1,選修,
403061001,影視寫作,3,選修,
403062011,影像製作,3,選修,
403069001,聲音藝術與錄音工程,2,選修,
403073001,獨立專題,3,選修,
403052001,媒介生態,3,選修,
403057001,電子媒介行銷,3,選修,
403062001,影像製作,3,選修,
403086001,數位媒體創意與實務,3,選修,
400878001,亞洲歷史與社會比較研究,1,選修,
400879001,亞際流行文化研究專題,1,選修,
400880001,亞洲民俗文化專題,1,選修,
400877001,亞洲政經趨勢研究,1,選修,
464801001,傳播理論與社會學,3,選修,
464861011,研究方法,3,選修,
464862001,傳播與文化專題：實踐與應用,3,選修,
464872001,公共關係理論與實務應用,3,選修,
464924001,品牌行銷專題研究,3,選修,
464874001,媒介政策與法規研究,3,選修,
464932001,言說分析,3,選修,
464935001,想像與書寫,3,選修,
464948001,運動、媒體與社會,3,選修,
464797001,社會傳播導向的大數據分析,3,選修,
464802001,媒體科技與創新法律,3,選修,
464803001,媒介與文化技術,3,選修,
464828001,媒介心理與閱聽人,3,選修,
464916001,專題：災難與傳播,3,選修,
464934001,性別與傳播科技,3,選修,
464947001,當代大眾傳播問題,3,選修,
464001001,傳播導論,1,選修,
464800001,網路內容產品策略與規劃,3,選修,
464804001,深度訪談法,3,選修,
464861021,研究方法,3,選修,
464861031,研究方法,3,選修,
464865001,新聞資訊與實踐,3,選修,
464906001,報導文學,3,選修,
464937001,專業實習,1,選修,
464939001,跨文化傳播專題,3,選修,
464946001,媒介社會學,3,選修,
461870001,深度新聞訪談,3,選修,
461002001,研究方法,3,選修,
461864001,公共關係理論與實務應用,3,選修,
461867001,全球酷文化,3,選修,
461876001,數位媒體與娛樂法,3,選修,
461888001,電子遊戲與社會,3,選修,
461003001,傳播理論,3,選修,
461872001,科學、媒體與公眾,3,選修,
462001001,設計理論與方法,3,選修,
462003001,創意研討Ａ,1,選修,
462005001,創意研討Ｃ,1,選修,
462891001,物聯網技術與應用,3,選修,
462892001,設計思考與人工智慧,3,選修,
462901001,影像後製與特效,3,選修,
462949001,多媒體網路,3,選修,
462M01001,實驗與統計法概述,0.6,選修,
462894001,互動裝置設計,3,選修,
941005001,媒介組織管理專題,3,選修,
941912001,公共關係專題：組織管理個案,3,選修,
941921001,社群媒體專題,3,選修,
941922001,廣告策略與管理,3,選修,
941945001,傳播與文化專題,3,選修,
941001001,資訊企畫與整合專題,3,選修,
941002001,訊息設計與呈現專題,3,選修,
941012001,獨立研究,3,選修,
463002001,傳播理論研究,3,選修,
463888001,媒介與文化技術,3,選修,
463889001,深度訪談法,3,選修,
463921001,跨文化傳播專題,3,選修,
463938001,言說分析,3,選修,
463939001,性別與傳播科技,3,選修,
463003001,學術志業導論,3,選修,
463893001,品牌行銷專題研究,3,選修,
463948001,運動、媒體與社會,3,選修,
463950001,媒介社會學,3,選修,
463949001,當代大眾傳播問題,3,選修,
501041031,寫作與閱讀（一）,3,選修,
501041051,寫作與閱讀（一）,3,選修,
501061001,英語口語訓練（三）：口語訓練與閱讀,3,選修,
501062001,英國文學：1600以前,3,選修,
501009011,英語語言學概論,3,選修,
501030001,美國文學1865以前,3,選修,
501061011,英語口語訓練（三）：口語訓練與閱讀,3,選修,
501061021,英語口語訓練（三）：口語訓練與閱讀,3,選修,
501776001,進階英文寫作：學術報告寫作,3,選修,
501827001,莎士比亞,3,選修,
501857001,進階英語口語訓練：商用,3,選修,
501009001,英語語言學概論,3,選修,
501019001,寫作與閱讀（二）,3,選修,
501019031,寫作與閱讀（二）,3,選修,
501019051,寫作與閱讀（二）,3,選修,
501057001,英語口語訓練（一）：口語訓練與聽力,3,選修,
501057011,英語口語訓練（一）：口語訓練與聽力,3,選修,
501057021,英語口語訓練（一）：口語訓練與聽力,3,選修,
501878001,發音語音學,3,選修,
501019021,寫作與閱讀（二）,3,選修,
501019041,寫作與閱讀（二）,3,選修,
501041011,寫作與閱讀（一）,3,選修,
501041021,寫作與閱讀（一）,3,選修,
501041041,寫作與閱讀（一）,3,選修,
501768001,英文字彙教學,3,選修,
502045001,阿拉伯語（三）,2,選修,
502114011,應用阿拉伯語（一）,3,選修,
502115011,應用阿拉伯語（二）,3,選修,
502114001,應用阿拉伯語（一）,3,選修,
502108001,阿拉伯語（二）,3,選修,
502111001,阿拉伯語語法（一）,2,選修,
502115001,應用阿拉伯語（二）,3,選修,
502122001,阿拉伯語聽力（二）,1,選修,
502124001,阿拉伯語（四）,2,選修,
502125001,媒體阿拉伯語,2,選修,
502127001,伊斯蘭阿拉伯世界概論：歷史與社會,2,選修,
502101001,阿拉伯語（一）,3,選修,
502101011,阿拉伯語（一）,3,選修,
502108011,阿拉伯語（二）,3,選修,
502126001,阿拉伯語語法（二）,2,選修,
502879001,古蘭經與聖訓,2,選修,
502942001,中東專題研究,3,選修,
504031021,中級俄語,3,選修,
504057011,高階俄語會話,1,選修,
504021001,初級俄語,3,選修,
504021011,初級俄語,3,選修,
504047001,應用俄語寫作,1,選修,
504056011,進階俄語會話,1,選修,
504057001,高階俄語會話,1,選修,
504096011,進階俄語語法,2,選修,
504021021,初級俄語,3,選修,
504031001,中級俄語,3,選修,
504031011,中級俄語,3,選修,
504047011,應用俄語寫作,1,選修,
504056001,進階俄語會話,1,選修,
504056021,進階俄語會話,1,選修,
504096001,進階俄語語法,2,選修,
506006021,日語會話演習（一）,4,選修,
506007001,中級日語,3,選修,
506009021,日語會話演習（二）,4,選修,
506010001,日文習作（一）,2,選修,
506010011,日文習作（一）,2,選修,
506010021,日文習作（一）,2,選修,
506011001,日文習作（二）,2,選修,
506017001,日本專題研究Ａ１：語言,2,選修,
506837001,日本文學與電影,2,選修,
506853001,日本文學史１,2,選修,
506864001,日語聽力（一）,2,選修,
506914001,日文教材教法與實習,2,選修,
506006011,日語會話演習（一）,4,選修,
506008001,高級日語,2,選修,
506009011,日語會話演習（二）,4,選修,
506011021,日文習作（二）,2,選修,
506018001,日本專題研究Ｂ１：文學,2,選修,
506836001,臺灣文化初探,2,選修,
506840001,日語表現與創作１,2,選修,
506842001,日本近現代大眾文化史,2,選修,
506863001,商務日語１,2,選修,
506006001,日語會話演習（一）,4,選修,
506009001,日語會話演習（二）,4,選修,
506011011,日文習作（二）,2,選修,
506019001,日本專題研究Ｃ１：歷史文化,2,選修,
506831001,日語語法１,2,選修,
506832001,日本研究入門：議題與方法,2,選修,
506833001,進階日譯中理論與實務１,2,選修,
506839001,日本社會與文化,2,選修,
506848001,日語主題討論與簡報訓練１,2,選修,
506910001,新聞日語１,2,選修,
507026001,初級韓國語,3,選修,
507028001,高級韓國語,3,選修,
507047001,韓語口說訓練（二）,3,選修,
507048001,韓語口說訓練（三）,3,選修,
507049001,韓語語法與應用,3,選修,
507050001,韓文寫作,3,選修,
507844001,韓國文化研究,2,選修,
507875001,韓國政治與民主化,2,選修,
507896001,高級韓國語語彙應用,2,選修,
507027001,中級韓國語,3,選修,
507046001,韓語口說訓練（一）,3,選修,
507046011,韓語口說訓練（一）,3,選修,
507048011,韓語口說訓練（三）,3,選修,
507819001,韓國近現代日常生活史,2,選修,
507822001,時事韓國語,3,選修,
507859001,韓國轉型正義電影評析,3,選修,
507891001,生活韓國語,2,選修,
507894001,韓國俗諺與民俗,2,選修,
507047011,韓語口說訓練（二）,3,選修,
507050011,韓文寫作,3,選修,
507820001,進階韓語聽力,2,選修,
507845001,韓文教材教法,2,選修,
507926011,商用韓語,2,選修,
508080001,土耳其語視聽與會話（二）,3,選修,
508080011,土耳其語視聽與會話（二）,3,選修,
508082001,土耳其語語法與寫作,2,選修,
508083001,土耳其語視聽與會話（四）,2,選修,
508085001,土耳其文史專題,3,選修,
508825001,土耳其建築與繪畫藝術,2,選修,
508835001,土耳其觀光與導遊實務,2,選修,
508888001,土耳其電影,2,選修,
508055001,大二土耳其語,3,選修,
508081001,土耳其語視聽與會話（三）,2,選修,
508819001,土耳其文化與觀光,2,選修,
508821001,跨語際溝通與談話技巧訓練,2,選修,
508822001,土耳其語正音,2,選修,
508924001,土耳其表演藝術,2,選修,
508M01001,土耳其，怪？不奇怪！,0.4,選修,
508865001,土耳其飲食文化,2,選修,
509004001,初級法文聽力會話,2,選修,
509006001,初級西文聽力會話,2,選修,
509008001,初級德文語法,2,選修,
509009001,初級西文語法,2,選修,
509014001,中級法文聽力會話,2,選修,
509017001,中級法文語法,2,選修,
509019001,中級西文語法,2,選修,
509025001,德國文化概論,2,選修,
509033001,進階西文聽力會話,2,選修,
509043001,法文翻譯實務,2,選修,
509048001,專業德文,2,選修,
509049001,專業西文,2,選修,
509058001,初級西文閱讀,2,選修,
509060001,初級德文應用,2,選修,
509065001,進階法文寫作,2,選修,
509886001,專業法文檢定訓練（B1）,2,選修,
509888001,德語系國家社會與文化概況,2,選修,
509895001,德語區現代藝術賞析,2,選修,
509906001,多媒體法文,2,選修,
509927001,法語系國家文化入門,2,選修,
509005001,初級德文聽力會話,2,選修,
509015001,中級德文聽力會話,2,選修,
509024001,法國文化概論,2,選修,
509031001,進階法文聽力會話,2,選修,
509032001,進階德文聽力會話,2,選修,
509040001,法國文學概論,2,選修,
509042001,西班牙文學概論,2,選修,
509044001,德文翻譯實務,2,選修,
509057001,初級德文閱讀,2,選修,
509059001,初級法文應用,2,選修,
509063001,中級德文閱讀,2,選修,
509064001,中級西文閱讀,2,選修,
509898001,中級德文作文（一）,2,選修,
509901001,初級德文語練（一）,2,選修,
509907001,中級西文作文,2,選修,
509918001,專業西文會話,2,選修,
509007001,初級法文語法,2,選修,
509016001,中級西文聽力會話,2,選修,
509018001,中級德文語法,2,選修,
509026001,西班牙文化概論,2,選修,
509041001,德國文學概論,2,選修,
509045001,西文翻譯實務,2,選修,
509047001,專業法文,2,選修,
509056001,初級法文閱讀,2,選修,
509061001,初級西文應用,2,選修,
509062001,中級法文閱讀,2,選修,
509066001,進階德文寫作,2,選修,
509067001,進階西文寫作,2,選修,
509885001,中級法文作文,2,選修,
509897001,商業德文,2,選修,
509916001,新聞西班牙文,2,選修,
509936001,德國語言與文化體驗,1,選修,
510009001,越語寫作,2,選修,
510011001,初級印尼語,3,選修,
510019001,越語聽力（二）,1,選修,
510027001,東南亞文化與英語口說及寫作 （Ⅰ）,3,選修,
510034001,初級印尼語語法,2,選修,
510038001,中級泰語,2,選修,
510044001,印尼語寫作,2,選修,
510046001,越語翻譯,2,選修,
510052001,高級越語會話,1,選修,
510904001,東南亞社會與文化中的基督宗教,3,選修,
510905001,中級越語,3,選修,
510924001,菲律賓和印尼近代史,2,選修,
510926001,中級泰語,3,選修,
510927001,中級印尼語,3,選修,
510001001,初級越語,2,選修,
510002001,初級越語會話,2,選修,
510012001,初級泰語,3,選修,
510016001,高級越語,2,選修,
510026001,初級越語語法,2,選修,
510029001,初級泰語,2,選修,
510031001,初級泰語語法,2,選修,
510033001,初級印尼語會話,2,選修,
510035001,初級越語,3,選修,
510039001,中級泰語會話,2,選修,
510040001,泰語寫作,2,選修,
510043001,中級印尼語會話,2,選修,
510048001,越語應用文寫作,2,選修,
510903001,中級印尼語語法,2,選修,
510906001,用電影理解泰國社會文化,2,選修,
510907001,越南佛教與一行禪師,3,選修,
510909001,印尼語閱讀（二）,2,選修,
510006001,中級越語,2,選修,
510007001,中級越語會話,2,選修,
510030001,初級泰語會話,2,選修,
510032001,初級印尼語,2,選修,
510036001,東南亞歷史文化,3,選修,
510042001,中級印尼語,2,選修,
510908001,越南文化史,3,選修,
510920001,印尼文化與社會,2,選修,
599794021,選修英文：學術聽說訓練,3,選修,
599796001,選修英文：職場溝通,3,選修,
599911001,大學外文（一）：葡萄牙文,3,選修,
599919001,大學外文（一）：滿語,2,選修,
599921001,大學外文（一）：藏語,2,選修,
599925001,大學外文（一）：維吾爾語,2,選修,
599795021,選修英文：英文寫作,3,選修,
599796011,選修英文：職場溝通,3,選修,
599869001,大學外文（一）：拉丁文,3,選修,
599923001,大學外文（一）：蒙古語,2,選修,
599793001,選修英文：閱讀與口語訓練,3,選修,
599793011,選修英文：閱讀與口語訓練,3,選修,
599794001,選修英文：學術聽說訓練,3,選修,
599794011,選修英文：學術聽說訓練,3,選修,
599795001,選修英文：英文寫作,3,選修,
599795011,選修英文：英文寫作,3,選修,
599796021,選修英文：職場溝通,3,選修,
599881001,大學外文（一）：古希臘文,3,選修,
551739001,應用對比語言學與英語教學和華語教學,3,選修,
551745001,雙語、多語、跨語理論與教學,3,選修,
551764001,艾密莉‧狄謹蓀專題,3,選修,
551779001,英文字彙教學,3,選修,
551012001,英語教學,3,選修,
551762001,珍‧奧斯汀專題,3,選修,
551777001,童妮˙莫里森專題,3,選修,
551011001,研究與寫作,3,選修,
551742001,翻譯專題：理論與實務,3,選修,
551751001,語言測驗與評量,3,選修,
551767001,愛默生與惠特曼作品中的修身與群體,3,選修,
551780001,應用語言學專題：跨文化語用學與研究方法,3,選修,
554000001,外語能力檢定,0,選修,
554876001,俄語語言學概論,2,選修,
554914001,文學翻譯,3,選修,
554861001,漢俄比較類型學暨華語教學,2,選修,
554008001,學術俄語（一）,2,選修,
554009001,學術俄語（二）,2,選修,
554867001,俄語翻譯（一）,2,選修,
554879001,俄國兒童文學,3,選修,
554945001,俄語構詞學,3,選修,
555766001,語言測驗與評量,3,選修,
555789001,類型語言學,3,選修,
555797001,英文字彙教學,3,選修,
555741001,應用對比語言學與英語教學和華語教學,3,選修,
555742001,音韻論文寫作方法,3,選修,
555004001,研究方法與論文寫作,3,選修,
555758001,自然語言處理,3,選修,
555808001,語音學,3,選修,
555874001,兒童語言習得,3,選修,
555879001,語用學專題,3,選修,
555938001,神經語言學,3,選修,
556799001,東亞漢文文學與文化,2,選修,
556767001,語料庫與日語研究,2,選修,
556769001,研究方法與指導Ａ（語言學群）,2,選修,
556774001,日本近現代文學研究,2,選修,
556768001,研究方法與指導Ｂ（文化學群）,2,選修,
556789001,近代日本的形成與發展,2,選修,
556791001,日本神話與文化,3,選修,
556910001,日語文法研究１,2,選修,
557101001,韓國古典文學研究,3,選修,
557914001,中韓文學比較,3,選修,
557940001,韓國社會與文化專題,3,選修,
557000001,外語能力檢定,0,選修,
557915001,東亞漢文文學與文化,2,選修,
557918001,從語言看韓國文化,3,選修,
557001001,韓語語言學研究,3,選修,
560911001,中國大陸與俄羅斯經濟發展比較研究,3,選修,
560930001,獨立國協經濟發展研究,3,選修,
560006001,中東專題研究,3,選修,
560008001,研究方法與論文寫作,3,選修,
560900001,日本科技與產業發展,3,選修,
560928001,中東民族專題,3,選修,
560007001,中亞專題研究,3,選修,
951912001,語文與寫作創作教學,3,選修,
951921001,英語聽說教學,3,選修,
951925001,研究報告寫作,3,選修,
951008001,論文指導,3,選修,
951943001,語言測驗與評量,3,選修,
551740001,英語教學理論,3,選修,
601025011,英美法導論,2,選修,
601083001,勞動法,3,選修,
601086001,公法綜合研習,2,選修,
601087001,商事法總論與公司法,3,選修,
601105001,票據法,2,選修,
601105011,票據法,2,選修,
601131001,行政法（一）,2,選修,
601131011,行政法（一）,2,選修,
601137001,法律倫理,2,選修,
601143001,財經法綜合研習,2,選修,
601144001,刑事訴訟法（一）,3,選修,
601144011,刑事訴訟法（一）,3,選修,
601156011,基礎法學導論,3,選修,
601387001,民事程序法爭議問題,2,選修,
601388001,全球治理與國際法,2,選修,
601390001,勞動與社會憲法,2,選修,
601391001,勞動與社會法綜合研習,2,選修,
601392001,智慧財產權法專題研究（三）,2,選修,
601394001,初階法學英文,1,選修,
601465001,律師實務,2,選修,
601542001,公司法案例研習（二）,1,選修,
601589001,民事訴訟實務,2,選修,
601607001,企業併購實例研習（一）,3,選修,
601662011,刑法（三）,3,選修,
601669001,生物醫學倫理與法律（一）,3,選修,
601887001,銀行法,2,選修,
601017001,國際公法,3,選修,
601020011,國際私法,3,選修,
601087011,商事法總論與公司法,3,選修,
601122001,智慧財產權法總論,2,選修,
601140001,民事訴訟法（一）,3,選修,
601140011,民事訴訟法（一）,3,選修,
601156021,基礎法學導論,3,選修,
601389001,視覺影像中的法律,3,選修,
601393001,環境權與環境正義,2,選修,
601409001,財法中心公益服務實習—金融消費評議中心見習,2,選修,
601432001,會計實務與法律專題研究（一）,2,選修,
601439001,民法中心公益服務實習（四）,1,選修,
601460001,家事法實例研習,2,選修,
601559001,公司法案例研習（一）,1,選修,
601797001,國際法實習（一）,2,選修,
601949001,日文（一）,3,選修,
601131021,行政法（一）,2,選修,
601156001,基礎法學導論,3,選修,
601385001,台灣民主法治的現況與挑戰,3,選修,
601462001,檢察實務研究（一）,2,選修,
601472001,公務員法,2,選修,
601616001,家事事件法,2,選修,
601662001,刑法（三）,3,選修,
601666001,國際海洋法,2,選修,
601020001,國際私法,3,選修,
601025021,英美法導論,2,選修,
601083011,勞動法,3,選修,
601084001,民事法綜合研習,2,選修,
601087021,商事法總論與公司法,3,選修,
601129001,基本權,3,選修,
601137011,法律倫理,2,選修,
601140021,民事訴訟法（一）,3,選修,
601151001,非訟程序,2,選修,
601406001,電子商務與網路法,2,選修,
601463001,民商法案例研習（二）,2,選修,
601533001,公司法案例研習（三）,1,選修,
601630001,法律服務,1,選修,
601950001,德文（一）,3,選修,
651082001,英文法學名著選讀（六）,3,選修,
651099001,民事訴訟法專題研究（一）,2,選修,
651172001,德文法學名著選讀（二）,3,選修,
651411001,勞動契約法專題研究（三）,2,選修,
651457001,社會法專題研究（四）,2,選修,
651696001,公司法案例研習（二）,1,選修,
651698001,財法中心公益服務實習—金融消費評議中心見習,2,選修,
651719001,WTO專題研究：農業與環境,3,選修,
651731001,國際人權法,3,選修,
651944001,刑事訴訟法專題研究（一）,2,選修,
651A12001,民商法案例研習（二）,2,選修,
651A18001,檢察實務研究（一）,2,選修,
651A19001,會計實務與法律專題研究（一）,2,選修,
651B14001,營建工程法律專題研究（一）,2,選修,
651B19001,行政法論文寫作（八）,2,選修,
651062001,智慧財產權法專題研究（三）,2,選修,
651067011,行政法專題研究（二）,2,選修,
651336001,刑事證據法專題研究（二）,2,選修,
651417001,身分法專題研究（六）,2,選修,
651447001,英文公法學名著選讀（六）,3,選修,
651461001,公法實務專題研究（一）,2,選修,
651717001,公司法案例研習（一）,1,選修,
651A13001,律師實務,2,選修,
651A14001,國際租稅法,3,選修,
651A28001,財經法綜合研習,2,選修,
651A88001,智慧財產、數位平台與競爭法,3,選修,
651A89001,歐洲人權公約與司法實踐,3,選修,
651B13001,法學整合研究與論文研討,1,選修,
651B15001,刑事訴訟法專題研究（七）,2,選修,
651B17001,國際商務糾紛解決,2,選修,
651B20001,公法實務專題研究（五）,2,選修,
651B22001,台灣民主法治的現況與挑戰,3,選修,
651171001,日文法學名著選讀（二）,3,選修,
651244001,中國法律思想史專題研究（一）,2,選修,
651383001,民事實務專題研究（四）,2,選修,
651463001,契約法專題研究（六）,2,選修,
651476001,比較行政法專題研究（一）,2,選修,
651485001,大陸經貿法律研究（一）,2,選修,
651545001,海洋法專題研究（二）,2,選修,
651650001,公司法案例研習（三）,1,選修,
651A30001,金融科技法制與監理專題研究（一）,3,選修,
651A47001,民法中心公益服務實習（四）,1,選修,
651A93001,電子商務與網路法,2,選修,
651B16001,視覺影像中的法律,3,選修,
651B18001,環境權與環境正義,2,選修,
651B21001,專題三：AI與倫理,3,選修,
651157001,公司法專題研究（二）,2,選修,
651166001,法制史專題研究（四）,3,選修,
652151001,勞動法,3,選修,
652155011,法律倫理,2,選修,
652163001,國際公法,3,選修,
652167001,票據法,2,選修,
652893001,WTO專題研究：農業與環境,3,選修,
652905001,家事事件法,2,選修,
652931001,專利法,2,選修,
652064001,企業併購實例研習（一）,3,選修,
652137001,國際私法,3,選修,
652137011,國際私法,3,選修,
652144001,金融與法律（二）,2,選修,
652155001,法律倫理,2,選修,
652167011,票據法,2,選修,
652173001,公法綜合研習,2,選修,
652174001,商事法總論與公司法,3,選修,
652174011,商事法總論與公司法,3,選修,
652178001,民事法綜合研習,2,選修,
652189001,資訊科技與法律（三）,2,選修,
652193001,基礎刑法,3,選修,
652194001,智慧財產、數位平台與競爭法,3,選修,
652195001,電子商務與網路法,2,選修,
652861001,國際商務糾紛解決,2,選修,
652098001,憲法,3,選修,
652120001,法學導論,2,選修,
652151011,勞動法,3,選修,
652160001,法律服務,1,選修,
652168001,智慧財產權法總論,2,選修,
652174021,商事法總論與公司法,3,選修,
652175001,非訟程序,2,選修,
652860001,刑事程序與科技,2,選修,
652871001,公務員法,2,選修,
652929001,生物醫學倫理與法律（一）,3,選修,
652934001,營建工程法律專題研究（一）,2,選修,
961012001,民法總則,3,選修,
961013001,憲法,3,選修,
961015001,民法債編各論,3,選修,
961040001,保險法專題研究,3,選修,
961086001,家事事件法專題研究,3,選修,
961107005,證據法專題研究,1,選修,
961171001,國際人權公約與身分法實例研習,2,選修,
961187005,公共衛生與法律,1,選修,
961191001,擔保法,2,選修,
961042001,公司法,3,選修,
961056001,國際法專題研究,3,選修,
961060001,勞動法,3,選修,
961072001,醫事刑法專題研究,3,選修,
961092005,產業與競爭法專題研究,2,選修,
961093001,工程爭議專題研究,3,選修,
961147005,信託法,1,選修,
961006001,民事訴訟法,3,選修,
961011001,刑法總則,3,選修,
961068005,政府採購法專題研究,2,選修,
961075005,法律倫理,1,選修,
961079001,爭議案件與法律解釋方法,3,選修,
961121005,公私協力法,2,選修,
961149005,兩岸經貿法制與實務專題研究（一）,2,選修,
961152005,公司治理專題研究,2,選修,
961175001,電子商務與網路法,3,選修,
961177005,刑法實例研習,2,選修,
961188005,國際民商事爭端解決專題研究,2,選修,
961189005,民事程序法爭議問題研究（二）,1,選修,
961190001,永續、社會與治理-ESG 的法制挑戰,3,選修,
701003011,高等微積分,4,選修,
701782001,數學導論,3,選修,
701002001,線性代數,4,選修,
701903001,高等代數,3,選修,
701912001,向量微積分,3,選修,
701933001,機率與測度論,3,選修,
701897001,人工智慧技術與語音處理實務,3,選修,
701898001,微分方程數值方法,3,選修,
701026001,複變函數論,3,選修,
701893001,人工智慧應用專題,3,選修,
701894001,調和分析,3,選修,
702001001,普通心理學,3,選修,
702002001,心理及教育統計學,3,選修,
702005001,心理實驗法實驗,1,選修,
702012001,社會心理學,3,選修,
702817001,人事心理學,3,選修,
702886001,整合式社區心理健康照護,3,選修,
702914001,變態心理學,3,選修,
702928001,心理學專業總整（二）,3,選修,
702939001,人因工程學,3,選修,
702000001,外語能力檢定,0,選修,
702744001,貝氏資料分析,3,選修,
702760001,心理學專業的生涯規劃,1,選修,
702769001,臨床心理學概論,3,選修,
702907001,睡眠異常專題,3,選修,
702931001,眼動與認知導論,3,選修,
702011001,人類學習與認知,3,選修,
702023001,心理測驗（含實習）,3,選修,
702884001,自閉症專題,3,選修,
702934001,組織心理學專題,3,選修,
702004001,心理實驗法,2,選修,
702758001,臨床神經心理學,3,選修,
702761001,實驗室實習,2,選修,
702762001,身心靈醫學,2,選修,
782013001,量子力學（一）,3,選修,
782015001,書報討論（一）,1,選修,
782012001,統計力學,3,選修,
782018001,資料結構,3,選修,
782951001,書報討論實習（一）,0,選修,
782010001,非線性物理,3,選修,
751033001,實變函數論,3,選修,
751842001,人工智慧應用專題,3,選修,
751844001,調和分析,3,選修,
751854001,人工智慧技術與語音處理實務,3,選修,
751871001,數理統計,3,選修,
751909001,機率與測度論,3,選修,
751016001,組合學,3,選修,
751025011,書報討論Ⅰ,1,選修,
751853001,貝氏決策分析與貝氏網路,3,選修,
751886001,向量微積分,3,選修,
751024001,研究方法Ⅰ,1,選修,
751858001,複變專題,3,選修,
752001001,研究方法論,3,選修,
752591001,心理計量與機器學習專題,3,選修,
752598001,功能性磁振造影的理論與應用,3,選修,
752637001,貝氏資料分析,3,選修,
752651001,自閉症專題,3,選修,
752683001,臨床心理衡鑑（一）,3,選修,
752865001,幼兒發展與學習,3,選修,
752873001,心理病理學,3,選修,
752914001,高等組織心理學專題（一）,3,選修,
752927001,眼動與認知導論,3,選修,
752012001,專題發表演習（一）,0,選修,
752592001,整合式社區心理健康照護,3,選修,
752608001,組織心理學專題,3,選修,
752619001,臨床心理學全職實習（一）,3,選修,
752696001,睡眠異常專題,3,選修,
752735001,危機處置,3,選修,
752895001,心理計量專題,3,選修,
752908001,知覺心理學專題（一）,3,選修,
752946001,員工甄選,3,選修,
752617001,臨床心理學兼職實習（一）,3,選修,
752699001,工商心理學實習,3,選修,
752747001,人因工程學,3,選修,
752806001,閱讀心理學,3,選修,
752870001,健康心理學,3,選修,
752641001,人際關係研究,3,選修,
752697001,臨床神經心理學,3,選修,
754011001,專題討論（三）,1,選修,
754003001,專題討論（一）,1,選修,
754010001,研究方法與實驗設計,1,選修,
755002001,書報討論（一）,1,選修,
755011001,統計力學,3,選修,
755950001,書報討論實習（一）,0,選修,
755951001,書報討論實習（一）,0,選修,
755004001,非線性物理,3,選修,
755005001,量子力學（一）,3,選修,
755946001,專題研究（二）,3,選修,
751025001,書報討論Ⅰ,1,選修,
751028001,書報討論Ⅲ,1,選修,
751030001,書報討論V,1,選修,
752007001,論文發表演習（一）,0.5,選修,
752010001,論文發表演習（四）,0.5,選修,
752008001,論文發表演習（二）,0.5,選修,
752009001,論文發表演習（三）,0.5,選修,
203027001,區域研究—俄國與東歐國際關係,3,選修,
203902001,發展中國家國際關係,2,選修,
203810001,國際移動與全球趨勢專題（一）,2,選修,
203896001,永續發展導論,3,選修,
203007001,國際公法,2,選修,
203904001,臺灣安全與東亞戰略情勢,2,選修,
203922001,國際傳播與國際關係,2,選修,
203926001,比較外交政策,2,選修,
203064001,比較政府與政治,3,選修,
203071001,領導與外交決策分析,3,選修,
203073001,區域研究—歐盟國際關係,3,選修,
203842001,非政府國際組織,2,選修,
253797001,能源與環境專題,3,選修,
253815001,國際海洋法,2,選修,
253823001,國際關係與政治哲學,3,選修,
253875001,全球化的爭辯,3,選修,
253879001,危機處理,2,選修,
253791001,地緣政治,3,選修,
253867001,國際安全專題,3,選修,
253872001,外交政策--中共外交政策研究,2,選修,
253010001,區域研究—中東國際關係研究,3,選修,
253045011,研究方法,3,選修,
253049001,國際關係理論,3,選修,
253794001,亞洲安全議題,3,選修,
260736001,不擴散政策與目標：戰略貿易管控的執行,3,選修,
260021001,中共黨史,3,選修,
260048001,東南亞區域研究,3,選修,
260729001,兩岸政教關係,3,選修,
260776001,中共對美政策,3,選修,
260862001,國家理論與中國研究,3,選修,
260898001,中國與東南亞政經發展,3,選修,
260044001,研究方法,3,選修,
260730001,中共對外經貿發展策略與全球經濟金融治理,3,選修,
260900001,區域經貿整合與談判,3,選修,
263825001,俄國政府與政治,3,選修,
263846001,俄國經濟,2,選修,
263872001,國際政治研究,2,選修,
263890001,獨立國協經濟發展研究,3,選修,
263922001,俄國民族問題研究,2,選修,
263010001,研究方法,3,選修,
263815001,俄國現勢專題,3,選修,
263836001,中國大陸與俄羅斯經濟發展比較研究,3,選修,
263828001,後共民主化,3,選修,
263840001,俄國史研究,2,選修,
861004001,研究方法,3,選修,
861838001,日本外交專題：層次分析途徑,3,選修,
861846001,近代日本的形成與發展,2,選修,
861002011,國際關係理論,3,選修,
861826001,研究方法與指導Ｂ（文化學群）,2,選修,
861827001,日本的政治參加及輿論,3,選修,
861837001,日本與東亞,3,選修,
861853001,日本科技與產業發展,3,選修,
861859001,新世紀日本政治,3,選修,
861878001,戰後中日關係,3,選修,
861880001,日本經濟安全保障,3,選修,
862908001,能源與環境專題,3,選修,
862919001,發展援助專題,3,選修,
862935001,後共民主化,3,選修,
862896001,地緣政治,3,選修,
862934001,國際關係與政治哲學,3,選修,
862950001,國際合作專題 – 農業、經濟與貿易議題,3,選修,
862001001,國際關係理論,3,選修,
862008001,研究方法,3,選修,
862902001,亞洲安全議題,3,選修,
862906001,不擴散政策與目標：戰略貿易管控的執行,3,選修,
862907001,美國聯邦法院國際民事爭訟實務研究,3,選修,
922028001,區域研究—非洲國際關係研究,3,選修,
922029001,國際組織與全球治理,3,選修,
922928001,發展中國家國際關係研究,2,選修,
922933001,比較外交政策,2,選修,
922006001,研究方法,3,選修,
922027001,區域研究－俄國與東歐國際關係研究,3,選修,
922913001,全球化與經濟整合,2,選修,
922931001,國家戰略研究,2,選修,
981901001,中共外交與兩岸關係,2,選修,
981907001,東南亞與國家安全,2,選修,
981946001,中共對台政策研究,2,選修,
981929001,國際法與國家安全,2,選修,
981008001,研究方法,3,選修,
981902001,印太國際政治與智庫外交,2,選修,
981920001,全球化之國際投資與貿易的政治分析,2,選修,
981939001,危機處理,2,選修,
253045021,研究方法,3,選修,
260044011,研究方法,3,選修,
260045011,政治經濟學,3,選修,
863007001,研究方法,3,選修,
863008001,國際關係理論,3,選修,
863884001,近代日本的形成與發展,2,選修,
863894001,日本外交專題：層次分析途徑,3,選修,
863923001,戰後中日關係,3,選修,
863006001,政治經濟學,3,選修,
863883001,日本的政治參加及輿論,3,選修,
863893001,日本與東亞,3,選修,
863905001,日本科技與產業發展,3,選修,
863911001,新世紀日本政治,3,選修,
863925001,日本經濟安全保障,3,選修,
102012001,教育概論,2,選修,
102112001,特殊教育導論,3,選修,
102121001,綜合活動領域教材教法,2,選修,
102130001,教育行政,3,選修,
102131001,學校行政,2,選修,
102686001,合作學習,3,選修,
102801001,自主與行動導向學習（三）,1,選修,
102828001,家庭生活教育概論,2,選修,
102911001,諮商理論與技術,3,選修,
102013001,教育心理學,3,選修,
102103001,中等學校教學實習,2,選修,
102109001,班級經營,2,選修,
102113001,語文領域-國文教材教法,2,選修,
102115001,語文領域-英文教材教法,2,選修,
102656001,生涯輔導,2,選修,
102816001,生涯規劃及職業教育與訓練,1,選修,
102825001,家庭發展,2,選修,
102876001,適性教學,2,選修,
102920001,人格心理學,3,選修,
102003001,教育統計學,3,選修,
102119001,社會領域教材教法,2,選修,
102808001,學校諮商實習,4,選修,
102809001,青少年發展與輔導,3,選修,
102848001,教育史,3,選修,
109004001,教育社會學,2,選修,
109006011,教學原理,2,選修,
109007001,班級經營,2,選修,
109030001,語文領域-國文教材教法,2,選修,
109032001,語文領域-英文教材教法,2,選修,
109036001,社會領域教材教法,2,選修,
109950001,學校行政,2,選修,
109003011,教育心理學,2,選修,
109044011,教育議題專題,2,選修,
109047001,韓文教材教法,2,選修,
109051001,多元文化教育與實踐,2,選修,
109896001,資訊融入教與學,2,選修,
109942001,特殊教育導論,3,選修,
109002011,教育哲學,2,選修,
109010001,輔導原理與實務,2,選修,
109016001,課程發展與設計,2,選修,
109026001,日文教材教法與實習,2,選修,
109029001,教學媒體與運用,2,選修,
109038001,綜合活動領域教材教法,2,選修,
109050011,生涯規劃及職業教育與訓練,1,選修,
109052001,創造思考與批判思考教學,3,選修,
109863001,適性教學,2,選修,
900001001,教育研究法,3,選修,
900002001,教育研究專題討論（一）,0,選修,
152039001,教育基礎理論與方法,3,選修,
152625001,混合方法研究,3,選修,
152729001,人格心理學研究,3,選修,
152744001,教育改革研究,3,選修,
152755001,質性研究方法專題研究,3,選修,
152574001,教育期刊選讀與發表,3,選修,
152559001,實驗教育研究,3,選修,
152578001,全球教育發展趨勢專題研究,3,選修,
152556001,家庭生活教育概論,2,選修,
152563001,性別教育輔導研究,3,選修,
152568001,高等教育研究：國際教育趨勢、國際政策分析與高教品質保證,3,選修,
152638001,多變量分析,3,選修,
152722001,測驗理論研究,3,選修,
157016001,幼教基礎理論,3,選修,
157847001,家庭生活教育概論,2,選修,
157850001,人文創新與實踐,3,選修,
157852001,諮商與心理治療理論,3,選修,
157853001,兒少福利專題,3,選修,
157862001,幼兒發展與學習,3,選修,
157873001,幼教品質研究,3,選修,
157857001,幼兒創造力發展與教學,3,選修,
157861001,幼教課程與教學,3,選修,
157866001,跨文化童年教育研究,3,選修,
157886001,台灣幼兒社會議題研究,3,選修,
157909001,教師傳記研究,3,選修,
157836001,幼兒教育領導與管理實踐,3,選修,
157851001,性別教育輔導研究,3,選修,
171001001,教育行政研究,3,選修,
171938001,教育改革研究,3,選修,
171002001,教育政策分析研究,3,選修,
171924001,多變量分析,3,選修,
172001001,諮商與心理治療理論,3,選修,
172005001,專題發表演習（一）,0,選修,
172007001,研究方法論,3,選修,
172932001,臨床心理衡鑑（一）,3,選修,
172923001,全職諮商實習（一）,3,選修,
172936001,人格心理學研究,3,選修,
172002001,諮商實習 （一）,3,選修,
172924001,性別教育輔導研究,3,選修,
172925001,心理健康學研究,3,選修,
172939001,危機處置,3,選修,
172949001,心理病理學,3,選修,
172928001,多變量分析,3,選修,
911001001,教育行政研究,3,選修,
911002001,教育研究法,3,選修,
911003001,論文研究計畫,3,選修,
911946005,教育評鑑研究,3,選修,
911948001,校園建築與規劃研究,3,選修,
911924001,教育政策分析,3,選修,
911926001,學校經營與發展研究,3,選修,
911949005,教育改革研究,3,選修,
152047001,教育基礎理論專題研究,2,選修,
152048001,教育行政專題研究,3,選修,
152049001,教育行政方法論專題研究,3,選修,
152851001,教育法規專題研究,2,選修,
152575001,教育視導與評鑑專題研究,3,選修,
ZU1012001,研究方法,3,選修,
ZU1014001,統計學（一）,3,選修,
ZU1023001,人文地理,3,選修,
ZU1912001,混合政體：東南亞的民主挑戰,3,選修,
ZU1914001,低碳、永續與創新都市,3,選修,
ZU1916001,專題二：台灣近代史,3,選修,
ZU1946001,比較政府與政治,3,選修,
ZU1919001,社會創新設計實作,3,選修,
ZU1921001,跨境數位貿易,3,選修,
ZU1007001,人類學,3,選修,
ZU1018001,專題一：科技、社會與爭議,3,選修,
ZU1024001,國際人權法,3,選修,
ZU1908001,國際組織,3,選修,
ZU1909001,全球數位落差：科技巨擘、不平等及極化,3,選修,
ZU1913001,數位時代的自由與人權,2,選修,
ZU1920001,數據分析實作,3,選修,
ZU1922001,創新管理與數位轉型,3,選修,
ZU1923001,共享經濟與零工經濟,3,選修,
ZM1925001,國內實習Ｂ,2,選修,
ZM1927001,數據分析實作,3,選修,
ZM1928001,專題二：台灣近代史,3,選修,
ZM1929001,宗教與台灣社會,3,選修,
ZM1931001,數位媒體與娛樂法,3,選修,
ZM1934001,電子遊戲與社會,3,選修,
ZM1002001,新媒體、科技與社會專題,3,選修,
ZM1926001,全球數位落差：科技巨擘、不平等及極化,3,選修,
ZM1937001,數位敘事與新媒體科技,3,選修,
ZM1940001,專題一：科技、社會與爭議,3,選修,
ZM1930001,資訊安全,3,選修,
ZM1932001,假訊息治理與民主政治,3,選修,
ZM1933001,專題三：AI與倫理,3,選修,
ZM1935001,初階數位媒體實作：數位影像報導,3,選修,
ZM1936001,國內實習Ａ,1,選修,
ZM1938001,台灣民主法治的現況與挑戰,3,選修,
703007001,離散數學,3,必修,
703045011,資訊專題（B）,3,群修,A
703045031,資訊專題（B）,3,群修,A
703056001,程式能力檢定,0,檢定,
703819001,行動通訊網路,3,選修,
703820001,計算機概論,3,選修,
753935001,資料採掘,3,選修,
703016001,作業系統,3,必修,
703017001,機率論,3,必修,
703027001,計算機網路,3,群修,B
703045021,資訊專題（B）,3,群修,A
703047001,資訊專題（D）,3,群修,A
703049001,計算機程式設計（一）,3,必修,
703827001,虛擬實境與觸覺回饋互動,3,選修,
703869001,3D遊戲程式設計,3,選修,
703955001,物件導向程式設計實習,0,必修,
703957001,計算機程式設計實習（一）,0,必修,
753812001,自主行動機器人導論,3,選修,
703009001,物件導向程式設計,3,必修,
703045001,資訊專題（B）,3,群修,A
753845001,生物資訊概論與實務,3,選修,
703055001,人機互動,3,群修,B
703060001,資訊安全,3,群修,B
703901001,機器學習概論,3,選修,
781001001,數位內容與科技導論,3,選修,
781048001,專案實作Ｃ,3,選修,
781921001,區塊鏈應用,3,選修,
781034001,多媒體網路,3,選修,
781050001,影像後製與特效,3,選修,
781012001,3D遊戲程式設計,3,選修,
781033001,互動裝置設計,3,選修,
781046001,當代藝術與策展,3,選修,
781922001,物聯網技術與應用,3,選修,
753821001,量子計算,3,選修,
753842001,圖形理論及其網路應用,3,選修,
753923001,圖型識別,3,選修,
753822001,虛擬實境與觸覺回饋互動,3,選修,
753826001,深度學習：基礎及應用,3,選修,
753846001,人機互動,3,選修,
753876001,資訊安全與密碼學特論,3,選修,
753934001,機器學習概論,3,選修,
753002001,專題研討（一）,1,選修,
753003001,專題研討（三）,1,選修,
753807001,數位簽章,3,選修,
753810001,行動通訊網路,3,選修,
753863001,網路搜索與探勘,3,選修,
753870001,3D遊戲程式設計,3,選修,
971001001,專題研討（一）,1,選修,
971002001,專題研究（一）,2,選修,
971896001,新世代行動通訊系統,3,選修,
971005001,論文研究（一）,3,選修,
971871001,自主行動機器人導論,3,選修,
971879001,機器學習概論,3,選修,
971885001,人機互動,3,選修,
971940001,資料探勘,3,選修,
971889001,資訊安全導論,3,選修,
971903001,電腦網路與通訊基礎,3,選修,
753014001,專題研討（一）,1,選修,
753016001,專題研討（三）,1,選修,
753010001,論文研究（一）,0,選修,
753012001,論文研究（三）,0,選修,
761001001,自然語言與資訊檢索於社群網路之應用,3,選修,
761003001,專題討論（Ｉ）,0,選修,
761947001,初級中文二,0,選修,
761008001,專題討論（Ⅲ）,0,選修,
761010001,專題討論（Ⅴ）,0,選修,
761014001,社群網路,3,選修,
761948001,初級中文一,0,選修,
360011,統計學（二）,3,選修,
360061,統計學（二）,3,選修,
359231,統計學（一）,3,選修,
360081,統計學（二）,3,選修,
360221,統計學（二）,3,選修,
360021,統計學（二）,3,選修,
360031,統計學（二）,3,選修,
360041,統計學（二）,3,選修,
360051,統計學（二）,3,選修,
360071,統計學（二）,3,選修,
360091,統計學（二）,3,選修,
360101,統計學（二）,3,選修,
360201,統計學（二）,3,選修,
360211,統計學（二）,3,選修,
219032,經濟學,3,選修,
219552,經濟學,3,選修,
219572,經濟學,3,選修,
213002,經濟學,2,選修,
219052,經濟學,3,選修,
219522,經濟學,3,選修,
219532,經濟學,3,選修,
219542,經濟學,3,選修,
219562,經濟學,3,選修,
219022,經濟學,3,選修,
219042,經濟學,3,選修,
219082,經濟學,3,選修,
219112,經濟學,3,選修,
219122,經濟學,3,選修,
219512,經濟學,3,選修,
219582,經濟學,3,選修,
350031,行銷管理,3,選修,
351031,投資學,3,選修,
351061,投資學,3,選修,
351071,投資學,3,選修,
351001,投資學,3,選修,
216001,社會學,3,選修,
229002,社會學,4,選修,
225012,社會學,3,選修,
211012,政治學,3,選修,
318091,初級會計學（二）,3,選修,
318111,初級會計學（二）,3,選修,
318121,初級會計學（二）,3,選修,
318021,初級會計學（二）,3,選修,
318031,初級會計學（二）,3,選修,
318041,初級會計學（二）,3,選修,
318061,初級會計學（二）,3,選修,
318081,初級會計學（二）,3,選修,
318101,初級會計學（二）,3,選修,
318131,初級會計學（二）,3,選修,
318141,初級會計學（二）,3,選修,
318151,初級會計學（二）,3,選修,
318071,初級會計學（二）,3,選修,
318161,初級會計學（二）,3,選修,
318051,初級會計學（二）,3,選修,
327041,中級會計學（二）,3,選修,
327021,中級會計學（二）,3,選修,
327031,中級會計學（二）,3,選修,
601012,民法概要,2,選修,
601002,民法概要,2,選修,
217012,個體經濟學,3,選修,
217022,個體經濟學,3,選修,
217032,個體經濟學,3,選修,
217042,個體經濟學,3,選修,
221012,財政學,3,選修,
221032,財政學,3,選修,
221002,財政學,3,選修,
347121,財務管理,3,選修,
347111,財務管理,3,選修,
228032,貨幣銀行學,3,選修,
228012,貨幣銀行學,3,選修,
228042,貨幣銀行學,3,選修,
702021,普通心理學,3,選修,
702031,普通心理學,3,選修,
218002,總體經濟學,3,選修,
218012,總體經濟學,3,選修,
218052,總體經濟學,3,選修,
605012,商事法,2,選修,
605022,商事法,2,選修,
604031,商事法,2,選修,
604041,商事法,2,選修,
605002,商事法,2,選修,
346011,成本管理會計（二）,3,選修,
346041,成本管理會計（二）,3,選修,
346051,成本管理會計（二）,3,選修,
346021,成本管理會計（二）,3,選修,
346031,成本管理會計（二）,3,選修,
711012,微積分,3,選修,
712011,微積分,3,選修,
713032,微積分甲,3,選修,
713002,微積分甲,3,必修,
713012,微積分甲,3,選修,
713022,微積分甲,3,選修,
713042,微積分甲,3,選修,
713052,微積分甲,3,選修,
088E03011,華語-特別班實用華語,3,選修,
088E03021,華語-特別班實用華語,3,選修,
088E03031,華語-特別班實用華語,3,選修,
088E03061,華語-特別班實用華語,3,選修,
088E03041,華語-特別班實用華語,3,選修,
088E03051,華語-特別班實用華語,3,選修,
31013021,國文－臺灣文學選讀,3,一般通識,中文通識
31023001,國文－臺灣語言與文化選讀,3,一般通識,中文通識
31225001,進階國文—紅樓夢,3,一般通識,中文通識
31013011,國文－臺灣文學選讀,3,一般通識,中文通識
31014021,國文－中國思想名作選讀,3,一般通識,中文通識
31017011,國文－中國語言文字名作選讀,3,一般通識,中文通識
31017031,國文－中國語言文字名作選讀,3,一般通識,中文通識
31022001,進階國文—張愛玲小說,3,一般通識,中文通識
32002021,大學英文（二）,3,一般通識,外文通識
32002061,大學英文（二）,3,一般通識,外文通識
32002071,大學英文（二）,3,一般通識,外文通識
32002201,大學英文（二）,3,一般通識,外文通識
32002241,大學英文（二）,3,一般通識,外文通識
32002271,大學英文（二）,3,一般通識,外文通識
32002421,大學英文（二）,3,一般通識,外文通識
32002441,大學英文（二）,3,一般通識,外文通識
32002461,大學英文（二）,3,一般通識,外文通識
32002471,大學英文（二）,3,一般通識,外文通識
32002481,大學英文（二）,3,一般通識,外文通識
32002601,大學英文（二）,3,一般通識,外文通識
32002681,大學英文（二）,3,一般通識,外文通識
32002701,大學英文（二）,3,一般通識,外文通識
32002811,大學英文（二）,3,一般通識,外文通識
32002831,大學英文（二）,3,一般通識,外文通識
32002931,大學英文（二）,3,一般通識,外文通識
32002941,大學英文（二）,3,一般通識,外文通識
32002041,大學英文（二）,3,一般通識,外文通識
32002081,大學英文（二）,3,一般通識,外文通識
32002091,大學英文（二）,3,一般通識,外文通識
32002211,大學英文（二）,3,一般通識,外文通識
32002231,大學英文（二）,3,一般通識,外文通識
32002251,大學英文（二）,3,一般通識,外文通識
32002281,大學英文（二）,3,一般通識,外文通識
32002301,大學英文（二）,3,一般通識,外文通識
32002411,大學英文（二）,3,一般通識,外文通識
32002431,大學英文（二）,3,一般通識,外文通識
32002491,大學英文（二）,3,一般通識,外文通識
32002501,大學英文（二）,3,一般通識,外文通識
32002521,大學英文（二）,3,一般通識,外文通識
32002651,大學英文（二）,3,一般通識,外文通識
32002671,大學英文（二）,3,一般通識,外文通識
32002901,大學英文（二）,3,一般通識,外文通識
32002011,大學英文（二）,3,一般通識,外文通識
32002031,大學英文（二）,3,一般通識,外文通識
32002051,大學英文（二）,3,一般通識,外文通識
32002101,大學英文（二）,3,一般通識,外文通識
32002221,大學英文（二）,3,一般通識,外文通識
32002261,大學英文（二）,3,一般通識,外文通識
32002291,大學英文（二）,3,一般通識,外文通識
32002401,大學英文（二）,3,一般通識,外文通識
32002451,大學英文（二）,3,一般通識,外文通識
32002511,大學英文（二）,3,一般通識,外文通識
32002611,大學英文（二）,3,一般通識,外文通識
32002621,大學英文（二）,3,一般通識,外文通識
32002631,大學英文（二）,3,一般通識,外文通識
32002641,大學英文（二）,3,一般通識,外文通識
32002661,大學英文（二）,3,一般通識,外文通識
32002691,大學英文（二）,3,一般通識,外文通識
32002711,大學英文（二）,3,一般通識,外文通識
32002801,大學英文（二）,3,一般通識,外文通識
32002821,大學英文（二）,3,一般通識,外文通識
32002881,大學英文（二）,3,一般通識,外文通識
32002911,大學英文（二）,3,一般通識,外文通識
32002921,大學英文（二）,3,一般通識,外文通識
41007001,西歐飲食文化史,2,一般通識,人文通識
41172001,英美大眾小說：偵探和浪漫文類,3,一般通識,人文通識
41177011,語言的人文與科學,3,核心通識,人文通識
41177021,語言的人文與科學,3,核心通識,人文通識
41192001,舞蹈的閱讀,3,一般通識,人文通識
41195011,藝術與當代社會,3,核心通識,人文通識
44010001,中國人性格芻論,2,一般通識,跨領域(人文、社會)
44101001,無所不在的人工智慧,3,一般通識,跨領域(人文、資訊)
41005001,士人、社會與國家,3,一般通識,人文通識
41119001,創造力,2,一般通識,人文通識
41175001,台灣電影與文學中的性別,3,一般通識,人文通識
41177001,語言的人文與科學,3,核心通識,人文通識
41196001,語言與手勢－比手說話,3,一般通識,人文通識
41197001,走讀台灣文學地景,3,一般通識,人文通識
44029001,勞動與社會,2,一般通識,跨領域(人文、社會)
44084001,動物與人類社會,2,一般通識,跨領域(人文、社會、自然)
90066001,看的方法（紀錄片）,2,一般通識,人文通識
41015001,現代文明的傳統根源,2,一般通識,人文通識
41099041,文明發展與歷史思惟,3,核心通識,人文通識
41135011,西方文學經典與人文思維,3,核心通識,人文通識
41193001,語言發展與認知、文化的交響,3,一般通識,人文通識
41195001,藝術與當代社會,3,核心通識,人文通識
44066001,從電影認識精神疾病,3,一般通識,跨領域(人文、社會)
44075001,東南亞發展與治理,3,一般通識,跨領域(人文、社會)
44110001,國際永續發展專題,3,一般通識,跨領域(人文、社會)
44116001,政治中的人文主義,3,一般通識,跨領域(人文、社會)
42131001,全球經濟與勞工問題,2,一般通識,社會通識
42133001,社會學動動腦,3,核心通識,社會通識
42133021,社會學動動腦,3,核心通識,社會通識
42156021,中國大陸概論,3,核心通識,社會通識
42156051,中國大陸概論,3,核心通識,社會通識
42181001,教育探索與自我學習,3,核心通識,社會通識
42195001,組織中的關係管理,3,一般通識,社會通識
42199001,地方創生入門—產業與解決方案,1,一般通識,社會通識
42201001,誰來審判？國民法官就是你,2,一般通識,社會通識
42112101,臺灣政治,3,核心通識,社會通識
42188001,環境變遷與大眾傳播,2,一般通識,社會通識
42198001,社會創新與未來創造,3,一般通識,社會通識
42026001,保險糾紛介紹,2,一般通識,社會通識
42136001,身心障礙與台灣藝文,3,一般通識,社會通識
42178001,視覺影像中的法律,3,一般通識,社會通識
42191001,地方創生個案分析,2,一般通識,社會通識
43030001,數學、邏輯與人生,3,核心通識,自然通識
43033001,藥你康健、遠離毒惑（禍）,3,一般通識,自然通識
43031011,心理與生活,3,核心通識,自然通識
43042001,醫病風險數據與醫療（照護）管理,2,一般通識,自然通識
90033001,野生動物保育行銷,2,一般通識,自然通識
90043001,壓力與情緒管理,2,一般通識,自然通識
90110001,想像之外的化學,2,一般通識,自然通識
45036001,自主學習專題：機率論與理則學在紙牌遊戲上的應用,3,一般通識,書院通識
45045001,自主學習專題：自由軟體Inkscape圖像創作與應用,2,一般通識,書院通識
45038001,自主學習專題：大學新創行動家,3,一般通識,書院通識
45046001,自主學習專題：新媒體創藝行動家,2,一般通識,書院通識
45044001,自主學習專題：聲音自媒體應用與創作,3,一般通識,書院通識
45047001,自主學習專題：永續入門,1,一般通識,書院通識
46003001,人工智慧與數位人文,3,一般通識,資訊通識
46008011,設計思維與軟體系統專案管理,3,一般通識,資訊通識
10114002,國際公法,2,選修,
10116001,國際組織,3,選修,
10110001,中級會計學（二）,3,選修,
10130001,審計學（二）,3,選修,
10032002,英語語言學概論,2,選修,
10069022,英語口語訓練,2,選修,
10095002,英文作文（一）,2,選修,
10097002,英文作文（二）,2,選修,
10069012,英語口語訓練,2,選修,
10091002,英美文學,3,選修,
10108002,閱讀指導,2,選修,
10102032,初級日語,3,選修,
10102042,初級日語,3,選修,
10103032,日語會話（一）,2,選修,
10103062,日語會話（一）,2,選修,
10103082,日語會話（一）,2,選修,
10104022,中級日語,3,選修,
10105052,日語會話（二）,2,選修,
10107062,日文寫作,2,選修,
10113002,高級日語,2,選修,
10113012,高級日語,2,選修,
10131012,日語演習（一）,1,選修,
10131032,日語演習（一）,1,選修,
10131052,日語演習（一）,1,選修,
10132002,日語演習（二）,1,選修,
10102012,初級日語,3,選修,
10103012,日語會話（一）,2,選修,
10103042,日語會話（一）,2,選修,
10103052,日語會話（一）,2,選修,
10103072,日語會話（一）,2,選修,
10104002,中級日語,3,選修,
10104032,中級日語,3,選修,
10105022,日語會話（二）,2,選修,
10105042,日語會話（二）,2,選修,
10105072,日語會話（二）,2,選修,
10107032,日文寫作,2,選修,
10107042,日文寫作,2,選修,
10132012,日語演習（二）,1,選修,
10132042,日語演習（二）,1,選修,
10927001,商用日語會話２,2,選修,
10102022,初級日語,3,選修,
10102082,初級日語,3,選修,
10104012,中級日語,3,選修,
10105012,日語會話（二）,2,選修,
10107052,日文寫作,2,選修,
10131042,日語演習（一）,1,選修,
10132022,日語演習（二）,1,選修,
10925001,商用日文書信２,2,選修,
10122002,初級韓國語,3,選修,
10122022,初級韓國語,3,選修,
10122032,初級韓國語,3,選修,
10923002,高級韓國語,3,選修,
10921001,韓語正音,1,選修,
10122012,初級韓國語,3,選修,
10123002,中級韓國語,3,選修,
10123012,中級韓國語,3,選修,
10126001,韓語語法（２）,2,選修,
10126011,韓語語法（２）,2,選修,
10126021,韓語語法（２）,2,選修,
10922002,韓語口說訓練（一）,3,選修,
10054001,刑法（二）,3,選修,
10026001,憲法,3,選修,
70125001,漫畫論,2,選修,
70318001,現代台灣史入門,2,選修,
70356001,日治臺灣的歷史與記憶,2,選修,
70024001,第二語言習得,3,選修,
70289001,語音學,3,選修,
70046001,對外漢字教學,3,選修,
70051001,華文學程－文化導論,3,選修,
504024002,初級俄語語法,3,選修,
504024012,初級俄語語法,3,選修,
504024022,初級俄語語法,3,選修,
504025001,進階俄語：文學,2,選修,
504032002,中級俄語語法,3,選修,
504054002,初級俄語會話,2,選修,
504055002,中級俄語會話,2,選修,
504791001,捷克音樂,2,選修,
504810001,中級俄語視聽訓練（二）,2,選修,
504900002,波語會話（二）,3,選修,
504901002,捷語會話（二）,3,選修,
504927002,波蘭文（二）,3,選修,
504945001,俄國小說選讀,2,選修,
504032022,中級俄語語法,3,選修,
504055012,中級俄語會話,2,選修,
504058001,俄國文學史,3,選修,
504802001,波蘭歷史與宗教：基督宗教時期,2,選修,
504830002,波蘭文（一）,3,選修,
504839002,俄語（二）,3,選修,
504868001,俄國地理,2,選修,
504902002,捷語會話（一）,3,選修,
504028001,進階俄語：新聞,2,選修,
504032012,中級俄語語法,3,選修,
504054012,初級俄語會話,2,選修,
504054022,初級俄語會話,2,選修,
504055022,中級俄語會話,2,選修,
504095001,俄國史,3,選修,
504787001,波蘭文化概論,2,選修,
504792001,俄語翻譯（二）,2,選修,
504803001,進階俄語視聽訓練（二）,2,選修,
504807001,用俄語說台灣：購物、節慶與民俗、飲茶文化、醫療保健,2,選修,
504824001,初級俄語口說訓練（二）,2,選修,
504827002,捷克文（三）,3,選修,
504831002,捷克文（二）,3,選修,
504834002,捷克文（一）,3,選修,
504838002,俄語（一）,3,選修,
504884001,初級俄語閱讀訓練（二）,2,選修,
504910002,波語會話（一）,3,選修,
504919002,波蘭文（三）,3,選修,
405002001,傳播與社會,3,選修,
405002021,傳播與社會,3,選修,
405002031,傳播與社會,3,選修,
405007031,傳播與當代思潮,3,選修,
405937001,傳播法規與倫理,3,選修,
405938001,現代文選,3,選修,
508052002,大一土耳其語,3,選修,
599886001,大學外文（四）：德文,3,選修,
599890011,大學外文（二）：泰文,3,選修,
599904001,大學外文（四）：韓語,3,選修,
599947041,大學外文（二）：西班牙文,3,選修,
599948001,大學外文（二）：法文,3,選修,
599948021,大學外文（二）：法文,3,選修,
599948031,大學外文（二）：法文,3,選修,
599949031,大學外文（二）：德文,3,選修,
599950001,大學外文（二）：日文,3,選修,
405002011,傳播與社會,3,選修,
599788001,大學外文（四）：越南文,3,選修,
599865001,大學外文（二）：土耳其語,3,選修,
599885001,大學外文（四）：法文,3,選修,
599894011,大學外文（二）：越南文,3,選修,
599902001,大學外文（二）：韓語,3,選修,
599918001,大學外文（二）：捷克文,3,選修,
599936001,大學外文（四）：日文,3,選修,
599939001,大學外文（四）：西班牙文,3,選修,
599947001,大學外文（二）：西班牙文,3,選修,
599947031,大學外文（二）：西班牙文,3,選修,
599949001,大學外文（二）：德文,3,選修,
599949011,大學外文（二）：德文,3,選修,
599949021,大學外文（二）：德文,3,選修,
599950011,大學外文（二）：日文,3,選修,
599950031,大學外文（二）：日文,3,選修,
405007001,傳播與當代思潮,3,選修,
405007011,傳播與當代思潮,3,選修,
405007021,傳播與當代思潮,3,選修,
508079002,土耳其語視聽與會話（一）,3,選修,
508079012,土耳其語視聽與會話（一）,3,選修,
599783001,大學外文（二）：印尼文,3,選修,
599792001,大學外文（二）：俄語,3,選修,
599867001,大學外文（四）：印尼文,3,選修,
599892001,大學外文（四）：泰文,3,選修,
599894001,大學外文（二）：越南文,3,選修,
599902011,大學外文（二）：韓語,3,選修,
599916001,大學外文（二）：波蘭文,3,選修,
599947011,大學外文（二）：西班牙文,3,選修,
599947021,大學外文（二）：西班牙文,3,選修,
599948011,大學外文（二）：法文,3,選修,
599948041,大學外文（二）：法文,3,選修,
599949041,大學外文（二）：德文,3,選修,
599950021,大學外文（二）：日文,3,選修,
353772001,大陸稅法實務及案例,3,選修,
353788001,領導與公司治理,3,選修,
353798001,政府財務報導,3,選修,
353813001,會計師業務實戰研討,3,選修,
353915001,國際租稅研究,3,選修,
353008011,高等審計學,3,選修,
353015001,租稅規劃,3,選修,
353759001,作業價值管理（AVM）—企業實作（二）,3,選修,
353785001,會計研究方法導論,3,選修,
353844001,無形資產報導與評價,1,選修,
353001001,高等財務會計理論,3,選修,
353789001,公司治理與財務報表,3,選修,
353814001,大數據之決策管理及審計實務,3,選修,
364006001,智慧財產管理,3,選修,
364908001,動態競爭與創新研討,3,選修,
934500001,專題討論—生物科技管理個案,1,選修,
934506001,生物技術於醫學之應用,2,選修,
934018001,生技醫藥產業,2,選修,
364018001,創新經濟學與產業動態分析,3,選修,
934017001,生物藥學特論,2,選修,
934553001,普通生物學（下）,2,選修,
934554001,生物學（下）,2,選修,
934576001,藥事經濟學導論,2,選修,
934593001,健康與長期照護保險制度,2,選修,
601158001,民法債編總論（一）,3,選修,
703014001,數位系統導論,3,必修,
755748001,奈米科技導論,3,選修,
601158021,民法債編總論（一）,3,選修,
601136001,行政法（二）,2,選修,
601136021,行政法（二）,2,選修,
782021001,電子電路學,3,選修,
782024001,奈米科技導論,3,選修,
364917001,專利說明書之撰寫,3,選修,
601158011,民法債編總論（一）,3,選修,
601136011,行政法（二）,2,選修,
782019001,普通物理學（二）,3,選修,
782020001,普通物理學實驗（二）,1,選修,
501838001,逐/同步口譯,3,選修,
506005002,初級日語,4,選修,
506077001,日本名著選讀Ｂ２：文學,2,選修,
506078001,日本名著選讀Ｃ２：歷史文化,2,選修,
506843001,日譯中理論與實務２,2,選修,
508084002,土耳其語翻譯,2,選修,
509932001,歐洲社會與歐盟政經問題,3,選修,
501047001,翻譯專題：新聞英文翻譯,3,選修,
501862001,近代英文小說,3,選修,
506076001,日本名著選讀Ａ２：語言,2,選修,
300770001,營運與供應鏈管理研討,3,選修,
300779001,營運與供應鏈管理,3,選修,
305688001,營運與供應鏈管理研討,3,選修,
300779011,營運與供應鏈管理,3,選修,
701002012,線性代數,4,選修,
701010001,代數學,3,選修,
701007001,統計學,3,選修,
304004002,線性代數,3,選修,
304026001,數理統計學（一）,3,選修,
300804001,SAS/R商業資料分析,3,選修,
300814001,衍生性商品,3,選修,
300933002,數理統計學,3,選修,
701001002,微積分,4,選修,
701003002,高等微積分,4,選修,
701011001,離散數學,3,選修,
701013001,數值分析,3,選修,
304028011,時間數列分析,3,選修,
302037001,國際金融,3,選修,
302795001,計算機程式設計,3,選修,
501009002,英語語言學概論,3,選修,
555017001,語意學,3,選修,
501009012,英語語言學概論,3,選修,
70244001,營運與供應鏈管理,3,選修,
70258001,初級會計學（二）,3,選修,
70274001,國際企業管理,3,選修,
70258011,初級會計學（二）,3,選修,
782022001,電磁學（二）,3,選修,
782028001,專題研究（一）,3,選修,
70172021,選修英文：學術聽說訓練（ETP專班）,3,選修,
400893001,國際形象與國際溝通,3,選修,
400903001,傳播統計分析,3,選修,
601117001,英美契約法,2,選修,
601499001,國際金融治理,3,選修,
601376001,AI與治理,3,選修,
703826001,視訊壓縮,3,選修,
102817001,全球教育趨勢與期刊選讀,3,選修,
900928001,設計思維,3,選修,
501011011,文學作品讀法,3,選修,
501011001,文學作品讀法,3,選修,
501840001,語用學導論,3,選修,
103190001,世界通史（下）,3,選修,
754919001,專題研究ＩＩ,2,選修,
754934001,心智障礙之神經生物學,3,選修,
754946001,神經藥理學,2,選修,
70196001,跨界實驗室,3,選修,
209045001,台灣民族史,3,選修,
209638001,原住民族教育,3,選修,
70205001,新媒體創作思考,3,選修,
70225002,中國文學史,3,選修,
70229001,文化創意產業管理,3,選修,
101008002,中國文學史,3,選修,
70259001,博物館展覽設計與製作,2,選修,
70354001,童年現象學,3,選修,
204036001,經濟社會學,3,選修,
202003002,比較政府與政治,3,選修,
204008012,社會學理論,4,選修,
204039001,台灣社會研究,3,選修,
208915001,政治經濟學,3,選修,
202002002,中華民國憲法及政府,3,選修,
202035002,政治哲學概論,3,選修,
101906001,香港文學,3,選修,
70360001,日治時期台灣文學選讀,3,選修,
70362001,香港文學,3,選修,
159864001,東亞近代文學專題,3,選修,
306008001,資料庫管理,3,選修,
306050011,程式設計二,2,選修,
308853001,金融科技趨勢與創新,3,選修,
302783001,機器學習與財務計量,3,選修,
356389001,使用者體驗設計,3,選修,
306048011,管理科學,3,選修,
306735001,使用者體驗設計,3,選修,
703038001,人工智慧概論,3,群修,B
753823001,區塊鏈技術與應用,3,選修,
753836001,現代密碼學,3,選修,
203819001,國際金融治理,3,選修,
357875001,金融科技應用與實務,3,選修,
358901001,金融科技趨勢與創新,3,選修,
364804001,平台策略與新經濟商業模式設計,3,選修,
358051,資料分析與程式設計入門,3,選修,
303829001,區塊鏈與Python程式設計簡介,3,選修,
308855001,區塊鏈與Python程式設計簡介,3,選修,
301888001,財務金融資訊分析,3,選修,
358890001,保險科技,3,選修,
358914001,區塊鏈與Python程式設計簡介,3,選修,
703050001,計算機程式設計（二）,3,必修,
305745001,消費者行為,3,選修,
305762001,領導與社會創新,3,選修,
300808001,領導與社會創新,3,選修,
900933001,藝術與科技教育,2,選修,
70264001,藝術、流行文化與社會,3,選修,
70266001,X創業家,3,選修,
70320011,新媒體與創業,3,選修,
70267001,領導與社會創新,3,選修,
300846001,消費者行為,3,選修,
203066001,中國大陸研究,3,選修,
203877001,中共政經發展與兩岸關係,2,選修,
260031001,中共經濟發展理論與政策,3,選修,
260104001,中國大陸社會轉型與變遷,3,選修,
203010001,中國外交史,3,選修,
260108001,兩岸關係：理論與實務,3,選修,
155795001,數位圖書館與智慧服務研究,3,選修,
155803001,檔案數位化與史學應用,3,選修,
155823001,資訊組織,3,選修,
70245002,初級越語,3,選修,
70276001,東南亞經濟概論,3,選修,
70230001,東南亞伊斯蘭文明,3,選修,
70246002,初級印尼語,3,選修,
70247002,初級泰語,3,選修,
70273001,東南亞華人文化,3,選修,
103240001,中華人民共和國史,3,選修,
509891001,用德語說臺灣（二）,2,選修,
103242001,近代東亞農業史,3,選修,
153630001,歷史記憶與近代中國國族論述想像,3,選修,
158808001,台灣政治經濟發展與美國政策（一）,3,選修,
207093001,空間資料模型,3,選修,
601378001,公益服務法律實習－共好文山計畫（三）,2,選修,
204804001,校園內的有感體驗設計,3,選修,
261101001,經濟發展理論,3,選修,
261633001,東亞與南亞之民主與民主化,3,選修,
261921001,全球扶貧與中國經驗,3,選修,
261929001,都市貧窮與不均,3,選修,
261899001,國際人權倡議,3,選修,
261100001,政治發展理論,3,選修,
261738001,中國環境治理,3,選修,
261912001,全球社會企業創新發展,2,選修,
70250001,歐洲社會與歐盟政經問題,3,選修,
203807001,區域整合與歐亞關係,3,選修,
509889001,德語系國家現代社會與文化變遷,2,選修,
70358001,德語系國家現代社會與文化變遷,2,選修,
70251001,區域整合與歐亞關係,3,選修,
70359001,歐盟法專題研究（一）,3,選修,
651530001,歐盟法專題研究（一）,3,選修,
70361001,性別教育,2,選修,
153497001,宗教與性別專題：台灣的女神與女人,3,選修,
156676001,宗教與性別專題：台灣的女神與女人,3,選修,
70301001,阿美族語（二）,2,選修,
70306001,布農族語（二）,2,選修,
70311001,原住民族部落學習與體驗,2,選修,
70313001,原住民族與國家發展,3,選修,
70330001,泰雅族語（四）,2,選修,
70336001,賽夏族語（二）,2,選修,
70353001,族語教材教法,2,選修,
207003001,土地政策,3,選修,
207095001,土地法（二）,3,選修,
209635001,大洋洲民族誌專題,3,選修,
601399001,原住民族行政及法規,3,選修,
601091011,憲法,3,選修,
601102001,身分法,3,選修,
209001002,民族學,3,選修,
209043002,台灣原住民語言—泰雅語,2,選修,
209068001,世界民族誌,3,選修,
601157011,刑法（二）,3,選修,
601157021,刑法（二）,3,選修,
601102011,身分法,3,選修,
601102021,身分法,3,選修,
70295001,族語認證諮詢輔導,1,選修,
70296001,台灣原住民族文化概論,3,選修,
70304001,排灣族語（二）,2,選修,
70324001,阿美族語（四）,2,選修,
70352001,族語教學觀摩與教學實習,2,選修,
70312001,原住民族行政及法規,3,選修,
207887001,土地經濟學（二）,3,選修,
209050002,台灣原住民語言—賽德克語,2,選修,
207076001,民法（二）,3,選修,
601157001,刑法（二）,3,選修,
601091001,憲法,3,選修,
601091021,憲法,3,選修,
157845001,教育創新與組織經營,3,選修,
403096001,閱聽媒介與人文科技,3,選修,
900929001,教育創新與組織經營,3,選修,
102804001,知識管理系統與技術,3,選修,
402082001,數位圖像出版,3,選修,
701772001,數學軟體應用,3,選修,
206061001,第三部門,3,選修,
ZU1904001,科技社會與文化,3,選修,
ZU1943001,AI與治理,3,選修,
Z23942001,科技社會與文化,3,選修,
ZM1916001,AI與治理,3,選修,
ZU1006001,移民與全球化,3,選修,
Z23939001,台灣與東南亞海洋世界考古學,3,選修,
ZU1931001,原住民族比較法,3,選修,
Z23938001,南島研究專題,3,選修,
Z23940001,原住民族比較法,3,選修,
ZU1929001,南島研究專題,3,選修,
ZU1930001,台灣與東南亞海洋世界考古學,3,選修,
900934001,教育權研究,2,選修,
152570001,全球教育趨勢與期刊選讀,3,選修,
101076001,中國神話選讀,3,選修,
104193001,醫學與哲學：高達美《健康之謎》,3,選修,
702010001,發展心理學,3,選修,
103195001,近代家庭與兒童史,3,選修,
104190001,童年現象學,3,選修,
702753001,認知發展,3,選修,
Z23937001,大數據與社會分析,3,選修,
70349001,調查實務,3,選修,
ZU1942001,大數據與社會分析,3,選修,
209742001,博物館展覽設計與製作,2,選修,
401118001,電視文化研究,3,選修,
101782001,文學經典閱讀與評論,3,選修,
103239001,口述歷史,3,選修,
104073121,批判閱讀與寫作,3,選修,
405923001,行銷原理,3,選修,
405950001,基礎創意寫作,3,選修,
405950011,基礎創意寫作,3,選修,
203007002,國際公法,2,選修,
300886001,進階英文寫作,3,選修,
300886031,進階英文寫作,3,選修,
300886021,進階英文寫作,3,選修,
300886011,進階英文寫作,3,選修,
2301041,體育[男女合班]—網球初級,1,體育,必修
2303051,體育[男女合班]—桌球初級,1,體育,必修
2337021,體育[男女合班]—羽球中級,1,體育,必修
2371011,體育[男女合班]—國際標準舞初級（恰恰、探戈）,1,體育,必修
2375001,體育[男女合班]—網球高級,1,體育,必修
2303021,體育[男女合班]—桌球初級,1,體育,必修
2355001,體育[男女合班]—武術中級,1,體育,必修
2371001,體育[男女合班]—國際標準舞初級（恰恰、探戈）,1,體育,必修
2381021,體育[男女合班]—匹克球初級,1,體育,必修
2649001,體育[男女合班]—排球實務,2,體育,選修
2009001,體育[男女合班]—適應體育,1,體育,必修
101005012,中國思想史,3,選修,
101005022,中國思想史,3,選修,
101008012,中國文學史,3,選修,
101023001,大陸當代小說選讀,3,選修,
101033011,歷代文選及習作,3,選修,
101069011,曲選,3,選修,
101841001,現當代文藝思潮,3,選修,
101871001,國語語音學,3,選修,
101M04001,現代小說與民初上海,0.4,選修,
101M06001,九七小說與香港社會,0.4,選修,
101M08001,迷因漢字,0.4,選修,
101015001,禮記,3,選修,
101033001,歷代文選及習作,3,選修,
101034001,學庸,3,選修,
101038001,韓非子,3,選修,
101065011,詩選,3,選修,
101067011,詞選,3,選修,
101797001,杜甫詩,3,選修,
101879001,書法,3,選修,
101029001,中國現代散文選讀,3,選修,
101032001,中國現代文學史,3,選修,
101061001,俗文學概論,3,選修,
101065021,詩選,3,選修,
101066001,語言學概論,3,選修,
101067021,詞選,3,選修,
101069001,曲選,3,選修,
101075001,專家詞,3,選修,
101783001,儒林外史,3,選修,
101784001,現代文學與跨文化實踐,3,選修,
101792001,道家與當代思潮,3,選修,
101826001,電影評論寫作,3,選修,
101M05001,閱讀臺灣：小說與臺灣社會,0.4,選修,
101M07001,莫言《生死疲勞》下的華人「魔幻寫實」社會,0.4,選修,
103171001,歷史與記憶專題,3,選修,
103189001,中國通史（下）,3,選修,
103193001,美術與近代中國專題,3,選修,
103241001,日本近現代史,3,選修,
103255001,海洋東南亞史,2,選修,
103257001,東印度公司與近代亞洲專題,3,選修,
103200001,中世紀基督宗教史,3,選修,
103237001,歷史思考,2,選修,
103256001,中華民國憲政史,3,選修,
103112001,元明清繪畫史,3,選修,
103162001,明清日常生活史專題,3,選修,
103247001,史學方法論（一）,3,選修,
103252001,台灣近代社會文化史,3,選修,
103416001,德國史（二）,3,選修,
104019001,西洋哲學史（二）,3,選修,
104049001,邏輯,3,選修,
104120111,休謨哲學,3,選修,
104091111,神學倫理學,3,選修,
104101111,佛教哲學原典選讀,3,選修,
104192001,哲學與文學,3,選修,
104194001,存在主義導論,3,選修,
104195001,佛教邏輯與哲學分析導論,3,選修,
104741001,齊克果哲學導讀,3,選修,
104742001,康德與德國觀念論,2,選修,
104003001,知識論,3,選修,
104077001,中國哲學史（二）,3,選修,
104153111,魏晉玄學,3,選修,
104740001,佛教哲學思想初探,2,選修,
100826001,新媒體創作思考,3,選修,
100802001,邏輯,3,選修,
151537001,道與藝：唐宋文學專題,1,選修,
151727001,中國當代電影專題研究,3,選修,
151541001,考古、民俗與歌謠──多元進路的《詩經》研究,3,選修,
151542001,明清遊歷書寫專題研究,3,選修,
151543001,中國文學中的神、鬼、妖專題研究,3,選修,
151544001,漢語方言學,3,選修,
151545001,清華簡研究（二）,2,選修,
151720001,中國近現代報刊思想及文化專題研究,3,選修,
151803001,儒學思想專題,3,選修,
151892001,中國思想家專題研究,3,選修,
151538001,古文獻校勘研究,3,選修,
151540001,心物與心路：古典詩賦與韻文專題研究,3,選修,
151615001,道家思想專題研究,3,選修,
153011001,歷史英文,3,選修,
153635001,手稿史料專題討論（一）,3,選修,
153653001,古代方術與政治專題（一）,3,選修,
153710001,中國近代政治制度史專題,3,選修,
153756001,德國近代史專題,2,選修,
153498001,西方古代史中的情緒觀,3,選修,
153521001,日治時期臺灣社會文化史專題研究,2,選修,
153652001,士人、鄉里與國家專題,3,選修,
153517001,檔案數位化與史學應用,3,選修,
153530001,西方眼中的中國與臺灣專題,3,選修,
154275001,呂格爾的「佛洛依德與哲學」研讀（二）,3,選修,
154284001,道德心理學專題：智慧與技藝,3,選修,
154276001,施密茨的新現象學,3,選修,
154277001,中間知識,3,選修,
154278001,儒家哲學的類型劃分,3,選修,
154279001,康德與當代英美哲學,3,選修,
154282001,晚明佛教遇到亞里士多德,3,選修,
154280001,感官經驗,3,選修,
154281001,梅洛龐蒂論兒童發展,3,選修,
154283001,世界的不定性：中國中觀與英美分析形上學,3,選修,
154534001,當代法國哲學專題研究,3,選修,
155001001,研究方法,3,選修,
155816001,檔案技術服務專題,3,選修,
155817001,圖書資訊學研討,3,選修,
155821001,政府資訊,3,選修,
155895001,圖書資訊學統計,3,選修,
156670001,密教專題研究,3,選修,
156016001,宗教社會學,3,選修,
156044001,道教：歷史與主題,3,選修,
156053001,宗教文獻學,3,選修,
156668001,媽祖信仰專題,3,選修,
156669001,全球在地化的台灣佛教,3,選修,
156671001,佛教與現代專題：學理、觀念及議題,3,選修,
156674001,晚明佛教遇到亞里士多德,3,選修,
156675001,廟志撰寫專題,3,選修,
156677001,跨宗教的修持傳統專題,3,選修,
156719001,巴利文導讀,3,選修,
156051001,研究方法與調查指導,3,選修,
156673001,朝聖行旅專題,3,選修,
156707001,東南亞華人文化,3,選修,
158736001,近代東亞史文獻解析與應用,1,選修,
158795001,檔案數位化與史學應用,3,選修,
158733001,台灣現代史專題研究,3,選修,
158734001,戰後台灣產業經濟史專題,3,選修,
158739001,轉型正義與「人權」導覽,2,選修,
158740001,近現代東亞政治符號專題,2,選修,
158844001,英文史學名著選讀,2,選修,
158894001,戰後台灣文化政策與政治發展,2,選修,
158909001,口述歷史理論與實務,2,選修,
158735001,社會理論與歷史學,2,選修,
158737001,日本視野下的日本與中國近現代史,1,選修,
158738001,近代初期台灣族群與對外關係,2,選修,
158793001,日本古典文法,3,選修,
158811001,祖籍信仰與族群,2,選修,
158831001,日治時期臺灣社會文化史專題研究,2,選修,
159836001,東亞現代性與文化翻譯專題,3,選修,
159001002,台灣文學史史料學,3,選修,
159822001,日治時期台灣新文學與東亞文藝思潮,3,選修,
159842001,中國當代電影專題研究,3,選修,
159868001,性別研究,3,選修,
159858001,當代華文小說研究專題,3,選修,
159917001,精神史專題－近代台灣,3,選修,
161747001,華語語法學,3,選修,
161814001,華語文教學專題研討,3,選修,
161742001,語言處理專題,3,選修,
161744001,多媒體與華語文教學,3,選修,
161745001,網路時代語言教學議題深究,3,選修,
161746001,語料與問卷設計在語言教學的應用,3,選修,
161763001,華語語法：習得與實驗設計,3,選修,
161829001,語意學,3,選修,
161895001,質化研究方法,3,選修,
161002001,研究方法,3,選修,
161743001,計算語言學,3,選修,
161799001,華語文化教材設計與編寫研究,3,選修,
912829001,古典小說專題研究,3,選修,
912830001,體式、主題和結構：《古詩十九首》專題研究與教學,3,選修,
912831001,漢字漢語的歷史演變專題研究,3,選修,
912832001,現當代華語小說專題,3,選修,
912850001,論文指導（二）,3,選修,
913002001,研究方法,3,選修,
913003001,知識組織與資訊取用,3,選修,
913939001,資訊素養與教學,3,選修,
913945001,閱讀與圖書館,2,選修,
155833001,出版產業政策研究,3,選修,
155032001,圖書資訊學研究趨勢,3,選修,
156045001,比較宗教方法學,3,選修,
158007002,研究方法與專題指導,2,選修,
159862001,英文台灣文學史史料學,3,選修,
160734001,語言處理專題,3,選修,
160738001,語料與問卷設計在語言教學的應用,3,選修,
160755001,華語文化教材設計與編寫研究,3,選修,
160813001,華語文教學專題研討,3,選修,
160746001,研究方法,3,選修,
160735001,計算語言學,3,選修,
160736001,多媒體與華語文教學,3,選修,
160737001,網路時代語言教學議題深究,3,選修,
160739001,華語語法學,3,選修,
160749001,華語語法：習得與實驗設計,3,選修,
160898001,質化研究方法,3,選修,
202101001,政黨政治,3,選修,
202116001,意識型態理論,3,選修,
202124001,兩岸關係概論,3,選修,
202814001,當代政治哲學,3,選修,
202818001,自由主義與其限制,3,選修,
202825001,因果推論,3,選修,
202844001,政治公共關係,3,選修,
202886001,先秦政治思想典籍導讀,3,選修,
202008001,政治學方法論,3,選修,
202121001,東亞政府與政治,3,選修,
202131001,中國政治思想史,3,選修,
202812001,政治學英文名著選讀,3,選修,
202816001,國際政治理論,3,選修,
202821001,對外援助與發展議題,3,選修,
202829001,多元文化與移民政治,3,選修,
202916001,東南亞政府與政治,3,選修,
202022001,統計學,3,選修,
202120001,歐陸政府與政治,3,選修,
202919001,非洲政府與政治,3,選修,
204004012,社會統計,4,選修,
204733001,政治管理,3,選修,
204827001,科技社會與文化,3,選修,
204859001,教育與全球化社會,3,選修,
204881001,視覺文化研究,3,選修,
204883001,當代中國社會,3,選修,
204007002,社會研究方法,4,選修,
204803001,AI與治理,3,選修,
204818001,創新、創意、創生城市與永續發展,3,選修,
204839001,反身社會學經典研讀：布赫迪厄,3,選修,
204032001,人口學,3,選修,
204757001,愛情社會學,3,選修,
204796001,科技與當代社會,3,選修,
204823001,美國社會,3,選修,
205016011,現代財政理論,3,選修,
205853001,租稅個案實習,3,選修,
205855001,循環商業模式,3,選修,
205868001,國際租稅問題,3,選修,
205872001,公共選擇理論,3,選修,
205881001,計量經濟學,3,選修,
205890001,證券管理,2,選修,
205907001,稅務會計,3,選修,
205913001,賦稅改革,3,選修,
205929001,審計學（二）,3,選修,
205063011,租稅法（二）,3,選修,
205848011,微積分（二）,3,選修,
205857001,貿易理論與關稅政策,3,選修,
205007011,財產稅理論與制度,3,選修,
205063001,租稅法（二）,3,選修,
205844001,資料科學與財政研究,3,選修,
205845001,統計學（二）,3,選修,
205848001,微積分（二）,3,選修,
205849001,循環經濟和永續發展,3,選修,
206005002,行政法,2,選修,
206062001,政策分析,2,選修,
206066001,公務倫理,2,選修,
206817001,政策執行與評估,2,選修,
206820001,公共政策與媒體溝通,3,選修,
206053001,中華民國憲法,2,選修,
206057001,科技與政府,3,選修,
206072001,全球化與公共事務,3,選修,
206795001,公共治理,3,選修,
206796001,全球在地化社群組織與管理,3,選修,
206819001,公部門資料分析與實作,2,選修,
206873001,政治管理,3,選修,
206050002,行政學,2,選修,
206073001,比較與發展行政,2,選修,
206074001,公部門人力資源管理,3,選修,
206798001,當代社會問題和政策解決方案,3,選修,
206800001,計畫評估,3,選修,
206809001,地方治理,3,選修,
207029002,規劃實務（二）,4,選修,
207044002,規劃實務（一）,3,選修,
207075001,地籍測量及實習,3,選修,
207098001,測量平差法（一）,2,選修,
207879001,圖學,3,選修,
207883001,敷地計畫,2,選修,
207889001,不動產估價實務,3,選修,
207903001,貨幣銀行,3,選修,
207959002,規劃實務（一）實習,0,選修,
207747001,電腦繪圖,3,選修,
207928001,都市設計,2,選修,
207941001,都市更新,3,選修,
207M01001,VR與GIS於生態旅遊的應用,0.4,選修,
207047001,計算機程式設計,3,選修,
207074011,測量學及實習,3,選修,
207079001,不動產投資與市場分析,3,選修,
207091001,衛星定位測量,3,選修,
207835001,不動產經濟分析,3,選修,
207097001,不動產經營管理,3,選修,
207739001,環境法,2,選修,
207741001,應用AI於城市永續生態設計,3,選修,
207743001,國際間財產評價,2,選修,
207744001,以歷史的角度看地表變遷,2,選修,
207757001,不動產建築管理與法律,2,選修,
207800001,數值攝影測量學,3,選修,
207812001,地圖投影學,3,選修,
207888001,不動產資料處理,3,選修,
207907001,不動產交易法,3,選修,
207957002,規劃實務（二）實習,0,選修,
207008001,土地行政,3,選修,
207061001,都市交通運輸計畫,2,選修,
207092001,遙感探測,3,選修,
208018001,經濟思想史,3,選修,
208783001,貧窮經濟學專題,3,選修,
208943001,勞動經濟學,3,選修,
208002002,微積分,3,選修,
208021001,國際金融,3,選修,
208023001,經濟數學,3,選修,
208774001,資料分析與R語言,3,選修,
208872002,賽局理論入門,3,選修,
208900001,管理經濟,3,選修,
208020011,國際貿易,3,選修,
208767001,平台經濟,3,選修,
208789002,產業經濟學—賽局應用,3,選修,
209022001,民族政策,3,選修,
209057002,滿語,2,選修,
209060002,維吾爾語,2,選修,
209102002,蒙古語：傳統蒙文,2,選修,
209715001,民族學田野調查：泰雅族文化與地理研究,3,選修,
209016001,民族問題,3,選修,
209058002,藏語,2,選修,
209603001,博物館與文化政策,3,選修,
209608001,藏學人類學,3,選修,
209910001,中國民族關係,2,選修,
209003002,中國民族史,3,選修,
209067001,中國民族誌,3,選修,
209630001,語言人類學,3,選修,
209759001,穆斯林民族問題,3,選修,
252002001,比較政治,3,選修,
252019002,社會科學統計方法,3,選修,
252737001,因果推論,3,選修,
252742001,國際政治理論,3,選修,
252915001,非洲政府與政治,3,選修,
252919001,德國政府與政治,3,選修,
252952002,社會科學統計方法實習,0,選修,
252021001,西洋政治思想主要課題,3,選修,
252684001,自由主義與其限制,3,選修,
252687001,對外援助與發展議題,3,選修,
252693001,尼采哲學,3,選修,
252699001,全球化與東亞福利國家,3,選修,
252745001,發展與政策,3,選修,
254771001,AI與治理,3,選修,
254789001,親密關係與生命歷程,3,選修,
254861001,教育與全球化社會,3,選修,
254002001,社會學研究方法,3,選修,
254124001,遷徙與社會發展：理論與實務,3,選修,
254778001,美國社會,3,選修,
254867001,宗教社會學,3,選修,
254001001,社會學理論,3,選修,
254779001,科技社會與文化,3,選修,
255007001,福利經濟學,3,選修,
255036011,租稅分析與應用,3,選修,
255044001,租稅法專題,3,選修,
255833001,貿易理論與關稅政策,3,選修,
255843001,賦稅改革,3,選修,
255846001,中國經濟專題研究,3,選修,
255038011,公共支出分析與應用,3,選修,
255834001,租稅個案實習,3,選修,
255852001,區域經濟,3,選修,
255002001,財政政策,3,選修,
255043001,稅務會計,3,選修,
255827001,循環經濟和永續發展,3,選修,
255832001,循環商業模式,3,選修,
255882001,賽局論,3,選修,
255915001,地方財政,3,選修,
256747001,政策分析與論文寫作,3,選修,
256814001,政府人力資源管理,3,選修,
256016001,量化研究法,3,選修,
256021011,公共政策與分析,3,選修,
256704001,社會企業,3,選修,
256670001,環境社會治理（ESG）專題研究,3,選修,
256672001,政治參與及社會運動,3,選修,
256682001,公共領導與治理,3,選修,
256691001,跨域治理與組織協力,3,選修,
256016011,量化研究法,3,選修,
256021001,公共政策與分析,3,選修,
256665001,全球在地化社群組織與管理,3,選修,
256683001,資料導向決策,3,選修,
256700001,政策分析,3,選修,
256884001,公共管理研究,3,選修,
257714001,國際間財產評價,2,選修,
257715001,以歷史的角度看地表變遷,2,選修,
257755001,電腦輔助大量估價專題研究,3,選修,
257716001,東亞土地徵收研究專題,3,選修,
257721001,GNSS精密定位：理論與實作,3,選修,
257728001,獨立研究（二）,2,選修,
257737001,氣候變遷時期土地與環境法制專題研究,3,選修,
257738001,地價與地稅：理論、實證與政策,3,選修,
257811001,不動產估價專題研究,3,選修,
257872001,地理資訊系統特論,3,選修,
257917001,公共政策分析,3,選修,
257710001,管理經濟學,3,選修,
257748001,不動產市場土地開發行為之分析,3,選修,
257761001,空間資訊整合應用分析,3,選修,
257773001,財產權理論與土地使用管制,3,選修,
258015001,總體經濟理論（二）,3,選修,
258913001,產業經濟學（二）,3,選修,
258950001,經濟問題研討（二）,1,選修,
258702001,管理經濟學,3,選修,
258718001,環境與資源經濟學（四）：永續發展經濟學,3,選修,
258722001,貿易與產業實證專題,3,選修,
258935001,國際金融（二）,3,選修,
258014001,個體經濟理論（二）,3,選修,
258016001,經濟計量學（二）,3,選修,
258721001,環境與資源經濟學（一）： 環境政策經濟分析,3,選修,
258931001,勞動經濟學（二）,3,選修,
259665001,亞洲主權：人類學視角,3,選修,
259698001,文化生態研究專題：森林的綠色發展，保育和氣候變遷,3,選修,
259791001,民俗學,3,選修,
259796001,族群互動與文化書寫,3,選修,
259019001,民族學方法（II）,2,選修,
259682001,語言人類學,3,選修,
259684001,大洋洲民族誌專題,3,選修,
259701001,穆斯林民族問題,3,選修,
259662001,藏學人類學,3,選修,
259823001,日本文化人類學選讀,3,選修,
261106001,質性研究法,3,選修,
261898001,台灣政治經濟發展,3,選修,
261913001,東南亞族群發展,3,選修,
261877001,台灣的企業組織與經濟發展,3,選修,
261886001,研究方法—民族誌田野調查,3,選修,
262796001,社會科學方法論,2,選修,
262797001,人力資源管理與發展專題研究,2,選修,
262856001,勞資協商專題研究,2,選修,
262905001,就業服務專題研究,2,選修,
262020001,勞動事務實習：勞動市場（一）,1,選修,
262817001,集體勞動法,2,選修,
262868001,比較勞資關係專題研究,3,選修,
262002002,勞動法學專題研究,3,選修,
262022001,勞動事務實習：勞資關係（一）,1,選修,
262861001,勞資關係理論與實踐,3,選修,
262890001,女性勞動參與專題研究,2,選修,
264016001,非營利組織管理,3,選修,
264877001,高齡社會學與社會福利專題,3,選修,
264906001,社會工作與法律,3,選修,
264928001,家庭暴力成因與處遇模式,3,選修,
264102001,質性研究,3,選修,
264875001,家庭福利政策與服務專題,3,選修,
264902001,貧窮與社會工作,3,選修,
264873001,遷移與發展,3,選修,
264874001,培力與組織,3,選修,
264876001,混合方法研究專題,3,選修,
264933001,社會工作督導專題,3,選修,
266853001,全球化觀點,3,選修,
266897001,全球社會企業創新發展,2,選修,
266852001,政策分析,3,選修,
266854001,當代社會問題和政策解決方案,3,選修,
266855001,平台經濟,3,選修,
266905001,勞動經濟學,3,選修,
266856001,共享經濟專題研究,3,選修,
266890001,都市貧窮與不均,3,選修,
266908001,因果推論與資料科學在經濟學的應用,3,選修,
266003001,應用總體經濟,3,選修,
266857001,質性研究方法,3,選修,
266858001,地方財政,3,選修,
266867001,經濟政策分析,3,選修,
266868001,大數據與社會分析,3,選修,
266893001,教育與全球化社會,3,選修,
266909001,國際貿易,3,選修,
267944001,原住民族傳統慣習與國家法制,3,選修,
267004001,原住民族土地歷史與政策發展,3,選修,
267949001,測量學,3,選修,
267003001,土地經濟學,3,選修,
267005001,民族地理與文化生態,3,選修,
267943001,不動產估價,3,選修,
921023001,管理經濟學,3,選修,
921025001,社會科學研究方法（一）：量化研究方法,3,選修,
921027001,台灣發展重大公共議題,3,選修,
921034001,公共管理,3,選修,
921037001,社會創新實作,3,選修,
921807001,科技發展與政策前瞻,3,選修,
921809001,財政與稅務行政專題,3,選修,
921839001,法治與行政,3,選修,
921027011,台灣發展重大公共議題,3,選修,
921027021,台灣發展重大公共議題,3,選修,
921804001,公共事務實踐專題,3,選修,
921806001,全球變遷與勞工問題,3,選修,
921810001,經濟發展與金融實務專題,3,選修,
921821001,設計思考與社會創新,3,選修,
921854001,中國大陸政府與政治,3,選修,
921023011,管理經濟學,3,選修,
921805001,社會安全與福利政策,3,選修,
923874001,土地法專題研究 （二）,3,選修,
923883001,不動產法定及爭訟估價,3,選修,
923914001,研究方法,3,選修,
923925001,交通運輸與土地利用研究,3,選修,
923929001,土地經濟專題研究,3,選修,
923878001,不動產交易管理與法律專題研究（二）,3,選修,
923911001,都市發展與制度選擇專題研究,3,選修,
923940001,土地政策與行政專題研究,3,選修,
923877001,不動產量化分析,3,選修,
923890001,空間資訊科技應用特論,3,選修,
926882001,都市貧窮與不均,3,選修,
926911001,台灣的政治發展,3,選修,
926837001,種族、宗教、民族主義：全球的暴力與歸屬政治,3,選修,
926839001,政策分析,3,選修,
926876001,文化生態研究專題：森林的綠色發展，保育和氣候變遷,3,選修,
926881001,國際人權倡議,3,選修,
926917001,台美中關係與國際體系,3,選修,
926838001,當代社會問題和政策解決方案,3,選修,
926864001,永續發展與都市政治,3,選修,
926879001,西方眼中的中國與臺灣專題,3,選修,
926896001,東亞與南亞之民主與民主化,3,選修,
926032011,亞太國家發展政策比較,3,選修,
926840001,非營利組織管理,3,選修,
926841001,公民社會與憲政民主：來自全球南方的教訓,3,選修,
926842001,混合方法研究專題,3,選修,
926859001,亞洲主權：人類學視角,3,選修,
926861001,東南亞族群發展,3,選修,
926862001,東南亞比較政治,3,選修,
254132001,高等量化方法,3,選修,
255022001,高等個體經濟學（二）,3,選修,
255046001,租稅理論,3,選修,
255039001,計量經濟學（二）,3,選修,
256009001,公共政策理論研究,3,選修,
256026001,高等質性研究,3,選修,
258004001,總體經濟理論（二）,3,選修,
258002001,個體經濟理論（二）,3,選修,
258017001,經濟計量學（二）,3,選修,
258949001,經濟問題研討（三）,1,選修,
259049001,民族史專題研究,3,選修,
259052001,民族史專題研究,3,選修,
261043001,發展與政策,3,選修,
265831001,東南亞族群發展,3,選修,
265834001,文化生態研究專題：森林的綠色發展，保育和氣候變遷,3,選修,
265787001,當代亞太外交政策,3,選修,
265789001,混合方法研究專題,3,選修,
265802001,亞洲主權：人類學視角,3,選修,
265895001,政策分析,3,選修,
265786001,政治社會學,3,選修,
265797001,台美中關係與國際體系,3,選修,
265803001,政治參與及社會運動,3,選修,
265823001,非營利組織管理,3,選修,
265880001,東亞與南亞之民主與民主化,3,選修,
265910001,發展與政策,3,選修,
265785001,全球化觀點,3,選修,
265788001,美中關係,3,選修,
265795001,亞太戰略研析,3,選修,
265810001,全球社會企業創新發展,2,選修,
265822001,西方眼中的中國與臺灣專題,3,選修,
265824001,資料導向決策,3,選修,
265826001,國際人權倡議,3,選修,
265840001,因果推論與資料科學在經濟學的應用,3,選修,
300773001,平台創新與我,1,選修,
300803011,國際商業競賽訓練,2,選修,
300894001,中級寫作訓練,3,選修,
300897001,寫作與口語訓練（二）,3,選修,
300897051,寫作與口語訓練（二）,3,選修,
300774001,創新創業實作專題,3,選修,
300894011,中級寫作訓練,3,選修,
300752001,ESG投資與創新,2,選修,
300894051,中級寫作訓練,3,選修,
300897011,寫作與口語訓練（二）,3,選修,
300897021,寫作與口語訓練（二）,3,選修,
300897071,寫作與口語訓練（二）,3,選修,
300921001,保險學,3,選修,
300794001,金融機構風險管理,3,選修,
300894021,中級寫作訓練,3,選修,
300894031,中級寫作訓練,3,選修,
300894041,中級寫作訓練,3,選修,
300897031,寫作與口語訓練（二）,3,選修,
300897041,寫作與口語訓練（二）,3,選修,
300897061,寫作與口語訓練（二）,3,選修,
300906001,總體經濟學,3,選修,
301807001,策略經濟學,3,選修,
301813001,投資與資產組合,3,選修,
301815001,亞洲經濟問題研究（甲）,3,選修,
301848001,電腦模擬的商業應用,3,選修,
301030011,貿易與投資專題,3,選修,
301786001,WTO專題研究：服務貿易法,3,選修,
301808001,經貿數據分析,3,選修,
301881001,用Python學財務計量,3,選修,
301030001,貿易與投資專題,3,選修,
301031001,國際經貿法專題,3,選修,
301035001,國際金融專題,3,選修,
301776001,Python入門與商業分析應用,3,選修,
301806001,新創事業發展,3,選修,
301811001,國際總體經濟學,3,選修,
301833001,行銷研究,3,選修,
301839001,國際金融法專題（二）,3,選修,
301843001,商務英文寫作,2,選修,
301851001,國際商學經營專題,3,選修,
301911001,商情預測,3,選修,
302774001,投資決策與資產管理,3,選修,
302944001,個體經濟學,3,選修,
302043001,貨幣理論與政策,3,選修,
302788001,金融計算程式運用（一）,2,選修,
302809001,投資銀行策略與實務,3,選修,
302826001,財務賽局,2,選修,
302899001,金融專題研討,3,選修,
303884001,會計審計法規,2,選修,
303897001,大數據之決策管理及審計實務,3,選修,
303035011,會計資訊系統（二）,2,選修,
303816001,資訊科技風險之因應及實務,3,選修,
303828001,大陸稅法實務及案例,3,選修,
303845001,政府財務報導,3,選修,
303891001,會計師業務實戰研討,3,選修,
303817001,商業資料分析應用：Python （二）,3,選修,
303817011,商業資料分析應用：Python （二）,3,選修,
303840001,公司治理與財務報表,3,選修,
303842001,企業併購法,3,選修,
303019011,財務報表分析,3,選修,
303021011,審計學（一）,3,選修,
303032001,高級會計學（二）,3,選修,
303035001,會計資訊系統（二）,2,選修,
303815001,作業價值管理（AVM）—企業實作（二）,3,選修,
303816011,資訊科技風險之因應及實務,3,選修,
303874001,無形資產報導與評價,1,選修,
303878001,審計實務實習,2,選修,
303962011,審計學（一）實習,0,選修,
303021001,審計學（一）,3,選修,
303032011,高級會計學（二）,3,選修,
304008001,迴歸分析（一）,3,選修,
304023011,多變量分析,3,選修,
304908001,人口統計,3,選修,
305679001,職涯發展,3,選修,
305749001,競爭與合作實務個案研討,1,選修,
305689001,產業新趨勢之商業模式開發：生技醫療,1,選修,
305831001,管理經濟學,3,選修,
305009011,人力資源管理,3,選修,
305641001,企業個案研討,3,選修,
305650001,產品與品牌管理,3,選修,
305771001,大數據品牌行銷,1,選修,
305009001,人力資源管理,3,選修,
305018001,微積分,3,選修,
305023001,資訊管理,3,選修,
305678001,產業發展與就業規劃,1,選修,
305683001,責任行銷,3,選修,
305740001,激勵與領導,3,選修,
305754001,組織理論與管理,3,選修,
305821001,銷售與顧客關係管理,3,選修,
305936011,國際企業管理,3,選修,
306016052,資訊系統專案設計,3,選修,
306048001,管理科學,3,選修,
306016022,資訊系統專案設計,3,選修,
306016002,資訊系統專案設計,3,選修,
306016032,資訊系統專案設計,3,選修,
306016042,資訊系統專案設計,3,選修,
306731001,新型學習演算法,3,選修,
306859001,演算法,3,選修,
306008011,資料庫管理,3,選修,
306016012,資訊系統專案設計,3,選修,
306044001,財會資訊系統,3,選修,
306050001,程式設計二,2,選修,
306732001,網路安全的資料科學,3,選修,
307839001,永續投資與企業永續策略實務研討,3,選修,
307843001,跨國併購研討,1,選修,
307851001,財務金融卓越講座,1,選修,
307852001,產險經營管理實務講座,3,選修,
307857001,不動產財務,3,選修,
307932001,國際財務管理,3,選修,
307942001,不動產估價,3,選修,
307034001,進階財務管理,3,選修,
307840001,金融機構與風險管理,3,選修,
307845001,資產配置,3,選修,
307901001,計量經濟學,3,選修,
308003002,民法概要,2,選修,
308013001,社會保險,3,選修,
308010001,財產保險,3,選修,
308878001,財務數學（一）,2,選修,
308021001,風險管理與保險專題,2,選修,
308857001,金融控股公司經營與策略,3,選修,
308870001,產險經營管理實務講座,3,選修,
308002002,微積分,3,選修,
308017011,責任保險,2,選修,
308044001,風險管理,3,選修,
308846001,保險監理與法規,2,選修,
308852001,保險科技,3,選修,
308945001,海上保險,3,選修,
308951012,微積分實習,0,選修,
351710001,碳市場與排放權交易之法律分析,3,選修,
351814001,財務管理,3,選修,
351948001,個體經濟理論（一）,3,選修,
351031011,國際金融,3,選修,
351035001,國際金融法專題（二）,3,選修,
351719001,國際企業經營法律風險實務探討,3,選修,
351729001,WTO專題研究：服務貿易法,3,選修,
351785001,財務經濟（二）,3,選修,
351792001,固定收益證券﹕分析與創新,3,選修,
351880001,行銷研究,3,選修,
351030001,國際財務管理,3,選修,
351713001,行為投資學,3,選修,
351715001,商情預測,3,選修,
351724001,貿易與投資專題,3,選修,
351735001,財務金融資訊分析,3,選修,
351761001,國際企業專題,3,選修,
351906001,計量經濟學（二）,3,選修,
351950001,投資與資產組合,3,選修,
351029011,國際行銷管理,3,選修,
351708001,Python入門與商業分析應用,3,選修,
351709001,國際貿易爭端與商業糾紛解決,3,選修,
351711001,新創事業發展,3,選修,
351712001,公司理財實證專題,3,選修,
351714001,經貿數據分析,3,選修,
351725001,國際金融專題,3,選修,
351780011,專案研究（一）,2,選修,
351801001,產業經濟（一）,3,選修,
352027001,經濟分析,3,選修,
352045001,金融專題研討,3,選修,
352751001,金融計算程式運用（一）,2,選修,
352769001,金融科技概論,3,選修,
352785001,投資銀行策略與實務,3,選修,
352030001,財務管理,3,選修,
352059001,金融機構財務與風險管理,3,選修,
352733001,金融大數據研討,3,選修,
352748001,ESG／永續金融與商品創新,3,選修,
352819001,時間序列分析與應用,3,選修,
352732001,創新利率金融工程專題,3,選修,
352734001,投資決策與資產管理,3,選修,
352746001,當前金融問題研討,3,選修,
353848001,審計實務實習,2,選修,
353794001,區塊鏈與Python程式設計簡介,3,選修,
353880001,財務會計實證研究,3,選修,
354749002,研究方法（二）,1,選修,
354939001,多變量分析,3,選修,
354020001,統計計算與模擬,3,選修,
354742001,高等品質管理,3,選修,
354787001,人口統計,3,選修,
354001002,高等數理統計,3,選修,
354719002,研究方法（一）,1,選修,
354755001,實驗設計,3,選修,
356019001,企業流程模式,2,選修,
356376001,質性研究方法,3,選修,
356378001,網路安全的資料科學,3,選修,
356478001,企業模式創新,3,選修,
356370001,新型學習演算法,3,選修,
356386001,企業創新平台實務,3,選修,
356016001,資訊系統研發,3,選修,
356018001,IT策略與管理,3,選修,
356813001,進階資訊系統研發,3,選修,
357029001,投資決策與管理,3,選修,
357031001,多國籍企業財務決策,3,選修,
357868001,財務實證研究,3,選修,
357892001,產險經營管理實務講座,3,選修,
357864001,永續投資與企業永續策略實務研討,3,選修,
357867001,跨國併購研討,1,選修,
357891001,財務金融卓越講座,1,選修,
357924001,企業重組與購併,3,選修,
357865001,金融機構與風險管理,3,選修,
357902001,行為財務學,3,選修,
357920001,債券分析,3,選修,
358003002,保險法,2,選修,
358807001,產險經營管理實務講座,3,選修,
358001001,風險管理,3,選修,
358024001,危險理論,3,選修,
358035001,社會保險,3,選修,
358071001,精算數學專題,3,選修,
358775001,保險監理與法規,2,選修,
358839001,風險管理決策分析,3,選修,
358870001,海上保險,3,選修,
358002001,保險理論,3,選修,
358007001,退休金與產物保險之精算應用,3,選修,
358032001,保險會計與財務報表分析,3,選修,
358072001,保險單條款專題,3,選修,
358795001,金融保險財務管理專題研討,1,選修,
363014001,財務管理,3,選修,
363862001,韓國產業數位轉型與創業,1,選修,
363863001,全球及本土企業經營（二）,1,選修,
363864001,全球及本土企業經營（一）,1,選修,
363946001,合併、收購與重整,3,選修,
363014011,財務管理,3,選修,
363017001,企業法律,2,選修,
363018011,策略資訊管理,2,選修,
363020001,公司治理,1,選修,
363021001,企業社會責任與倫理,1,選修,
363866001,策略矩陣分析法：觀念與實務應用,2,選修,
363877001,高科技產業趨勢與策略分析,2,選修,
363881001,組織行為,2,選修,
363888001,平台策略與創新實踐,2,選修,
363899001,銷售與顧客關係管理－策略觀,2,選修,
363919001,企業個案研討,3,選修,
363938001,企業競合,2,選修,
363015011,策略管理,3,選修,
363018001,策略資訊管理,2,選修,
363020011,公司治理,1,選修,
363021011,企業社會責任與倫理,1,選修,
363865001,三創在文創產業之應用,1,選修,
363871001,金融科技專題,1,選修,
363939001,談判,2,選修,
363945001,消費者行為,2,選修,
363949001,經濟學,2,選修,
364074001,創新經濟與法律,3,選修,
364770001,科技產業概論,3,選修,
364771001,ESG永續發展與公司治理,3,選修,
364772001,ESG投資與創新,2,選修,
364773001,智慧財產與企業併購專題研究,2,選修,
364774001,智慧財產權法律與管理專題（一）,3,選修,
364783001,經濟法,1,選修,
364801001,策略與創新理論研討（一）,3,選修,
364808001,無形資產報導與評價,1,選修,
364810001,智慧財產權與競爭法的衝突與調和,2,選修,
364819001,文化產業與智慧財產權專題實作（二）,1.5,選修,
364832001,資訊科技與法律,3,選修,
364855001,開放創新：啟動商業模式變革,3,選修,
364891001,專題討論－生物科技管理個案,1,選修,
364014001,科技與人文社會,3,選修,
364784001,公平交易法,2,選修,
364791001,創新經濟與法律實作專題（一）,1.5,選修,
364863001,會計學,0,選修,
364066001,文化創意產業管理,3,選修,
364788001,X創業家,3,選修,
364798001,企業永續管理與策略,3,選修,
364831001,服務創新管理,3,選修,
364851001,文化產業與智慧財產權,2,選修,
364904001,台灣科技管理專題,1,選修,
933863001,企業財務決策,2,選修,
933879001,多元文化團隊管理,2,選修,
933884001,投資學,3,選修,
933894001,策略人才管理,3,選修,
933905001,消費者行為,3,選修,
933003001,資訊管理,3,選修,
933004001,財務管理,3,選修,
933862001,商業決策分析入門,1,選修,
933864001,全球品牌管理,2,選修,
933899001,全球與跨文化行銷管理,3,選修,
933915001,國際財務,2,選修,
933002001,行銷管理,3,選修,
933016001,領導與團隊,2,選修,
933868001,創新經營與管理,1,選修,
933871001,領導力引領變革,2,選修,
933878001,企業競合,2,選修,
351012001,國際商學專題研討（二）,2,選修,
351022001,國際商學專題研討（四）,2,選修,
352026002,金融專題研討,1,選修,
352015001,高等數量方法研討,3,選修,
352034001,高等計量經濟研討,3,選修,
352056001,財務經濟學（一）,3,選修,
352923001,財務經濟學（一）,3,選修,
353072001,會計研究專題：供應鏈下環境績效管理,1,選修,
353012001,高等財務會計研究,3,選修,
353073001,會計研究專題：ESG評級分歧之研究,1,選修,
353805001,會計專題研討（二）,1,選修,
354003002,數理統計專題,3,選修,
354016001,機率論,3,選修,
355101001,入學研究營,1.5,選修,
355510001,行銷管理獨立研究：獨立研究,3,選修,
355511001,組織領導學專題研討：理論與研究發展,3,選修,
355620001,人力資源管理專題研討,1,選修,
355668001,消費者行為研討,3,選修,
355711001,策略性人力資源管理,3,選修,
355107001,研究發表營,1.5,選修,
355502001,策略管理理論,3,選修,
355516001,組織理論專題研討（一）,3,選修,
355534001,企業問題研討（一）,3,選修,
355578001,行銷管理獨立研究,3,選修,
355630001,國際企業管理研討,3,選修,
355770011,組織行為專題研討（一）,1,選修,
355011001,社會科學研究方法,3,選修,
355102001,商學基礎理論與應用,3,選修,
355501001,事業創新與智財策略,3,選修,
355509001,行銷管理獨立研究：直播電商,3,選修,
355512001,行銷管理獨立研究：AI演算法及消費者決策的關係與影響,3,選修,
355520001,企業診斷與顧問案例研討,3,選修,
355524001,新興資訊技術發展與應用,3,選修,
355625001,管理理論專題研討,3,選修,
355819001,數量方法專題研討（一）,3,選修,
356101001,入學研究營,1.5,選修,
356369001,企業診斷與顧問案例研討,3,選修,
356375001,新興資訊技術發展與應用,3,選修,
356010001,高等數量方法,3,選修,
356102001,商學基礎理論與應用,3,選修,
356381001,策略管理理論,3,選修,
356009001,資訊技術研究,3,選修,
356017001,進階資訊系統研發,3,選修,
356107001,研究發表營,1.5,選修,
356380001,事業創新與智財策略,3,選修,
357040001,財務計量研討,3,選修,
357043001,財務理論研討（二）：連續時間模式,3,選修,
357036001,財務學術研討（二）,1,選修,
357910001,公司理財研討,3,選修,
358782001,保險單條款專題,3,選修,
358063001,保險產業專題,3,選修,
358796001,保險財務專題,3,選修,
364040001,科技管理與智慧財產理論研討（二）,1,選修,
364042001,科技管理與智慧財產理論研討（四）,1,選修,
364107001,研究發表營,1.5,選修,
364101001,入學研究營,1.5,選修,
364827001,策略管理理論,3,選修,
364080001,智慧財產管理研討,3,選修,
364102001,商學基礎理論與應用,3,選修,
364151001,事業創新與智財策略,3,選修,
364769001,元宇宙與數位治理,3,選修,
364787001,企業診斷與顧問案例研討,3,選修,
364792001,新興資訊技術發展與應用,3,選修,
400909002,整合實驗中心實驗Ａ,1,選修,
400912002,整合實驗中心實驗,1,選修,
400910002,整合實驗中心實驗Ｂ,1,選修,
405897001,進階程式設計,3,選修,
405908001,資訊圖表與視覺化,3,選修,
405917001,公共關係基礎,3,選修,
405898001,資料結構與演算法,3,選修,
405929001,科學與風險傳播,3,選修,
405949001,戲劇概論,3,選修,
405878001,進階資料分析與策略,3,選修,
405883001,廣告原理,3,選修,
405884001,影視科技產業生態,3,選修,
405906001,圖文編輯,3,選修,
405921001,影像視覺元素,3,選修,
405935001,跨媒體識讀,3,選修,
405944001,創意與設計,3,選修,
401033011,新聞攝影,3,選修,
401114001,新聞媒體實驗（二）,3,選修,
401123001,媒體經典個案,3,選修,
401132001,政治傳播,3,選修,
401119001,電視新聞製作與播報,3,選修,
401124001,傳播科技專題,3,選修,
401125001,都市空間與消費文化,3,選修,
401127001,傳播政治經濟學,3,選修,
401115001,傳播方法與實踐,3,選修,
401133001,國際傳播專題,3,選修,
401135001,新聞網站平台運作實務,3,選修,
402051001,公關策略與企劃,3,選修,
402079001,影像後製與設計,3,選修,
402083001,社群媒體行銷,3,選修,
402094001,公共報導與公關寫作,3,選修,
402095001,作品集設計,3,選修,
402098001,公關個案研究,3,選修,
402051011,公關策略與企劃,3,選修,
402081001,品牌識別與應用設計,3,選修,
402087001,互動與行銷溝通,3,選修,
402093001,企業公共關係,3,選修,
402096001,品牌策略與實務,3,選修,
403070001,音響學,3,選修,
403073002,獨立專題,3,選修,
403056001,媒介經營管理,3,選修,
403072001,電影欣賞與評鑑,3,選修,
403076001,編劇學,3,選修,
403083001,進階電視製作—生活風格節目,3,選修,
403088001,影視製片與發行,3,選修,
403090001,影視編導實務,3,選修,
403099001,進階攝影專題,3,選修,
403103001,動畫基礎與製作,3,選修,
403053001,影像製作,3,選修,
403059001,廣播節目製作,3,選修,
403084001,藝術、流行文化與社會,3,選修,
403085001,新媒體與創業,3,選修,
403087001,電影配樂概論,3,選修,
403089001,行動內容製作與評估,3,選修,
403091001,進階電視製作－紀錄,3,選修,
403094001,媒介創新與商業模式,3,選修,
403097001,影視剪接,3,選修,
403098001,獨立專題（B）,3,選修,
464795001,東亞影視作品與社會,3,選修,
464796001,資訊通訊法與社會,3,選修,
464805001,社交媒體研究,3,選修,
464863001,傳播與文化專題：跨領域視野,3,選修,
464866001,想像敘事與互動基礎,3,選修,
464915001,導演方法,3,選修,
464798001,現象學與質性研究,3,選修,
464799001,文化研究方法,3,選修,
464822001,進階量化研究,3,選修,
464835001,兩岸流行文化研究—中國電影專題,3,選修,
464858001,廣告效果研究,3,選修,
464901001,媒介賽局專題,3,選修,
464868001,聲音基礎,1,選修,
464889001,非劇情片理論與創作,3,選修,
464929001,傳播政治經濟學,3,選修,
461862001,數位媒體進階工作坊：紀錄片數位影像製作,3,選修,
461863001,社交媒體數位內容行銷,3,選修,
461877001,非主流群體的媒體再現,3,選修,
461905001,國際媒體倡導與社會行銷,3,選修,
461861001,國際新聞報導,3,選修,
461903001,政治傳播專題,3,選修,
461920001,傳播統計分析,3,選修,
461941001,國際形象與國際溝通,3,選修,
461942001,專業實習,2,選修,
462008001,數位內容技術實作,3,選修,
462890001,人工智慧與數位內容,3,選修,
462896001,互動科技研究討論,3,選修,
462004001,創意研討Ｂ,1,選修,
462006001,創意研討Ｄ,1,選修,
462889001,遊戲引擎應用開發,3,選修,
462932001,電腦動畫,3,選修,
941930001,研究創意坊,3,選修,
941003001,媒介生態專題,3,選修,
941004001,閱聽人專題,3,選修,
941914001,娛樂媒介與媒介心理,3,選修,
941915001,媒體消費與物質文化,3,選修,
941933001,媒介賽局專題,3,選修,
941949001,國外見習,3,選修,
463004001,方法論,3,選修,
463887001,文化研究方法,3,選修,
463890001,社交媒體研究,3,選修,
463911001,媒介賽局專題,3,選修,
463935001,傳播政治經濟學,3,選修,
463886001,現象學與質性研究,3,選修,
463896001,進階量化研究,3,選修,
463901001,兩岸流行文化研究─中國電影專題,3,選修,
463885001,資訊通訊法與社會,3,選修,
463897001,媒介心理與閱聽人,3,選修,
501019002,寫作與閱讀（二）,3,選修,
501019032,寫作與閱讀（二）,3,選修,
501019042,寫作與閱讀（二）,3,選修,
501019052,寫作與閱讀（二）,3,選修,
501031001,美國文學1865以後,3,選修,
501041022,寫作與閱讀（一）,3,選修,
501041032,寫作與閱讀（一）,3,選修,
501067001,二十世紀英國文學,3,選修,
501767001,英語教學與社群媒體,3,選修,
501893001,英語教學實務專題,3,選修,
501019022,寫作與閱讀（二）,3,選修,
501041012,寫作與閱讀（一）,3,選修,
501058001,英語口語訓練（二）：口語訓練與閱讀,3,選修,
501058011,英語口語訓練（二）：口語訓練與閱讀,3,選修,
501059001,英語語言發展史,3,選修,
501066001,英國文學：1600至1800,3,選修,
501825001,歐洲文學,3,選修,
501041042,寫作與閱讀（一）,3,選修,
501041052,寫作與閱讀（一）,3,選修,
501058021,英語口語訓練（二）：口語訓練與閱讀,3,選修,
501858001,進階英語口語訓練：辯論,3,選修,
502086001,阿拉伯語詞法學,2,選修,
502123001,阿拉伯語聽力（三）,1,選修,
502101002,阿拉伯語（一）,3,選修,
502124002,阿拉伯語（四）,2,選修,
502128001,伊斯蘭阿拉伯世界概論：語言與文學,2,選修,
502866001,伊朗文化專題,2,選修,
502108012,阿拉伯語（二）,3,選修,
502111002,阿拉伯語語法（一）,2,選修,
502114012,應用阿拉伯語（一）,3,選修,
502115002,應用阿拉伯語（二）,3,選修,
502121001,阿拉伯語聽力（一）,1,選修,
502865001,阿拉伯語音練習,2,選修,
502870001,區域研究－中東國際關係,3,選修,
502045002,阿拉伯語（三）,2,選修,
502101012,阿拉伯語（一）,3,選修,
502108002,阿拉伯語（二）,3,選修,
502114002,應用阿拉伯語（一）,3,選修,
502115012,應用阿拉伯語（二）,3,選修,
502121011,阿拉伯語聽力（一）,1,選修,
502864001,波斯語（一）,2,選修,
504021022,初級俄語,3,選修,
504047002,應用俄語寫作,1,選修,
504047012,應用俄語寫作,1,選修,
504057002,高階俄語會話,1,選修,
504788001,俄羅斯媒體翻譯和分析,2,選修,
504021002,初級俄語,3,選修,
504031022,中級俄語,3,選修,
504056002,進階俄語會話,1,選修,
504057012,高階俄語會話,1,選修,
504021012,初級俄語,3,選修,
504031002,中級俄語,3,選修,
504031012,中級俄語,3,選修,
504056012,進階俄語會話,1,選修,
504056022,進階俄語會話,1,選修,
504060001,進階俄語：社會,2,選修,
504096002,進階俄語語法,2,選修,
504096012,進階俄語語法,2,選修,
506006022,日語會話演習（一）,4,選修,
506008002,高級日語,2,選修,
506009022,日語會話演習（二）,4,選修,
506010002,日文習作（一）,2,選修,
506069001,日本專題研究Ｃ２：歷史文化,2,選修,
506830001,日語語法２,2,選修,
506931001,新聞日語２,2,選修,
506006012,日語會話演習（一）,4,選修,
506007002,中級日語,3,選修,
506009002,日語會話演習（二）,4,選修,
506009012,日語會話演習（二）,4,選修,
506011002,日文習作（二）,2,選修,
506011012,日文習作（二）,2,選修,
506023001,日本專題研究Ｂ２：文學,2,選修,
506829001,進階日譯中理論與實務２,2,選修,
506834001,日本文學史２,2,選修,
506844001,日語主題討論與簡報訓練２,2,選修,
506864002,日語聽力（一）,2,選修,
506914002,日文教材教法與實習,2,選修,
506006002,日語會話演習（一）,4,選修,
506010012,日文習作（一）,2,選修,
506010022,日文習作（一）,2,選修,
506011022,日文習作（二）,2,選修,
506021001,日本專題研究Ａ２：語言,2,選修,
506835001,日語表現與創作２,2,選修,
506861001,商務日語２,2,選修,
507027002,中級韓國語,3,選修,
507046002,韓語口說訓練（一）,3,選修,
507048012,韓語口說訓練（三）,3,選修,
507050002,韓文寫作,3,選修,
507842001,韓文教學實習,2,選修,
507862001,商用韓文書信,2,選修,
507891002,生活韓國語,2,選修,
507915001,韓語翻譯,3,選修,
507049002,韓語語法與應用,3,選修,
507892001,北韓研究,3,選修,
507943001,觀光韓語,3,選修,
507M01001,認識東亞漢文獻：韓國古文書入門,1,選修,
507026002,初級韓國語,3,選修,
507028002,高級韓國語,3,選修,
507046012,韓語口說訓練（一）,3,選修,
507047002,韓語口說訓練（二）,3,選修,
507047012,韓語口說訓練（二）,3,選修,
507048002,韓語口說訓練（三）,3,選修,
507050012,韓文寫作,3,選修,
507835001,韓國社會議題,2,選修,
507841001,韓國近代史,2,選修,
507873001,韓國社會與文化,2,選修,
508080012,土耳其語視聽與會話（二）,3,選修,
508082002,土耳其語語法與寫作,2,選修,
508083002,土耳其語視聽與會話（四）,2,選修,
508085002,土耳其文史專題,3,選修,
508840001,土耳其休閒運動產業之發展,2,選修,
508055002,大二土耳其語,3,選修,
508080002,土耳其語視聽與會話（二）,3,選修,
508081002,土耳其語視聽與會話（三）,2,選修,
508818001,閱讀與分析土耳其短篇小說,2,選修,
508817001,土耳其文寫作技巧訓練,2,選修,
508826001,美食與文化,2,選修,
508855001,現代土耳其與歐洲社經關係,3,選修,
509005002,初級德文聽力會話,2,選修,
509006002,初級西文聽力會話,2,選修,
509009002,初級西文語法,2,選修,
509015002,中級德文聽力會話,2,選修,
509017002,中級法文語法,2,選修,
509019002,中級西文語法,2,選修,
509024002,法國文化概論,2,選修,
509026002,西班牙文化概論,2,選修,
509031002,進階法文聽力會話,2,選修,
509032002,進階德文聽力會話,2,選修,
509047002,專業法文,2,選修,
509057002,初級德文閱讀,2,選修,
509059002,初級法文應用,2,選修,
509063002,中級德文閱讀,2,選修,
509067002,進階西文寫作,2,選修,
509885002,中級法文作文,2,選修,
509893001,西語系國家藝術賞析,2,選修,
509899001,中級德文作文（二）,2,選修,
509900001,德語語言學入門,2,選修,
509913001,專業法文翻譯,2,選修,
509914001,專業德文翻譯,2,選修,
509922001,新聞德文,2,選修,
509008002,初級德文語法,2,選修,
509018002,中級德文語法,2,選修,
509040002,法國文學概論,2,選修,
509041002,德國文學概論,2,選修,
509048002,專業德文,2,選修,
509049002,專業西文,2,選修,
509056002,初級法文閱讀,2,選修,
509058002,初級西文閱讀,2,選修,
509060002,初級德文應用,2,選修,
509061002,初級西文應用,2,選修,
509064002,中級西文閱讀,2,選修,
509065002,進階法文寫作,2,選修,
509066002,進階德文寫作,2,選修,
509902001,初級德文語練（二）,2,選修,
509906002,多媒體法文,2,選修,
509907002,中級西文作文,2,選修,
509912001,法國戲劇概論,2,選修,
509927002,法語系國家文化入門,2,選修,
509004002,初級法文聽力會話,2,選修,
509007002,初級法文語法,2,選修,
509014002,中級法文聽力會話,2,選修,
509016002,中級西文聽力會話,2,選修,
509025002,德國文化概論,2,選修,
509033002,進階西文聽力會話,2,選修,
509042002,西班牙文學概論,2,選修,
509062002,中級法文閱讀,2,選修,
509887001,專業法文檢定訓練（B2）,2,選修,
509892001,西語文學與電影,2,選修,
509918002,專業西文會話,2,選修,
510002002,初級越語會話,2,選修,
510006002,中級越語,2,選修,
510012002,初級泰語,3,選修,
510014001,東南亞發展與治理,3,選修,
510024001,東南亞政府與政治,3,選修,
510026002,初級越語語法,2,選修,
510029002,初級泰語,2,選修,
510032002,初級印尼語,2,選修,
510038002,中級泰語,2,選修,
510043002,中級印尼語會話,2,選修,
510049001,進階越語：經貿,2,選修,
510050001,進階越語：文學,2,選修,
510902001,後殖民研究概論,2,選修,
510915001,東南亞表演藝術文化,2,選修,
510917001,越南文化與社會,2,選修,
510926002,中級泰語,3,選修,
510929001,新聞越語,2,選修,
510940001,印度支那近現代史,2,選修,
510007002,中級越語會話,2,選修,
510016002,高級越語,2,選修,
510028001,東南亞文化與英語口說及寫作 （Ⅱ）,3,選修,
510030002,初級泰語會話,2,選修,
510034002,初級印尼語語法,2,選修,
510035002,初級越語,3,選修,
510037001,東南亞經濟概論,3,選修,
510039002,中級泰語會話,2,選修,
510042002,中級印尼語,2,選修,
510047001,越語口譯,2,選修,
510899001,東南亞伊斯蘭文明,3,選修,
510900001,越南文化與語言發展史,2,選修,
510911001,印尼語閱讀（一）,2,選修,
510001002,初級越語,2,選修,
510011002,初級印尼語,3,選修,
510013001,越語聽力（一）,1,選修,
510031002,初級泰語語法,2,選修,
510033002,初級印尼語會話,2,選修,
510041001,泰語聽力（一）,1,選修,
510045001,印尼語聽力（一）,1,選修,
510052002,高級越語會話,1,選修,
510901001,旅人眼中的東南亞,2,選修,
510903002,中級印尼語語法,2,選修,
510905002,中級越語,3,選修,
510910001,東南亞華人文化,3,選修,
510927002,中級印尼語,3,選修,
599861001,大學外文（二）：拉丁文,3,選修,
599920001,大學外文（二）：滿語,2,選修,
599M01001,９０句越南語精進你的口說能力,0.4,選修,
599882001,大學外文（二）：古希臘文,3,選修,
599922001,大學外文（二）：藏語,2,選修,
599924001,大學外文（二）：蒙古語,2,選修,
599926001,大學外文（二）：維吾爾語,2,選修,
599912001,大學外文（二）：葡萄牙文,3,選修,
551775001,傅柯專題研究,3,選修,
551801001,莎士比亞與莎士比亞評論,3,選修,
551887001,質化研究方法,3,選修,
551014001,研究方法與論文寫作,3,選修,
551744001,十九世紀英國小說：情感與科學,3,選修,
551016001,當代文學理論與批評,3,選修,
551737001,網路時代語言教學議題深究,3,選修,
551738001,語料與問卷設計在語言教學的應用,3,選修,
551795001,奇幻文學：當代科幻小說，幻想，恐怖,3,選修,
551833001,英語教學實務專題,3,選修,
551859001,現代戲劇,3,選修,
554860001,白銀時代俄國小說,3,選修,
554942001,俄語句法學,3,選修,
554009002,學術俄語（二）,2,選修,
554943001,現代俄國文學,3,選修,
554864001,俄語翻譯（二）,2,選修,
554008002,學術俄語（一）,2,選修,
554907001,俄國文學專題：１９世紀短篇小說,2,選修,
555739001,語料與問卷設計在語言教學的應用,3,選修,
555740001,語言處理專題,3,選修,
555814001,心理音韻研究方法,3,選修,
555783001,計算語言學,3,選修,
555850001,英語教學實務專題,3,選修,
555939001,第二語言習得,3,選修,
556764001,日語教育學研究２,2,選修,
556765001,日本語學研究,2,選修,
556766001,萬葉歌與神話傳說,2,選修,
556770001,東亞文學思想研究,2,選修,
556783001,日本消費文化研究,2,選修,
556815001,中日語言研究演習２,2,選修,
556901001,日本古典文法,3,選修,
556911001,日語文法研究２,2,選修,
557911001,區域經濟：台灣與韓國案例研究,3,選修,
557003001,研究方法與論文寫作,3,選修,
557916001,韓語語料庫應用研究,3,選修,
557M01001,認識東亞漢文獻：韓國古文書入門,1,選修,
557912001,韓語文法教育專題,3,選修,
557913001,語料庫語言學入門,3,選修,
560922001,政治經濟學,3,選修,
560931001,俄羅斯經濟現勢專題,3,選修,
560924001,穆斯林民族問題,3,選修,
560898001,區域研究－中東國際關係,3,選修,
560899001,阿拉伯語音練習,2,選修,
560903001,歐盟與俄羅斯經貿關係專題,3,選修,
560864001,波斯語（一）,3,選修,
560901001,伊朗文化專題,3,選修,
560912001,中俄關係研究,3,選修,
560921001,蘇聯史,3,選修,
601145021,民事訴訟法（二）,3,選修,
601382001,行政法進階,2,選修,
601506001,臨終死亡的倫理與法律議題（一）,3,選修,
601521001,國際人道法與難民法,2,選修,
601551001,民法中心公益服務實習（一）,1,選修,
601600001,物權法實例研習,3,選修,
601640001,身分法案例實習,2,選修,
601755001,企業併購法,2,選修,
601900001,強制執行法與破產法,2,選修,
601944001,德文（二）,3,選修,
601042001,行政救濟法,3,選修,
601048001,證券交易法,3,選修,
601056001,社會法,3,選修,
601103001,民法債編各論,3,選修,
601109001,海商法,2,選修,
601133001,法理學（一）,2,選修,
601146001,日本法導論,2,選修,
601147001,刑事訴訟法（二）,2,選修,
601377001,行政法專題研究 （八）,2,選修,
601440001,檢察實務研究（二）,2,選修,
601481001,信託法理論與實務,3,選修,
601482001,民商法案例研習,2,選修,
601493001,金融科技法制與監理,3,選修,
601535001,民法總則實例研習,3,選修,
601540001,公法中心公益服務實習（六）,1,選修,
601628001,教育法,2,選修,
601674001,集體勞動法,2,選修,
601681001,國際貿易法,3,選修,
601118001,勞動法與社會法導論,2,選修,
601142001,刑事政策,3,選修,
601145001,民事訴訟法（二）,3,選修,
601145011,民事訴訟法（二）,3,選修,
601375001,土地、環境與法律（二）,2,選修,
601379001,商務契約撰擬,2,選修,
601380001,親屬、繼承法的歷史與課題,3,選修,
601381001,法制史,3,選修,
601641001,經濟法,1,選修,
601679001,刑法實例研習,2,選修,
601767001,民事訴訟法實例研習,2,選修,
601821001,仲裁法,2,選修,
601943001,日文（二）,3,選修,
601047001,公平交易法,2,選修,
601085001,刑事法綜合研習,2,選修,
601103011,民法債編各論,3,選修,
601103021,民法債編各論,3,選修,
601109011,海商法,2,選修,
601110001,保險法,3,選修,
601110011,保險法,3,選修,
651316001,財產法專題研究（四）,2,選修,
651B23001,法學整合研究與論文研討（二）,1,選修,
651B27001,行政法論文寫作（九）,2,選修,
651025001,財產法專題研究（五）,2,選修,
651085001,行政法專題研究（七）,2,選修,
651095001,親子法專題研究（一）,2,選修,
651125001,證券交易法專題研究（一）,2,選修,
651221001,保險法專題研究（一）,2,選修,
651222001,憲法專題研究（一）,2,選修,
651423001,英文公法學名著選讀（二）,3,選修,
651A96001,文化與法律專題研究（二）,3,選修,
651B25001,英文契約選讀（三）,2,選修,
651B28001,醫療法專題（二）,2,選修,
651B31001,商務契約撰擬,2,選修,
651B32001,民事審判實務研究（一）,2,選修,
651126001,民事訴訟法專題研究（二）,2,選修,
651208001,經濟法專題研究（一）,2,選修,
651229001,憲法專題研究（二）,2,選修,
651276001,刑法專題研究（一）,3,選修,
651455001,比較憲法專題研究（五）,2,選修,
651664001,公法中心公益服務實習（六）,1,選修,
651715001,民法中心公益服務實習（一）,1,選修,
651A98001,原住民族行政及法規,3,選修,
651B24001,集體勞動法專題研究（四）,2,選修,
651B26001,刑法與社會專題研究（一）,3,選修,
651B30001,AI與治理,3,選修,
651017001,日文法學名著選讀（三）,3,選修,
651048001,法理學專題研究（三）,3,選修,
651049001,英文法學名著選讀（二）,3,選修,
651087001,行政法專題研究（八）,2,選修,
651167001,侵權行為法專題研究（二）,3,選修,
651247001,社會法專題研究（二）,2,選修,
651438001,刑事證據法專題研究（七）,2,選修,
651453001,德文法學名著選讀（八）,3,選修,
651574001,信託法理論與實務,3,選修,
651641001,國際人道法與難民法,2,選修,
651733001,民商法案例研習,2,選修,
651838001,中國大陸公司法研究（二）,2,選修,
651A46001,檢察實務研究（二）,2,選修,
651B01001,刑事訴訟實務研究,2,選修,
651B29001,基法論文寫作,1,選修,
652159001,刑事法綜合研習,2,選修,
652162001,民事訴訟法（二）,3,選修,
652165001,保險法,3,選修,
652883001,集體勞動法,2,選修,
652162011,民事訴訟法（二）,3,選修,
652139001,行政救濟法,3,選修,
652141001,刑事政策,3,選修,
652146001,社會法,3,選修,
652166001,海商法,2,選修,
652181001,土地、環境與法律（二）,2,選修,
652192001,臨終死亡的倫理與法律議題（一）,3,選修,
652857001,體育運動與法律（一）,2,選修,
652858001,智慧財產與企業併購專題研究,2,選修,
652859001,經濟法專題研究（一）,2,選修,
652874001,經濟法,1,選修,
652889001,文化產業與智慧財產權,2,選修,
652907001,強制執行法與破產法,2,選修,
652101001,行政法,3,選修,
652150001,證券交易法,3,選修,
652162021,民事訴訟法（二）,3,選修,
652164001,公平交易法,2,選修,
652165011,保險法,3,選修,
652166011,海商法,2,選修,
652170001,刑事訴訟法（二）,2,選修,
652196001,進階刑法,3,選修,
961020001,行政法,3,選修,
961028001,企業併購法專題研究,3,選修,
961043001,白領犯罪專題研究,3,選修,
961054001,身分法,3,選修,
961154001,視覺影像中的法律,3,選修,
961192001,強制執行法專題研究（三）,2,選修,
961193001,行政救濟法,3,選修,
961023001,刑法分則,3,選修,
961024001,刑事訴訟法,3,選修,
961055001,證券交易法,3,選修,
961194001,刑法專題研究（一）,1,選修,
961195001,智慧財產權法專題研究（二）,3,選修,
961016001,民事證據法專題研究,1,選修,
961021001,民法債編總論,3,選修,
961045001,租稅法專題研究,2,選修,
961047001,中國大陸投資法律制度與實務,3,選修,
961139001,個人資料保護法,3,選修,
961156001,論文寫作專題研究,3,選修,
961164001,歐盟法專題研究,3,選修,
961176001,智慧財產權法專題研究（一）,3,選修,
701792001,隨機過程,3,選修,
701904001,微分方程應用,3,選修,
701892001,排隊理論,3,選修,
701910001,人工智慧技術與網路意向分析,3,選修,
701933002,機率與測度論,3,選修,
701002002,線性代數,4,選修,
701003012,高等微積分,4,選修,
701939001,幾何學,3,選修,
701M02001,成為Python數據分析達人的第一堂課,1,選修,
702018001,人體生理學,3,選修,
702754001,實驗室實習（二）,2,選修,
702880001,判斷和決策,3,選修,
702893001,科學溝通概論,2,選修,
702001002,普通心理學,3,選修,
702004002,心理實驗法,2,選修,
702013001,知覺心理學,3,選修,
702019001,人體生理學實驗,1,選修,
702888001,機器學習與其在行為科學之應用,3,選修,
702925001,組織發展,3,選修,
702927001,心理學專業總整（一）,3,選修,
702002002,心理及教育統計學,3,選修,
702005002,心理實驗法實驗,1,選修,
702009001,性格心理學,3,選修,
702763001,諮商與心理治療的理論與技術,3,選修,
702766001,醫學知識和健康管理,2,選修,
702784001,視覺藝術心理學,3,選修,
702801001,臨床心理學實習,3,選修,
702818001,組織心理學,3,選修,
702879001,心理測驗－實務與應用,3,選修,
702892001,心理計量入門,3,選修,
782009001,固態物理（一）,3,選修,
782952001,書報討論實習（二）,0,選修,
782011001,古典力學,3,選修,
782025001,計算物理導論,3,選修,
782030001,書報討論（二）,1,選修,
782033001,電子學（二）,3,選修,
751016002,組合學,3,選修,
751027011,書報討論Ⅱ,1,選修,
751871002,數理統計,3,選修,
751909002,機率與測度論,3,選修,
751026001,研究方法Ⅱ,1,選修,
751869001,人工智慧技術與網路意向分析,3,選修,
751033002,實變函數論,3,選修,
751764001,幾何學,3,選修,
751781001,隨機過程,3,選修,
751853002,貝氏決策分析與貝氏網路,3,選修,
751858002,複變專題,3,選修,
752002001,實驗設計,3,選修,
752013001,專題發表演習（二）,0,選修,
752599001,臨床神經心理學與神經外科學專題,3,選修,
752602001,心理計量入門,3,選修,
752613001,臨床健康心理學衡鑑與治療,3,選修,
752676001,臨床心理衡鑑（二）,3,選修,
752751001,組織發展,3,選修,
752762001,認知發展,3,選修,
752854001,本土心理學專題,3,選修,
752594001,機器學習與其在行為科學之應用,3,選修,
752612001,心理生理衡鑑與生理回饋,3,選修,
752614001,神經心理衡鑑與復健,3,選修,
752616001,臨床心理學兼職實習（二）,3,選修,
752678001,科學溝通概論,2,選修,
752852001,心理治療總論,3,選修,
752618001,臨床心理學全職實習（二）,3,選修,
752627001,視覺藝術心理學,3,選修,
752924001,高等人事心理學專題（二）,3,選修,
754006001,專題討論（二）,1,選修,
754012001,專題討論（四）,1,選修,
754013001,科學表達與論文寫作,2,選修,
755009001,古典力學,3,選修,
755018001,書報討論（二）,1,選修,
755941001,統計物理專題,3,選修,
755943001,社會物理學,3,選修,
755003001,計算物理導論,3,選修,
755006001,固態物理（一）,3,選修,
755012001,電動力學,3,選修,
755952001,書報討論實習（二）,0,選修,
755750001,量子力學（二）,3,選修,
751027001,書報討論Ⅱ,1,選修,
751029001,書報討論IV,1,選修,
751031001,書報討論VI,1,選修,
203060011,國際安全,3,選修,
203072001,區域研究—非洲國際關係,3,選修,
203804001,國際人道法與難民法,2,選修,
203805001,國際發展研究,3,選修,
203861001,韓國外交政策,2,選修,
203897001,氣候變遷與國際政治,3,選修,
203009001,西洋外交史,3,選修,
203070001,質性與量化研究方法導論,3,選修,
203075001,區域研究—南亞國際關係,3,選修,
203928001,國際企業與國際關係,2,選修,
203004001,國際組織,3,選修,
203022001,區域研究—中東國際關係,3,選修,
203077001,國際貿易,2,選修,
203808001,服務學習專業課程－國際事務研習志工服務,1,選修,
203828001,當代國際關係史,3,選修,
203829001,全球環境治理,2,選修,
203882001,模擬國際法庭（一）,1,選修,
253001001,國際法院成案,3,選修,
253007001,區域研究—拉丁美洲國際關係研究,3,選修,
253053001,政治經濟學,3,選修,
253055001,區域研究—南亞國際關係,3,選修,
253848001,伊比利半島研究,2,選修,
253851001,國際環境政治,2,選修,
253894001,發展中國家政治與外交政策研究,2,選修,
253795001,區域整合與歐亞關係,3,選修,
253803001,條約法,2,選修,
253850001,外交政策—美國外交政策研究,3,選修,
253003011,國際組織研究,3,選修,
253793001,國際關係量化研究方法,3,選修,
253817001,國際私法,3,選修,
253826001,國際政治經濟專題研究,3,選修,
253942001,國防政策研究,2,選修,
260725001,民族主義與中日關係,3,選修,
260738001,中共政治制度專題討論,3,選修,
260845001,中共軍事專題研究,3,選修,
260045001,政治經濟學,3,選修,
260908001,東南亞比較政治,3,選修,
263841001,歐盟與俄羅斯經貿關係專題,3,選修,
263950001,中俄關係研究,3,選修,
263012001,政治經濟學,3,選修,
263821001,蘇聯史,3,選修,
263873001,國際經濟研究,2,選修,
263830001,俄羅斯外交政策,3,選修,
263848001,俄羅斯經濟現勢專題,3,選修,
263898001,俄羅斯國家與社會關係,3,選修,
861831001,日本消費文化研究,2,選修,
861840001,民族主義與中日關係,3,選修,
861844001,日本古典文法,3,選修,
861866001,日本經濟外交研究,3,選修,
861896001,日本大眾文化研究,2,選修,
861940001,日本數位內容產業專題研究,3,選修,
861005001,政治經濟學,3,選修,
861825001,日本的國際合作與ＯＤＡ,3,選修,
861858001,日本民主與政黨政治,3,選修,
861886001,日本與東北亞關係,3,選修,
862909001,外交政策—美國外交政策研究,3,選修,
862930001,俄羅斯外交政策,3,選修,
862007001,政治經濟學,3,選修,
862899001,國際關係量化研究方法,3,選修,
862904001,東北亞安全關係,3,選修,
862923001,都市貧窮與不均,3,選修,
862940001,國際合作專題研究--國際非政府組織與發展,3,選修,
922016001,戰略研究,3,選修,
922920001,傳播、文化與外交,2,選修,
922943001,危機處理,2,選修,
922015001,國際關係理論,3,選修,
922021001,國際公法研究,3,選修,
922030001,區域研究－東南亞國際關係研究,3,選修,
922916001,中共外交政策與兩岸關係研究,2,選修,
922942001,國際政治經濟學,2,選修,
981011001,國家安全理論與實務,3,選修,
981899001,情報分析的理論與實務,2,選修,
981911001,國際合作理論與中國的一帶一路戰略,2,選修,
981010001,中國大陸研究,3,選修,
981900001,國家安全情報實務研究,2,選修,
981910001,區域經濟整合與兩岸經貿,2,選修,
981913001,中國大陸能源研究,2,選修,
981915001,中共政治發展和變遷,2,選修,
253052001,政治經濟學,3,選修,
260047001,東南亞研究：議題與方法,3,選修,
260046011,國際關係理論,3,選修,
260106001,中共黨政發展專題,3,選修,
260105001,中國大陸社會發展專題,3,選修,
863930001,日本與東北亞關係,3,選修,
863910001,日本民主與政黨政治,3,選修,
863931001,日本經濟外交研究,3,選修,
863882001,日本的國際合作與ＯＤＡ,3,選修,
863896001,民族主義與中日關係,3,選修,
863936001,日本數位內容產業專題研究,3,選修,
102007001,教育社會學,3,選修,
102011001,教育哲學,3,選修,
102061001,教學媒體與運用,2,選修,
102091001,課程發展與設計,2,選修,
102093001,輔導原理與實務,3,選修,
102099001,教學原理,3,選修,
102114001,語文領域-國文教學實習,2,選修,
102672001,青少年偏差行為輔導,3,選修,
102676001,教育改革,3,選修,
102689001,人權與人權教育,2,選修,
102934001,團體輔導,3,選修,
102005001,教育研究法,3,選修,
102116001,語文領域-英文教學實習,2,選修,
102122001,綜合活動領域教學實習,2,選修,
102129001,教育議題專題,3,選修,
102826001,學校輔導工作,3,選修,
102860001,綜合活動學習領域概論,2,選修,
102023001,學習評量,3,選修,
102120001,社會領域教學實習,2,選修,
102132001,心理測驗與評量,3,選修,
102690001,戶外探索設計與實施,2,選修,
102811001,學習輔導,3,選修,
102935001,個案研究,3,選修,
109033001,語文領域-英文教學實習,2,選修,
109037001,社會領域教學實習,2,選修,
109053001,家政群教學實習,2,選修,
109856001,原住民族教育,3,選修,
109894001,數位學習,2,選修,
109026002,日文教材教法與實習,2,選修,
109028001,學習評量,2,選修,
109031001,語文領域-國文教學實習,2,選修,
109049001,家政群教材教法,2,選修,
109889001,性別教育,2,選修,
109039001,綜合活動領域教學實習,2,選修,
109048001,韓文教學實習,2,選修,
900004001,教育研究專題討論（二）,0,選修,
152557001,全球高教學術競爭及品質與績效評估,1,選修,
152587001,心理測驗與評量研究,3,選修,
152600001,數位學習之教學設計研究,3,選修,
152790001,潛在變項模式,3,選修,
152948001,比較教育研究,3,選修,
152554001,組織學習與教育創新研究,3,選修,
152577001,教育科技領導與創新研究,3,選修,
152605001,團體諮商研究,3,選修,
152606001,國際教育資料庫分析研究,3,選修,
152751001,教育設施規劃研究,2,選修,
152623001,測驗編製與量表發展研究,3,選修,
152768001,質性研究方法,3,選修,
152929001,教育視導研究,3,選修,
157830001,家庭、幼兒園與社區研究,3,選修,
157833001,質性資料分析與寫作,2,選修,
157835001,認知發展,3,選修,
157831001,幼教機構經營策略管理,3,選修,
157879001,比較幼兒教育,3,選修,
157832001,組織學習與教育創新研究,3,選修,
157906001,教育設施規劃研究,2,選修,
171921001,教育科技領導與創新研究,3,選修,
171003001,學校行政研究,3,選修,
171925001,教育視導研究,3,選修,
171927001,心理測驗與評量研究,3,選修,
171943001,教育設施規劃研究,2,選修,
171950001,高等教育統計,3,選修,
172006001,專題發表演習（二）,0,選修,
172884001,質性資料分析與寫作,2,選修,
172888001,諮商與心理治療實務,3,選修,
172890001,心理治療總論,3,選修,
172944001,團體諮商研究,3,選修,
172003001,諮商實習（二）,3,選修,
172919001,全職諮商實習（二）,3,選修,
172898001,青少年偏差行為輔導,3,選修,
172921001,質性研究,3,選修,
172930001,心理測驗與評量研究,3,選修,
911943001,領導心理學專題研究,3,選修,
911004001,學校行政研究,3,選修,
911944001,教育組織行為研究,3,選修,
911005001,論文寫作指導,3,選修,
911928001,統計套裝程式在教育研究上的應用,3,選修,
152734001,教育設施與規劃專題研究,2,選修,
152767001,高等教育統計專題研究,3,選修,
152802001,教育社會學專題研究,3,選修,
152036001,教學心理學專題研究,3,選修,
152567001,智慧教室教學數據採收與分析,3,選修,
ZU1016001,統計學（二）,3,選修,
ZU1900001,當代社會問題與政策解決方案,3,選修,
ZU1901001,科技與當代社會,3,選修,
ZU1903001,公民社會與憲政民主：來自全球南方的教訓,3,選修,
ZU1905001,假訊息調查報告實作,3,選修,
ZU1926001,計量經濟學,3,選修,
ZU1928001,設計思維,3,選修,
ZU1944001,全球議題在亞洲,3,選修,
ZU1017001,AI導論,3,選修,
ZU1026001,設計思維,3,選修,
ZU1027001,創新科技與應用,3,選修,
ZU1896001,種族、宗教、民族主義：全球的暴力與歸屬政治,3,選修,
ZU1897001,平台經濟,3,選修,
ZU1899001,公共治理,3,選修,
ZU1902001,東亞政治與經濟發展,3,選修,
ZU1925001,東南亞政治: 變革與延拓,3,選修,
ZU1005011,國際公法,3,選修,
ZU1025001,全球公民運動,3,選修,
ZU1898001,探索淨零排放路徑：概論與行動設計,3,選修,
ZU1906001,機器學習與資料庫,3,選修,
ZU1907001,AI應用在ESG、教育與製造業,3,選修,
ZU1927001,創新、創意、創生城市與永續發展,3,選修,
ZU1932001,永續發展與都市政治,3,選修,
ZM1920001,國際形象與國際溝通,3,選修,
ZM1941001,大數據與社會分析,3,選修,
ZM1947001,新媒體與資訊科技,3,選修,
ZM1918001,互動科技研究討論,3,選修,
ZM1919001,社交媒體數位內容行銷,3,選修,
ZM1922001,數位媒體進階工作坊：紀錄片數位影像製作,3,選修,
ZM1001001,傳統與現代專題：台灣與亞洲案例,3,選修,
ZM1917001,假訊息調查報告實作,3,選修,
ZM1921001,國際媒體倡導與社會行銷,3,選修,
ZM1923001,海外學習Ａ,1,選修,
ZM1924001,國際新聞報導,3,選修,
ZM1949001,虛擬實境與數位科技,3,選修,
703022001,演算法,3,必修,
703044031,資訊專題（A）,3,群修,A
703837001,資料科學,3,選修,
703850001,社群媒體資料分析,3,選修,
703958001,計算機程式設計實習（二）,0,必修,
703002001,線性代數,3,必修,
703023001,程式語言,3,群修,C
703039001,軟體工程概論,3,群修,B
703044011,資訊專題（A）,3,群修,A
703044021,資訊專題（A）,3,群修,A
703834001,自然語言處理,3,選修,
703015001,數位系統實驗,0,必修,
703025001,資料庫系統,3,群修,B
703042001,等候理論,3,群修,C
703044001,資訊專題（A）,3,群修,A
703053001,電腦圖學,3,群修,C
703059001,分散式系統,3,群修,C
703818001,進階行動通訊網路,3,選修,
703920001,網路與通訊概論,3,選修,
781027001,專案實作Ｄ,3,選修,
781032001,文化創意加值,3,選修,
781036001,電腦動畫,3,選修,
781919001,人工智慧與數位內容,3,選修,
781920001,遊戲引擎應用開發,3,選修,
781049001,互動科技研究討論,3,選修,
781013001,基礎動畫設計,3,選修,
753884001,資料庫系統,3,選修,
753008001,專題研討（二）,1,選修,
753019001,密碼協定設計與分析,3,選修,
753815001,高等演算法,3,選修,
753831001,資料科學,3,選修,
753832001,視訊壓縮,3,選修,
753006001,專題研討（四）,1,選修,
753833001,影像處理,3,選修,
753837001,無人機智慧系統開發與實作,3,選修,
753849001,人工智慧概論,3,選修,
753852001,分散式系統,3,選修,
753873001,電腦圖學,3,選修,
753889001,等候理論,3,選修,
753809001,進階行動通訊網路,3,選修,
753886001,軟體工程概論,3,選修,
753933001,自然語言處理,3,選修,
753944001,數據網路,3,選修,
971004001,專題研究（二）,2,選修,
971006001,論文研究（二）,3,選修,
971875001,區塊鏈技術與應用,3,選修,
971882001,深度學習：理論及應用,3,選修,
971003001,專題研討（二）,1,選修,
971869001,資訊產業應用實務探討,3,選修,
971925001,演算法分析,3,選修,
971867001,圖形理論,3,選修,
971868001,資料科學,3,選修,
753015001,專題研討（二）,1,選修,
753017001,專題研討（四）,1,選修,
753011001,論文研究（二）,0,選修,
753013001,論文研究（四）,0,選修,
761004001,專題討論（Ⅱ）,0,選修,
761007001,人智計算,3,選修,
761009001,專題討論（Ⅳ）,0,選修,
761011001,專題討論（Ⅵ）,0,選修,
323011,中級會計學（一）,3,選修,
347071,財務管理,3,選修,
347131,財務管理,3,選修,
228021,貨幣銀行學,3,選修,
218041,總體經濟學,3,選修,
714001,微積分甲,3,選修,
711001,微積分,3,選修,
711021,微積分,3,選修,
31023011,國文－臺灣語言與文化選讀,3,一般通識,中文通識
31219011,進階國文─大眾文化中的戲曲身影,3,一般通識,中文通識
31024001,進階國文－近代小說選讀,3,一般通識,中文通識
31014031,國文－中國思想名作選讀,3,一般通識,中文通識
32001951,大學英文（一）,3,一般通識,外文通識
41169001,阿拉伯大眾文化,2,一般通識,人文通識
41198001,從少年書寫看臺灣,3,一般通識,人文通識
41203001,德語區現代藝術賞析,2,一般通識,人文通識
41204001,台語與台灣文化傳播,3,一般通識,人文通識
44076011,同志生命美學,3,一般通識,跨領域(人文、社會)
44117001,台灣近現代社會文化史,2,一般通識,跨領域(人文、社會)
44118001,抵抗！理論和實踐,2,一般通識,跨領域(人文、社會)
41114001,近代日本經濟史概論,2,一般通識,人文通識
41125001,台灣現代文學選讀,3,一般通識,人文通識
41201001,戰後台灣史與國際關係,2,一般通識,人文通識
90118001,幸福學,3,一般通識,跨領域(人文、社會)
41186001,近代中國的性別知識建構,3,一般通識,人文通識
42078001,現代經濟社會：歐洲經濟發展觀,3,一般通識,社會通識
42112081,臺灣政治,3,核心通識,社會通識
42202001,對抗貧窮的社會行動與倡議,3,一般通識,社會通識
42206001,全球網路治理,2,一般通識,社會通識
42139021,認識智慧財產權,3,核心通識,社會通識
42172001,設計思考,3,一般通識,社會通識
42203001,職涯發展與求職策略,3,一般通識,社會通識
90119001,三貓生態食農傳播實踐,2,一般通識,跨領域(社會、自然)
42205001,俄國現勢,2,一般通識,社會通識
45048001,自主學習專題：行動中的思索：大學前進社區課程,2,一般通識,書院通識
46006001,計算思維與人工智慧,3,一般通識,資訊通識
46006011,計算思維與人工智慧,3,一般通識,資訊通識
80001001,知識與實踐：政大傑出研究學者講座,3,選修,
10003001,西洋外交史,3,選修,
70078001,旅行與台灣歷史,2,選修,
70152001,臺灣的時空旅行,2,選修,
155872001,檔案數位化專題,3,選修,
158729001,檔案數位化專題,3,選修,
158918001,歷史‧身體‧記憶,2,選修,
70375001,華語教學課堂管理與實作,3,選修,
70376001,影像與當代華人社會,3,選修,
70378001,語言學概論,3,選修,
70039001,詞彙學,3,選修,
70377001,華僑與雙語教育,3,選修,
70379001,華語教學導論,3,選修,
504890001,捷克名著選讀,2,選修,
504821001,中級俄語閱讀訓練（一）,2,選修,
501841001,語意學導論,3,選修,
353757001,策略管理（一）,3,選修,
353773001,策略價值管理—企業實作（一）,3,選修,
782027001,半導體物理導論,3,選修,
70100001,普通物理學（一）,3,選修,
501873001,小說選讀,3,選修,
506862001,日本歷史１,2,選修,
305677001,數位行銷實作研習,3,選修,
300743001,數位行銷實作研習,3,選修,
304029001,數理統計學（二）,3,選修,
701928001,圖論,3,選修,
701788001,演算法,3,選修,
701908001,深度學習的原理與實務上的應用,1,選修,
400874001,都市媒介研究,3,選修,
400873001,數位敘事與新媒體科技,3,選修,
400875001,傳播理論,3,選修,
400876001,研究方法,3,選修,
70382001,政治學概論,3,選修,
601451001,國際智慧財產權法專題研究（二）,2,選修,
102796001,教育創新與創業專題,2,選修,
754924001,疾病之動物模式,2,選修,
754925001,離子通道與疾病,2,選修,
104198001,現象學方法：經驗與實作,3,選修,
70225001,中國文學史,3,選修,
70370011,AIGC生成圖像基礎：Midjourney創作入門,1,選修,
70372001,永續、創新與商業模式,2,選修,
70221001,旅行與台灣歷史,2,選修,
70260001,創意與設計,3,選修,
70371001,多元文化教育,3,選修,
70366001,台灣文學史,3,選修,
70369001,性別與文學理論入門,3,選修,
70380001,大學社會責任PBL課程,3,選修,
156700001,東南亞政教關係,3,選修,
158949011,台灣近代政治經濟史專題研究,3,選修,
158797001,台灣政治經濟發展與美國政策（二）,3,選修,
70381001,大學社會責任國際PBL課程,3,選修,
204103001,社會組織,3,選修,
209069001,民族學研究方法與實作,3,選修,
70384001,國際關係與法國社會,3,選修,
70383001,區域研究—歐盟國際關係研究,3,選修,
103230001,性別與近代西方世界的形成,3,選修,
104201001,當代倫理議題：性與倫理,3,選修,
70367001,賽夏族語（三）,2,選修,
753882001,Web概念與技術,3,選修,
ZU1030001,專題三：AI與倫理,3,選修,
ZU1031001,專題一：全球衛生治理,3,選修,
70363001,輔導諮商研究法,1,選修,
70364001,職涯發展與輔導,1,選修,
900927001,領導力及團體動力學概要,2,選修,
900936011,青少年情緒與行為問題,2,選修,
70365001,比較教育：國際大型評量議題,1,選修,
209026001,民族教育,3,選修,
101859001,中國佛教文學,3,選修,
2388001,體育[男女合班]—越野路跑,1,體育,必修
2348001,體育[男女合班]—跆拳道與防身術初級,1,體育,必修
2348011,體育[男女合班]—跆拳道與防身術初級,1,體育,必修
2362021,體育[男女合班]—瑜珈初級,1,體育,必修
2387001,體育[男女合班]—游泳初級,1,體育,必修
2035001,體育[男]—重量訓練,1,體育,必修
2366031,體育[男女合班]—羽球初級,1,體育,必修
2386001,體育[男女合班]—游泳初級（捷泳）,1,體育,必修
101011001,文學概論,3,選修,
101045001,清代學術思想,3,選修,
101051011,中國現代小說選讀,3,選修,
101698001,文獻學,3,選修,
101699001,中國戲曲發展史,3,選修,
101781001,閩南語研究,3,選修,
101898001,唐詩專題研究,3,選修,
101022001,諸子學通論,3,選修,
101035001,老子,3,選修,
101074001,中國古典文論,3,選修,
101789001,港澳文學選讀,3,選修,
101790001,李商隱詩,3,選修,
101852001,世說新語,3,選修,
103168001,中日關係史專題,3,選修,
103409001,美國史（一）,2,選修,
104100121,莎士比亞與哲學,3,選修,
104191001,當代法國哲學專題研究,3,選修,
104202001,德行倫理學,3,選修,
104105121,沙特：《自我的超越》,3,選修,
104197001,緣起性空：閱讀龍樹《中論》,3,選修,
104200001,哲學神學（一）：上帝存在論證,3,選修,
104738001,奧古斯丁的《懺悔錄》,3,選修,
104076121,語言哲學,3,選修,
104196001,知覺與感官哲學,3,選修,
104199001,朱熹與四書,3,選修,
104770001,鄂蘭哲學導論,2,選修,
100713001,傳統精緻藝術再創新—故宮博物院專案實作,3,選修,
100M04001,人文跨域,0.6,選修,
100M05001,人文與傳播,0.4,選修,
100M06001,人文與空間意象,0.4,選修,
151525001,日本視野下的中國考古學及古文字,1,選修,
151528001,當代新儒學專題研究,3,選修,
151535001,中國思想的新傳統時代專題,2,選修,
151526001,日本漢學專題研究,1,選修,
151527001,東亞信仰與傳說,1,選修,
151530001,漢字字源專題,3,選修,
151808001,文學人類學專題研究,3,選修,
151531001,波蘭漢學與華語教學,1,選修,
151532001,道教文化與文學專題研究,3,選修,
151533001,商周青銅器銘文研究（一）,2,選修,
151536001,語言‧社會‧文化,3,選修,
151704001,辭賦文類專題研究,3,選修,
151731001,六朝佛學思想專題研究,3,選修,
151889001,敦煌學專題研究,3,選修,
151913011,明清文學專題研究,1,選修,
153491001,基督宗教在中國專題,3,選修,
153494001,元明清中外關係史料導讀,3,選修,
153495001,明清民國身體醫療史專題,3,選修,
153496001,中國近現代史研究新趨勢,3,選修,
153551001,清代台灣社會文化史,2,選修,
153613001,希臘化宗教史專題,3,選修,
153641001,東南亞華人社會專題,2,選修,
153493001,中國現代政治的全球本土面相,3,選修,
153502001,日本帝國與台灣：殖民知識與跨境人流,3,選修,
153490001,台灣近代政治經濟史專題研究,3,選修,
153492001,明清制度與地方社會,2,選修,
154269001,現象學美學專題研究,3,選修,
154272001,佛教唯名論及其批評,3,選修,
154336001,現象學研究方法論：生活經驗描述,3,選修,
154391001,沙特：《存在與虛無》,3,選修,
154271001,金剛經諸本思想研究：梵文與漢譯對比研究,2,選修,
154273001,布倫塔諾與當代心智哲學,3,選修,
154274001,呂格爾《詮釋理論》研讀,3,選修,
154344001,當代觀念論,3,選修,
154268001,德國古典語言哲學,3,選修,
154270001,當代新儒家哲學著作選讀,3,選修,
154365001,牟宗三的道德哲學,3,選修,
154429001,康德德行理論專題討論,2,選修,
155903001,資訊計量學,3,選修,
155794001,館藏管理與策展專題,3,選修,
156043001,伊斯蘭教：歷史與主題,3,選修,
156660001,優遊於歷史與田野之道：歐洲漢學與道教研究,1,選修,
156661001,宗教、靈性與藝術,3,選修,
156664001,醮志撰寫與道教儀式專題,3,選修,
156666001,宗教與管理專題,3,選修,
156667001,世界宗教與全球化,3,選修,
156701001,基督宗教在中國專題,3,選修,
156740001,田野調查方法與實習,3,選修,
156662001,道教經典文獻導讀,3,選修,
156663001,戰後泰國上座部佛教專題,3,選修,
156046001,華人宗教：歷史與主題,3,選修,
156665001,東亞佛教社會史,3,選修,
156849001,巴利《長部》選讀,3,選修,
158730001,檔案學研究,3,選修,
158731001,近代東亞人權與政治經濟發展研究,1,選修,
158732001,戰後台灣定位史料研讀,2,選修,
158781001,近代東亞文明新秩序,1,選修,
158756001,日本帝國與臺灣：殖民知識與跨境人流,3,選修,
158762001,地方學研究與實務專題,2,選修,
158858001,明清時代臺灣史料選讀,2,選修,
158882001,二二八事件專題研究,2,選修,
158833001,清代台灣社會文化史,2,選修,
158857001,近代初期台灣與東亞關係,2,選修,
159832001,世界電影與現代主義,3,選修,
159857001,台灣原住民族圖像與文學專題（二）：東亞之眼；日本人眼中的原住民圖像（1895-1945）,3,選修,
159883001,日據時期台韓小說專題,3,選修,
161740001,波蘭漢學與華語教學,1,選修,
161768001,語言理解與心智語法,3,選修,
161737001,漢語方言音韻研究,3,選修,
161739001,華語教學課程設計與實踐,3,選修,
161741001,漢字字源專題,3,選修,
161783001,田野調查,3,選修,
161794001,華語句法學,3,選修,
161797001,語言教學專題：語言學習者自我概念專題,3,選修,
161811001,心理語言學,3,選修,
161949001,語料庫語言學與語言教學,3,選修,
161738001,華語電影專題研究,3,選修,
161774001,語料處理,3,選修,
912823001,周易研究與教學,3,選修,
912828005,神話學專題研究,3,選修,
912824001,古典詩學專題,3,選修,
912825001,戲曲專題研究與教學,3,選修,
912826001,研究方法與論文寫作,3,選修,
912827005,近現代文學專題,3,選修,
153010001,專題指導,3,選修,
155033001,質化研究,3,選修,
160729001,漢語方言音韻研究,3,選修,
160945001,心理語言學,3,選修,
160733001,漢字字源專題,3,選修,
160753001,華語句法學,3,選修,
160774001,語料處理,3,選修,
160730001,華語電影專題研究,3,選修,
160731001,華語教學課程設計與實踐,3,選修,
160768001,語言理解與心智語法,3,選修,
160797001,語言教學專題：語言學習者自我概念專題,3,選修,
160949001,語料庫語言學與語言教學,3,選修,
202128001,計量分析軟體在社會科學的應用,3,選修,
202004001,拉丁美洲政府與政治,3,選修,
202103001,經驗政治理論,3,選修,
204751001,新社會思想史,3,選修,
204791001,蓋婭政治、生態與戰爭,2,選修,
204800001,從媒介文化到漫畫,2,選修,
204817001,社會運動,3,選修,
204900001,東亞社會與工作,3,選修,
204104001,全球化與社會變遷,3,選修,
204793001,社會學寫作,3,選修,
204794001,印尼文化與社會,2,選修,
204789001,後世俗社會,3,選修,
204792001,協商劇場實作：離岸風電進行式,3,選修,
204795001,國際遷移與照顧,3,選修,
204905001,社會心理學,3,選修,
205859001,巴菲特投資學,3,選修,
205017001,貨幣銀行學,3,選修,
206793001,思辨：當代社會議題,3,選修,
206076001,科技風險與環境政策,3,選修,
206805001,設計思維與公共治理（一）,3,選修,
206923011,現行考銓制度,3,選修,
206794001,政府管理實務議題研究,2,選修,
207737001,都市更新與容積代金估價實務,3,選修,
207872001,日本都市計畫與都市設計實務,1,選修,
208021011,國際金融,3,選修,
208766001,共享經濟與智慧城市發展,3,選修,
208763001,產業經濟學—賽局應用（一）,3,選修,
208855001,賽局理論入門（一）,3,選修,
208762001,經濟政策分析：理論與實務,2,選修,
209101001,蒙古語：息利爾蒙文,2,選修,
209782001,影視民族學,3,選修,
209600001,設計思維與公共治理（一）,3,選修,
209602001,中共對內蒙古之民族政策,3,選修,
209027001,民族文學,3,選修,
209028001,民族經濟,3,選修,
252903001,政治社會化,3,選修,
252681001,政治傳播專題,3,選修,
252696001,現代政治哲學起源與基督教神學,3,選修,
252803001,比較政治與中國政治,3,選修,
252805001,歐洲統合專題研究,3,選修,
254080001,認同政治,3,選修,
254764001,後世俗社會,3,選修,
254765001,蓋婭政治、生態與戰爭,2,選修,
254768001,社會學寫作,3,選修,
254769001,後現代文化,3,選修,
254134001,資料科學及社會科學計算實務：以SAS系統為實做工具,3,選修,
254766001,協商劇場實作：離岸風電進行式,3,選修,
254767001,國際遷移與照顧,3,選修,
254770001,大數據社會分析,4,選修,
255830001,巴菲特投資學,3,選修,
256656001,思辨：當代社會議題,3,選修,
256657001,社會科學研究方法,3,選修,
256658001,政府管理實務議題研究,2,選修,
256663001,國際環境治理,2,選修,
256669001,設計思維與公共治理（一）,3,選修,
256013001,社會科學研究方法,3,選修,
256661001,開放政府專題研究,3,選修,
256724001,政策分析的理論與實務,3,選修,
257723001,日本都市計畫與都市設計實務,1,選修,
257727001,獨立研究（三）,2,選修,
257751001,土地法研究（二）,3,選修,
257780001,數值攝影測量特論,3,選修,
257778001,財產權結構與治理,3,選修,
257827001,都市社會與都市問題研究,3,選修,
257724001,不動產交易法專題研究（二）,3,選修,
257743001,環境規劃與設計專題,3,選修,
258737001,網路經濟學,3,選修,
258701001,應用個體計量與R語言,3,選修,
258744001,經濟問題研討（六）,1,選修,
259659001,設計思維與公共治理（一）,3,選修,
259567001,影視民族學,3,選修,
259660001,中共對內蒙古之民族政策,3,選修,
259671001,無形文化資產的理論與實踐,3,選修,
259711001,民族教育專題:原住民重點學校個案研究,3,選修,
259694001,宗教與靈力：東南亞政治經濟學,3,選修,
261875001,社會創新,3,選修,
262803001,勞動保險法制專題研究,2,選修,
262794001,比較勞動法與政策（一）,2,選修,
262792001,企業策略與社會責任專題研究,2,選修,
262793001,勞動調解專題研究,2,選修,
262795001,勞資關係與人力資源論文專題研究,3,選修,
264870001,行動研究,3,選修,
264869001,個案與倡議,3,選修,
264871001,表達創作與社會工作,3,選修,
264868001,正向發展青少年社會工作,3,選修,
264872001,慈善、公益、數位創新與公民社會,3,選修,
264890001,社區工作,3,選修,
266008001,研究方法論,3,選修,
266848001,思辨：當代社會議題,3,選修,
266850001,應用個體計量與R語言,3,選修,
266895001,宗教與靈力：東南亞政治經濟學,3,選修,
266849001,永續發展數據分析：理論與應用,3,選修,
266851001,共享經濟與智慧城市發展,3,選修,
267942001,地圖學與地理資訊系統,3,選修,
267940001,土地法,3,選修,
921801001,兩岸關係與國際體系專題,3,選修,
921041011,領導與管理專題,3,選修,
921041021,領導與管理專題,3,選修,
921800001,ESG與永續發展,3,選修,
921041001,領導與管理專題,3,選修,
923885001,農地利用與農業多功能性專題研究,3,選修,
923912001,都市社會與都市問題專題研究,3,選修,
923939001,都市更新專題研究,3,選修,
926884001,宗教與靈力：東南亞政治經濟學,3,選修,
926833001,全球治理專題：理論與實踐,3,選修,
926834001,國際環境治理,2,選修,
926832001,思辨：當代社會議題,3,選修,
926835001,國際遷移與照顧,3,選修,
926836001,國土規劃,3,選修,
252022001,社會科學哲學,3,選修,
256029001,高等量化研究,3,選修,
258745001,經濟問題研討（五）,1,選修,
259059001,民族誌專題研究,3,選修,
264012001,社會科學研究方法,3,選修,
265781001,社會理論運用：分析、建構與寫作,3,選修,
265782001,美臺關係,3,選修,
265783001,社會科學的計算文字分析,3,選修,
265784001,亞洲民主國家的侍從主義,3,選修,
265891001,東南亞比較政治,3,選修,
265819001,宗教與靈力：東南亞政治經濟學,3,選修,
300746011,商用進階口語實務,3,選修,
300748011,商用中級口語訓練,3,選修,
300748031,商用中級口語訓練,3,選修,
300748041,商用中級口語訓練,3,選修,
300769001,數位跨國商業專案（一）,1,選修,
300744001,企業永續、ESG與社會責任,3,選修,
300748051,商用中級口語訓練,3,選修,
300750001,商用寫作與口語訓練（一）,3,選修,
300750021,商用寫作與口語訓練（一）,3,選修,
300750041,商用寫作與口語訓練（一）,3,選修,
300746001,商用進階口語實務,3,選修,
300746021,商用進階口語實務,3,選修,
300746031,商用進階口語實務,3,選修,
300748001,商用中級口語訓練,3,選修,
300748021,商用中級口語訓練,3,選修,
300750011,商用寫作與口語訓練（一）,3,選修,
300750031,商用寫作與口語訓練（一）,3,選修,
300750051,商用寫作與口語訓練（一）,3,選修,
300750061,商用寫作與口語訓練（一）,3,選修,
300750071,商用寫作與口語訓練（一）,3,選修,
301046001,國貿理論與政策,3,選修,
301048001,數據化投資分析,3,選修,
301774001,資產管理實務專題,3,選修,
301046011,國貿理論與政策,3,選修,
302772001,資產管理實務專題,3,選修,
302773001,金融領域—證券市場,2,選修,
303811001,策略管理（一）,3,選修,
303813001,大數據分析於企業營運流程管理與稽核之應用,3,選修,
303812001,會計師業務研討,1,選修,
303826001,策略價值管理—企業實作（一）,3,選修,
304846001,修勻學,3,選修,
305676001,新創經營策略思維：Ｚ世代品牌創新與實踐,3,選修,
305827001,商業決策分析,3,選修,
305893001,企業併購實例研習（二）,3,選修,
306024001,數位商務應用,3,選修,
306724001,業務流程探勘,2,選修,
306723001,資料科學的商業應用,3,選修,
307841001,企業永續與數位轉型,1,選修,
307917001,財務報表分析,3,選修,
307939001,不動產產業實務,3,選修,
307838001,金融領域—證券市場,2,選修,
351706001,高等總體經濟學（一）,3,選修,
351779001,專案研究（二）,2,選修,
351707001,資產管理實務專題,3,選修,
352728001,資產管理實務專題,3,選修,
352729001,金融領域—證券市場,2,選修,
352730001,銀行經營管理與策略專題研討,3,選修,
352731001,金融人工智慧專題研討,3,選修,
352772001,金融市場專題研討,3,選修,
354734001,商業智慧,3,選修,
354751001,修勻學,3,選修,
354814001,進階數理統計學,3,選修,
356358001,資料科學的商業應用,3,選修,
356354001,數位科技安全風險治理與應用,3,選修,
356357001,金融科技的網路安全：理論與應用,3,選修,
356359001,業務流程探勘,2,選修,
356411001,數位經濟與產業競合策略,1,選修,
356353001,工業物聯網與營運技術安全,3,選修,
356355001,物聯網資訊安全技術與實務,3,選修,
356356001,資安實務應用,3,選修,
357871001,財務報表分析,3,選修,
357862001,公司財務實證方法,1,選修,
357866001,企業永續與數位轉型,1,選修,
357863001,金融領域—證券市場,2,選修,
358052011,政策保險專題,3,選修,
358823001,責任保險專題研究,3,選修,
358844001,修勻學,3,選修,
358915001,保險法比較研究,3,選修,
363860001,全球及本土企業經營,1,選修,
363861001,日本現代商場經營管理,1,選修,
363869001,ESG個案研討,1,選修,
364068001,策略性專案與作業管理,3,選修,
364766001,永續、創新與商業模式,2,選修,
364790001,創新經濟與法律實作專題（二）,1.5,選修,
364927001,智慧財產權法專題研究（四）,2,選修,
364937001,美國專利訴訟實務,2,選修,
364829001,研究方法與論文寫作,2,選修,
364048001,事業經營策略,3,選修,
364765001,國際智財管理,3,選修,
364768001,比較競爭法,2,選修,
933018001,企業倫理與永續發展,1,選修,
933877001,債券市場分析,3,選修,
353075001,會計研究專題：經理人調節焦點與非一般公認會計原則揭露,1,選修,
353005001,高等審計學研究,3,選修,
353074001,會計研究專題：ESG與審計品質關聯性之研究,1,選修,
353800001,會計專題研討（三）,1,選修,
354815001,測量誤差數據的變數選取專題,3,選修,
354816001,半母數與無母數研究專題,3,選修,
355507001,質性研究方法,3,選修,
355773001,策略管理專題研討（二）,3,選修,
355508001,組織理論專題研討（二）,3,選修,
355533001,企業問題研討（二）,3,選修,
355656001,人力資源研究方法（I）,3,選修,
355722001,行銷理論,3,選修,
355506001,數位行銷專題研討,3,選修,
358054001,保險法比較研究,3,選修,
400M01001,虛擬實境與元宇宙,0.4,選修,
405888001,服務設計與介面規劃,3,選修,
405874001,互動科技基礎,3,選修,
405875001,電影與政治,3,選修,
405931001,音樂概論,3,選修,
401136001,專業實習—機構實習（A）,1,選修,
401137001,新聞理論與實務,3,選修,
401041011,英文採訪寫作,3,選修,
401139001,媒介心理學,3,選修,
401138001,新聞專業實踐,2,選修,
401140001,新興媒體與新聞,3,選修,
402100001,沉浸式媒體與創意,3,選修,
402102001,跨國行銷實務,3,選修,
402086001,動態圖文設計,3,選修,
402101001,跨界專題－Ｘ計畫,3,選修,
403074001,獨立專題（A）,3,選修,
403100001,專題－亞洲當代電影研究,3,選修,
403104001,影音媒體創新與互動科技,3,選修,
403082001,動漫遊戲文創專案開發,3,選修,
403071001,節目製作管理,3,選修,
403081001,台灣電影研究,3,選修,
403105001,數位影音內容產製規劃與提案,3,選修,
464824001,人工智慧與網路治理,3,選修,
464846001,媒體與創傷,3,選修,
464893001,創意溝通專題：美術攝影創作,3,選修,
464918001,閱聽人與媒介市場,3,選修,
464930001,大眾文化研究,3,選修,
464794001,影音媒體創新與互動科技,3,選修,
464912001,競選廣告專題,3,選修,
464931001,文化產業與勞動,3,選修,
461860001,都市媒介研究,3,選修,
461858001,人機互動設計,3,選修,
461859001,數位敘事與新媒體科技,3,選修,
461M01001,虛擬實境與元宇宙,0.4,選修,
461857001,新興媒體與新聞,3,選修,
461913001,國際媒體與行銷,3,選修,
462906001,人機互動設計,3,選修,
462888001,科技表演藝術,3,選修,
462902001,動態圖像設計,3,選修,
462893001,JavaScript 應用程式設計,3,選修,
941909001,品牌與整合行銷傳播,3,選修,
941908001,AI與傳播科技應用,3,選修,
941911001,數位媒介與日常生活,3,選修,
463937001,文化產業與勞動,3,選修,
463931001,閱聽人與媒介市場,3,選修,
463936001,大眾文化研究,3,選修,
501780001,進階寫作：短篇小說與文學論文,3,選修,
501766001,文學與英語教學,3,選修,
501847001,語言與文化,3,選修,
501068001,美國文學,3,選修,
501801001,語言測驗與評量,3,選修,
501842001,創傷文學,3,選修,
502857001,吉爾吉斯語（一）,3,選修,
502859001,伊朗國際關係,3,選修,
502119001,阿拉伯語詞法概論,2,選修,
502858001,波斯語（二）,3,選修,
502863001,阿拉伯文化專題,3,選修,
504786001,波蘭漢學與華語教學,1,選修,
504064001,進階俄語,2,選修,
504064011,進階俄語,2,選修,
506828001,日本現代文學賞析,2,選修,
507817001,作為外語的韓國語教育入門,2,選修,
507890001,韓語實習（一）,1,選修,
507049011,韓語語法與應用,3,選修,
507940001,新聞韓語,3,選修,
507022001,韓語翻譯,3,選修,
508907001,土耳其語會話技巧入門,2,選修,
508816001,土耳其觀光與文化地理,2,選修,
508832001,戲劇表演工作坊,2,選修,
508877001,國際組織與土耳其,3,選修,
510054001,泰國文化與社會,2,選修,
510058001,中級泰語語法與寫作,2,選修,
510059001,高級泰語,2,選修,
510060001,高級泰語會話,1,選修,
510065001,泰國現代文學,2,選修,
510070001,初級印尼語語法與寫作,2,選修,
510071001,中級印尼語語法與寫作,2,選修,
510073001,高級印尼語會話,1,選修,
510075001,印尼語聽力（二）,1,選修,
510896001,影視泰語,2,選修,
510898001,越南文學史,3,選修,
510056001,初級泰語語法與寫作,2,選修,
510062001,泰語聽力（二）,1,選修,
510074001,高級印尼語語法與寫作,2,選修,
510078001,進階印尼語：文本選讀,2,選修,
510894001,印尼語言與文化體驗,1,選修,
510935001,泰國和緬甸近代史,2,選修,
510053001,越南文化與社會,2,選修,
510055001,初級泰語聽力與會話,2,選修,
510069001,印尼文化與社會,2,選修,
510072001,高級印尼語,2,選修,
510895001,泰國語言與文化體驗,1,選修,
510897001,影視越語,2,選修,
510916001,東南亞政教關係,3,選修,
510932001,越南語言與文化體驗,1,選修,
599776001,選修英文：科技英文,3,選修,
599777001,選修英文：傳播英文,3,選修,
599780001,大學外文（一）：息利爾蒙文,2,選修,
599795031,選修英文：英文寫作,3,選修,
551743001,第二語言習得,3,選修,
551761001,英國小說與志異想像１７６４－１８４７,3,選修,
551794001,語料庫語言學與語言教學,3,選修,
551830001,後殖民戲劇,3,選修,
551837001,英語聽說教學,3,選修,
551735001,語料處理,3,選修,
551752001,語言教學專題：語言學習者自我概念專題,3,選修,
551756001,文學與英語教學,3,選修,
551734001,語言理解與心智語法,3,選修,
551736001,環太平洋語言：歷史，語言，社會與政治,3,選修,
551809001,兒童語言習得,3,選修,
551846001,課程規劃與教材評估之研究,3,選修,
554872001,俄國文學中的先行文本,3,選修,
555760001,語料處理,3,選修,
555867001,田野調查,3,選修,
555738001,漢語方言音韻研究,3,選修,
555756001,語言理解與心智語法,3,選修,
555791001,心理語言學,3,選修,
555830001,語料庫語言學與語言教學,3,選修,
556761001,日本漢學專題研究,1,選修,
556762001,東亞信仰與傳說,1,選修,
556763001,日語語彙文法論,2,選修,
556807001,日本近現代文學研究１,2,選修,
556816001,日語言談分析研究２,2,選修,
556941001,日本思想研究,2,選修,
556947001,日語文法研究,2,選修,
557907001,東亞信仰與傳說,1,選修,
557910001,韓語語法專題,3,選修,
557931001,韓國漢文學研究,3,選修,
557950001,韓語教學理論與教材研究,3,選修,
557909001,韓國文化史專題,3,選修,
560895001,吉爾吉斯語（一）,3,選修,
560896001,波斯語（二）,3,選修,
560907001,區域研究—中東國際關係研究,3,選修,
560897001,伊朗國際關係,3,選修,
560918001,歐亞地區關係研究,3,選修,
560935001,阿拉伯文化專題,3,選修,
560902001,中東歐與俄羅斯經濟發展比較研究,3,選修,
560933001,俄羅斯能源,3,選修,
951913001,雙語教育,3,選修,
951005001,英語教學研究方法,3,選修,
951917001,語言學習者的自我概念專題,3,選修,
951947001,文學與英語教學,3,選修,
951007001,英語教學教材教法研究,3,選修,
551007001,現代西方文學理論,3,選修,
601369001,法社會學,3,選修,
601372001,中國大陸法制導論,2,選修,
601473001,憲法訴訟法,2,選修,
601626001,法文法學名著選讀（二）,3,選修,
601903001,租稅法,3,選修,
601931001,企業併購實例研習（二）,3,選修,
601367001,環境法－環境責任論,2,選修,
601370001,公衛政策與法律管制,3,選修,
601413001,行政程序法與正當程序,2,選修,
601536001,民法中心公益服務實習（二）,1,選修,
601580001,契約法,2,選修,
601593001,地方自治法,2,選修,
601778001,財產法實例研習,2,選修,
601366001,刑罰思想史專題研究（三）,2,選修,
601368001,全球化下的國際法發展,3,選修,
601371001,勞動法與社會法導論,2,選修,
601373001,基本權,3,選修,
601374001,再生能源相關法律問題研究,2,選修,
601434001,律師實務（一）,2,選修,
651070001,公司法專題研究（五）,2,選修,
651078001,保險法專題研究（四）,2,選修,
651185001,刑法專題研究（二）,3,選修,
651239001,刑事訴訟法專題研究（二）,2,選修,
651284001,消費者保護法專題研究（二）,2,選修,
651304001,西洋法律思想史專題研究（二）,3,選修,
651324001,德文法學名著選讀（五）,3,選修,
651338001,民事訴訟法專題研究（三）,2,選修,
651395001,財產法專題研究（一）,2,選修,
651402001,法社會學專題研究（三）,3,選修,
651422001,法文法學名著選讀（二）,3,選修,
651670001,民法中心公益服務實習（二）,1,選修,
651A55001,律師實務（一）,2,選修,
651B34001,行政法論文寫作（十）,2,選修,
651B35001,再生能源相關法律問題研究,2,選修,
651B37001,企業重整與破產法制專題,2,選修,
651B38001,犯罪被害人專題研究（一）,3,選修,
651322001,比較憲法專題研究（三）,2,選修,
651356001,刑事證據法專題研究（三）,2,選修,
651474001,公法實務專題研究（二）,2,選修,
651603001,營業秘密：法律與管理,2,選修,
651019001,日文法學名著選讀（一）,3,選修,
651249001,國際公法專題研究（二）,2,選修,
651310001,智慧財產權法專題研究（一）,2,選修,
651393001,勞動基準法專題研究（一）,2,選修,
651419001,智慧財產權法專題研究（四）,2,選修,
651468001,刑罰思想史專題研究（三）,2,選修,
651547001,國際智慧財產權法專題研究（二）,2,選修,
651923001,大陸經貿法律研究（二）,2,選修,
651A37001,社會法專題研究（五）,2,選修,
651B36001,全球化下的國際法發展,3,選修,
652197001,專利法,2,選修,
652199001,會計實務與法律專題研究（一）,2,選修,
652075001,企業併購實例研習（二）,3,選修,
652145001,工程與法律（二）,2,選修,
652171001,資訊科技與法律（一）,2,選修,
652200001,國際海洋法,2,選修,
652855001,環境法－環境責任論,2,選修,
652856001,法律文件寫作與資料蒐集,2,選修,
652866001,行政程序法與正當程序,2,選修,
652903001,地方自治法,2,選修,
961074005,兩岸經貿法制與實務專題研究,2,選修,
961198005,法律與正義,2,選修,
961201001,公法專題研究,2,選修,
961202001,智慧財產權法專題研究（三）,3,選修,
961071001,家事事件法專題研究（一）,3,選修,
961199005,民事程序法專題研究,1,選修,
961200001,公衛政策與法律管制,3,選修,
961204001,人工智慧與法律,3,選修,
961007001,行政法專題研究,3,選修,
961169005,資訊法專題研究,2,選修,
961196005,民事訴訟法實例研習（一）,1,選修,
961197005,全球法在地化專題研究,2,選修,
961203001,身分法實例研習,3,選修,
701888001,數論介紹,3,選修,
702007001,心理測驗,3,選修,
702929001,網路資料於心理學研究之應用,3,選修,
702757001,團體動力學,3,選修,
702752001,類神經網路在心理學上的應用,3,選修,
702894001,正向心理學,3,選修,
702924001,臨床心理藥物學,3,選修,
751866001,分析專題,3,選修,
751836001,數論介紹,3,選修,
751813001,圖論,3,選修,
751835001,演算法,3,選修,
751837001,隨機微積分,3,選修,
751873001,微分方程式,3,選修,
751883001,多變量分析及其應用,3,選修,
751913001,高等機率論,3,選修,
752590001,高等人事心理學,3,選修,
752636001,Matlab在認知神經科學實驗的應用,3,選修,
752657001,兒童心理病理學,3,選修,
752856001,臨床心理藥物學,3,選修,
752589001,高等組織心理學,3,選修,
752680001,當代社會心理學專論,3,選修,
752907001,網路資料於心理學研究之應用,3,選修,
752666001,類神經網路在心理學上的應用,3,選修,
203016001,區域研究—東南亞國際關係,3,選修,
203901001,國際關係與法國社會,3,選修,
203915001,爭辯中的人類安全：正義、平等、人道與人權,3,選修,
203079001,區域研究－澳紐與大洋洲國際關係,3,選修,
203921001,日本外交政策,2,選修,
253788001,國際公法專題研究（二）,2,選修,
253048001,區域研究—俄國與東歐國際關係研究,3,選修,
253790001,國際移民法律與政策研究,3,選修,
253054001,區域研究—歐盟國際關係研究,3,選修,
253812001,國際關係與法國社會,3,選修,
253907001,公眾外交研究,2,選修,
260887001,東南亞國際關係專題,3,選修,
260724001,資料科學與東亞研究,3,選修,
263812001,俄羅斯文明的歷史演進及其與西方世界的關係,3,選修,
263817001,歐亞地區關係研究,3,選修,
263829001,中東歐與俄羅斯經濟發展比較研究,3,選修,
263847001,俄羅斯能源,3,選修,
861824001,地域社會學,2,選修,
861833001,東亞創新研究：數位治理與想像,3,選修,
861847001,國際政治研究,2,選修,
861851001,當代日本政治概論,3,選修,
862892001,國際關係理論與中國外交政策,3,選修,
862893001,種族、宗教、民族主義：全球的暴力與歸屬政治,3,選修,
862891001,經濟成長與全球貿易網絡,3,選修,
862894001,混合政體：東南亞的民主挑戰,3,選修,
862895001,跨國民事訴訟管轄權專題研究,3,選修,
922023001,跨文化溝通與談判,3,選修,
922032001,區域研究—歐盟國際關係研究,3,選修,
922026001,全球化與國際安全,3,選修,
981898001,歐盟與國家安全,2,選修,
981903001,恐怖主義專題,2,選修,
260107001,兩岸關係專題,3,選修,
863001001,日本研究專論 I,3,選修,
863881001,地域社會學,2,選修,
863904001,當代日本政治概論,3,選修,
863889001,東亞創新研究：數位治理與想像,3,選修,
102117001,數學領域教材教法,2,選修,
102665001,多元文化教育,3,選修,
102837001,行動研究,3,選修,
102660001,比較國際教改,3,選修,
102794001,性別教育你我他,2,選修,
102795001,雙語教材教法,2,選修,
102797001,數位賦能教育科技管理研究,3,選修,
109001011,教育概論,2,選修,
109034001,數學領域教材教法,2,選修,
109937001,德育原理,2,選修,
109891001,課程與未來學,3,選修,
152725001,生命口述傳記專題研究,3,選修,
152552001,數位賦能教育科技管理研究,3,選修,
152562001,多元文化教育研究,3,選修,
152603001,知識創新教育與科技研究,3,選修,
157829001,數位賦能教育科技管理研究,3,選修,
157885001,玩具研究,3,選修,
157846001,多元文化教育研究,3,選修,
157941001,生命口述傳記專題研究,3,選修,
171916001,教育期刊選讀與發表,3,選修,
171918001,數位賦能教育科技管理研究,3,選修,
171919001,教育行政專題（一）,2,選修,
171941001,教育組織行為研究,3,選修,
171917001,高等教育研究：國際教育趨勢、國際政策分析與高教品質保證,3,選修,
172886001,多元文化教育研究,3,選修,
911935005,校務治理與校長專業發展,3,選修,
911934001,教育行政專題研究,3,選修,
152043001,教學評量專題研究,3,選修,
152808001,正向心理學專題研究,3,選修,
152569001,教育改革與發展專題研究,3,選修,
ZU1889001,政治學概論,3,選修,
ZU1891001,協商劇場實作：離岸風電進行式,3,選修,
ZU1892001,慈善、公益、數位創新與公民社會,3,選修,
ZU1893001,全球治理專題：理論與實踐,3,選修,
ZU1894001,共享經濟與智慧城市發展,3,選修,
ZU1029001,專題二：台灣近代史,3,選修,
ZU1888001,國際智財管理,3,選修,
ZU1890001,蓋婭政治、生態與戰爭,2,選修,
ZU1895001,永續發展數據分析：理論與應用,3,選修,
ZM1004001,國內實習Ｂ,2,選修,
ZM1005001,海外學習Ａ,1,選修,
ZM1914001,世界宗教與全球化,3,選修,
ZM1915001,媒體與社會研究方法,3,選修,
ZM1913001,數位製作與分析,3,選修,
ZM1912001,人機互動設計,3,選修,
ZM1948001,新媒體平台責任比較研究,3,選修,
703032001,電腦科學邏輯基礎,3,群修,C
781918001,科技表演藝術,3,選修,
781042001,動態圖像設計,3,選修,
781008001,資料庫應用,3,選修,
781041001,JavaScript應用程式設計,3,選修,
781043001,人機互動設計,3,選修,
783004001,人工智慧程式設計,3,選修,
783005001,機器學習觀念與應用,3,選修,
783001001,計算思維與人工智慧應用導論,3,選修,
783003001,人工智慧方法與工具,3,選修,
753861001,電腦科學邏輯基礎,3,選修,
971890001,分散式系統,3,選修,
971932001,人工智慧,3,選修,
791023001,工業物聯網與營運技術安全,3,選修,
791001001,資訊安全,3,選修,
791002001,專題研討（一）,1,選修,
791007001,金融科技的網路安全：理論與應用,3,選修,
791011001,企業實習（一）,1,選修,
791024001,進階創新科技技術,3,選修,
791006001,數位簽章,3,選修,
791008001,資安實務應用,3,選修,
791009001,物聯網資訊安全技術與實務,3,選修,
791010001,數位科技安全風險治理與應用,3,選修,
350041,行銷管理,3,選修,
327011,中級會計學（二）,3,選修,
228022,貨幣銀行學,3,選修,
218042,總體經濟學,3,選修,
711002,微積分,3,選修,
711022,微積分,3,選修,
31017101,國文－中國語言文字名作選讀,3,一般通識,中文通識
31017121,國文－中國語言文字名作選讀,3,一般通識,中文通識
31017141,國文－中國語言文字名作選讀,3,一般通識,中文通識
31014161,國文－中國思想名作選讀,3,一般通識,中文通識
31017111,國文－中國語言文字名作選讀,3,一般通識,中文通識
31004061,國文－古典詩選讀,3,一般通識,中文通識
31014171,國文－中國思想名作選讀,3,一般通識,中文通識
31017131,國文－中國語言文字名作選讀,3,一般通識,中文通識
32002951,大學英文（二）,3,一般通識,外文通識
41205001,音樂劇中的舞蹈,2,一般通識,人文通識
41206001,華語電影與當代文化,3,一般通識,人文通識
41131001,從文學看戰後台韓歷史,3,一般通識,人文通識
44102001,生活中的資訊資源與應用,3,一般通識,跨領域(人文、社會、資訊)
41179001,古代希臘的歷史與文化,2,一般通識,人文通識
41202001,法語系國家文化入門,2,一般通識,人文通識
41207001,解密生命樹：基督宗教傳統的跨時空之旅,3,一般通識,人文通識
44119001,故事如何塑造法律,3,一般通識,跨領域(人文、社會)
44006031,基督教與社會,3,一般通識,跨領域(人文、社會)
44060001,東南亞社會與人文,3,一般通識,跨領域(人文、社會)
42166001,國際法導論,2,一般通識,社會通識
42194001,戰後日本外交史與經濟外交,2,一般通識,社會通識
42208001,知識型網紅面面觀,3,一般通識,社會通識
42004001,東南亞民族與現況,3,一般通識,社會通識
90120001,地方創生個案分析,2,一般通識,社會通識
42179021,運動產業實務,2,一般通識,社會通識
42207001,地方創生入門,2,一般通識,社會通識
43021001,探索遺傳特性,2,一般通識,自然通識
90122001,醫學新知與尖端研究,2,一般通識,自然通識
45049001,聲音自媒體應用與創作,3,一般通識,書院通識
45050001,自主學習專題：機率與理則學在紙牌（橋牌）遊戲上的應用,2,一般通識,書院通識
45053001,自主學習專題：人文茶學的理論與實踐,2,一般通識,書院通識
45051001,自主學習專題：築屋竹屋—原住民族傳統建築實作與文化學習,2,一般通識,書院通識
46006031,計算思維與人工智慧,3,一般通識,資訊通識
46008001,設計思維與軟體系統專案管理,3,一般通識,資訊通識
46006021,計算思維與人工智慧,3,一般通識,資訊通識
46001141,程式設計概論,3,一般通識,資訊通識
46001151,程式設計概論,3,一般通識,資訊通識
46008021,設計思維與軟體系統專案管理,3,一般通識,資訊通識
80002001,設計思考與人工智慧,3,選修,
10132052,日語演習（二）,1,選修,
10055001,法學的歷史、社會與思想,3,選修,
70373001,語法學,3,選修,
70392001,華語教學實習,3,選修,
70214001,民俗與文學,3,選修,
504012001,俄國文學史,3,選修,
504784001,20世紀俄羅斯詩歌選讀,2,選修,
504785001,捷克專題：捷克國情概論,2,選修,
504818001,中級俄語閱讀訓練（二）,2,選修,
504933001,俄語語音與語調,2,選修,
501925001,聖經與文學,3,選修,
353753001,會計專業之ESG浪潮解析,3,選修,
353755001,領導力與永續治理,3,選修,
353756001,中國稅務與商務,3,選修,
353774001,作業價值管理（AVM）—企業實作,3,選修,
353816001,鑑識會計,3,選修,
934020001,生物科技管理個案,1,選修,
782034001,普通物理學實驗,2,選修,
501814001,文學與電影,3,選修,
506859001,日本歷史２,2,選修,
509912002,法國戲劇概論,2,選修,
300809001,智能供應鏈：趨勢與應用,2,選修,
300859001,供應鏈管理實務,2,選修,
300860001,精實企業與管理實務研討,3,選修,
305778001,精實企業與管理實務研討,3,選修,
356363001,供應鏈管理新興議題與研究,3,選修,
304835001,統計機器學習,3,選修,
501833001,心理語言學,3,選修,
400881001,廣告研究專題,3,選修,
400871001,數位敘事,3,選修,
400870001,政治傳播專題,3,選修,
400904001,新媒體匯流,3,選修,
400869001,國際組織,3,選修,
400898001,臺灣流行文化：國族、日常生活與展演,3,選修,
70396001,計算社會科學導論,3,選修,
601400001,專題三：AI與治理,3,選修,
601350001,美國法律檢索、分析與寫作（一）,2,選修,
601354001,國際智慧財產權法專題研究（三）,2,選修,
601351001,英文契約導讀及撰寫（一）,2,選修,
601358001,比較商事法專題,2,選修,
401141001,媒介記憶與ＡＩ生成,3,選修,
509884001,用外語說臺灣,2,選修,
70391001,用外語說臺灣,2,選修,
70385001,動作的表演、表達與創造力,2,選修,
70386001,媒介記憶與ＡＩ生成,3,選修,
70387001,校園內的有感體驗設計,3,選修,
70389001,洞察與想像,3,選修,
70293001,戰後台灣文學名著導讀,3,選修,
70388001,台灣文學與歷史記憶,3,選修,
301047001,用Python學財務計量,3,選修,
701890001,密碼學,3,選修,
70203001,原住民族教育,3,選修,
70390001,創新科技與應用,3,選修,
70261001,社群媒體概論,3,選修,
70319011,臺灣流行文化：國族、日常生活與展演,3,選修,
260046001,國際關係理論,3,選修,
155836001,網路資訊檢索研究,3,選修,
100714001,數位人文學概論,3,選修,
155797001,檔案數位記憶專題,3,選修,
158852001,臺灣家族史,2,選修,
209069002,民族學研究方法與實作,3,選修,
204915001,當代日本社會,3,選修,
261928001,全球經濟與企業發展,2,選修,
70280001,歐盟經貿法,3,選修,
153487001,聖傳文類與性別研究專題,3,選修,
103027001,近代中國婦女史,3,選修,
70299001,族語測驗與評量,2,選修,
70326001,布農族語（四）,2,選修,
70328001,排灣族語（四）,2,選修,
70368001,賽夏族語（四）,2,選修,
501805001,英語教學理論,3,選修,
900930001,家庭游（遊）藝學,3,選修,
ZU1020001,專題二：移民與全球化,3,選修,
206804001,設計思維與公共治理（二）,3,選修,
ZU1021001,專題三：AI與治理,3,選修,
ZU1033001,專題一：人類世與地緣政治,3,選修,
Z23926001,專題一：人類世與地緣政治,3,選修,
152551001,國際學術移動力研究,2,選修,
104169121,醫學與哲學：存在主義與存在治療,3,選修,
ZU1035001,專題三：大數據與社會分析,3,選修,
Z23925001,專題三：大數據與社會分析,3,選修,
101791001,旅行文學選讀,3,選修,
209601001,博物館實習,2,選修,
209599001,博物館教育理論與實務,3,選修,
601757001,政府採購法,2,選修,
2303081,體育[男女合班]—桌球初級,1,體育,必修
2311051,體育[男女合班]—足球初級,1,體育,必修
2368021,體育[男女合班]—定向越野,1,體育,必修
2929011,體育[男女合班]—羽球實務,2,體育,選修
101053001,古典戲曲選讀,3,選修,
101691001,文學與圖像專題,3,選修,
101780001,文學與文化評論,3,選修,
101787001,華語文心理,3,選修,
101018001,書經（尚書）,3,選修,
101779001,神話、圖像與心靈專題,3,選修,
101793001,海外華文文學概論,3,選修,
101804001,民俗與文學,3,選修,
101041001,兩漢經學,3,選修,
101047001,東亞漢學概論,3,選修,
101057001,文法學,3,選修,
101815001,古代漢語與閱讀方法,3,選修,
103260001,史蹟與文化資產專題,3,選修,
103415001,德國史（一）,3,選修,
103246001,近現代歷史中的人群移動專題,3,選修,
103258001,啟蒙時代的歐洲思想與文化,2,選修,
103235001,歐洲飲食文化史,2,選修,
103259001,中美關係史專題,3,選修,
104080111,奧古斯丁《論自由意志》導讀,3,選修,
104082001,西洋哲學史（二）,3,選修,
104087121,藝術哲學專題研究,3,選修,
104155111,中國政治哲學（先秦）,3,選修,
104208001,陽明心學,3,選修,
104737001,海德格論尼采,3,選修,
104176111,哲學與歷史,3,選修,
104204001,哲學神學（二）：上帝的屬性,3,選修,
104205001,中國哲學的身體相關議題,3,選修,
104207001,當代倫理議題：言論自由,3,選修,
104206001,唯識無境：閱讀世親《唯識三十頌》,3,選修,
100M07001,人文致用專題導論,1,選修,
151695001,中國文學與變動書寫：以詩賦為中心,3,選修,
151759001,中國經典詮釋學專題,3,選修,
151768001,漢籍文獻發展與傳播,3,選修,
151520001,唐宋文學專題：文本與方法,1,選修,
151640001,台灣地方戲劇專題研究,3,選修,
151522001,道家道教經典研讀,3,選修,
151523001,商周青銅器銘文研究（二）,2,選修,
151524001,民國文學史專題研究,3,選修,
151679001,中國思想史專題研究,3,選修,
151694001,閩客語比較專題研究,3,選修,
151944001,周易研究,3,選修,
151521001,漢語文資料中的咒罵與髒話,1,選修,
151557001,中國古代文學研究著作選讀,3,選修,
151876001,治學方法,3,選修,
153483001,宗教與物質文化專題,3,選修,
153486001,數位策展與研究展示,3,選修,
153522001,近代中國性別史專題,3,選修,
153621001,中國古代君臣關係專題,3,選修,
153484001,台灣消費文化史,3,選修,
153485001,國民黨研究專題,2,選修,
153488001,知識與資訊史導論,3,選修,
153489001,宗教、環境與「人類世」,3,選修,
153643001,古代方術與政治專題（二）,3,選修,
153788001,台灣現代史專題,3,選修,
154257001,康德與跨文化哲學,3,選修,
154263001,海德格《存有學：實際性詮釋學》,3,選修,
154400001,道德心理學：情感與美德,3,選修,
154256001,中國哲學文言文閱讀,3,選修,
154261001,斯賓諾莎的感觸論,2,選修,
154264001,梅洛龐蒂論語言,3,選修,
154265001,僧肇思想研究,2,選修,
154266001,佛教哲學原典研讀,3,選修,
154267001,印度哲學思維專題,3,選修,
154258001,莊子哲學研究（雜篇）,3,選修,
154259001,庫薩努斯之《門外漢論心靈》,3,選修,
154260001,研讀伯納德威廉斯的《羞恥與必然性》,3,選修,
154262001,心理治療現象學,3,選修,
154519001,康德法哲學專題討論,2,選修,
154649011,朱熹哲學,3,選修,
155791001,資訊機構管理與評鑑專題,3,選修,
155793001,公共圖書館專題,3,選修,
155822001,圖書資訊專業實習,1,選修,
155M05001,身心障礙者資訊服務,0.6,選修,
155M04001,聖經書目療法之應用,0.6,選修,
155792001,檔案保存維護專題,3,選修,
156655001,聖傳文類與性別研究專題,3,選修,
156656001,佛教哲學原典研讀,3,選修,
156042001,佛教：歷史與主題,3,選修,
156658001,宗教與物質文化專題,3,選修,
156654001,當代佛教、國際關係及文化冷戰專題,3,選修,
156659001,當代靈性運動專題,3,選修,
156806001,宗教與環境專題研究,3,選修,
156876001,巴利布施王子的本生經研讀,3,選修,
158877001,國民黨研究專題,2,選修,
158723001,當代佛教、國際關係及文化冷戰專題,3,選修,
158727001,日本殖民帝國專題,2,選修,
158748001,歷史記憶與近代中國國族論述想像,3,選修,
158749001,西方眼中的中國與臺灣專題,3,選修,
158886001,總督府檔案選讀,2,選修,
158722001,近代中國性別史專題,3,選修,
158724001,台灣消費文化史,3,選修,
158725001,東亞近代國際社會中的日本與台灣,1,選修,
158726001,當代日台關係專題,3,選修,
158804001,東亞的征服王朝與殖民,2,選修,
158843001,戰後台灣產業發展史料解析專題,3,選修,
159837001,空間與文學,3,選修,
159854001,台灣當代詩研究專題,3,選修,
159879001,弱勢研究,3,選修,
161733001,文化研究專題,3,選修,
161735001,華語教學自媒體研究與實務,3,選修,
161736001,華語文測驗與評估,3,選修,
161876001,認知功能語法,3,選修,
161732001,華語跨文化代間教學與研究,3,選修,
161731001,漢語文資料中的咒罵與髒話,1,選修,
161734001,華裔漢語學習者專題研究,3,選修,
912822001,海外華文文學專題,3,選修,
912892001,日據時期台灣小說研究與教學,3,選修,
912926001,詞學專題研究與教學,3,選修,
912020001,論文指導（二）,3,選修,
912842001,漢字的字源與教學專題,3,選修,
155912041,個別研究,1,選修,
160723001,華語文測驗與評估,3,選修,
160726001,文化研究專題,3,選修,
160878001,認知功能語法,3,選修,
160724001,漢語文資料中的咒罵與髒話,1,選修,
160728001,華語教學自媒體研究與實務,3,選修,
160725001,華語跨文化代間教學與研究,3,選修,
160727001,華裔漢語學習者專題研究,3,選修,
202M01001,自由民主的哲學入門課,0.4,選修,
202125001,國會與立法行為,3,選修,
202876011,政治經濟學,3,選修,
202853001,環境治理：政治、政策與行政,3,選修,
204655001,性別社會學,3,選修,
204868001,教育社會學,3,選修,
204766001,族群關係,3,選修,
204788001,社會互動,3,選修,
204822001,專題三：AI與治理,3,選修,
204784001,性別、工作與照顧專題,3,選修,
204858001,反身社會學經典研讀：Garfinkel俗民方法學,3,選修,
204787001,東亞穆斯林社會,3,選修,
205917001,地方財政,3,選修,
205016001,現代財政理論,3,選修,
206834001,機構實習,3,選修,
206852001,系統思考與決策分析,2,選修,
206790001,社會創新與地方治理,3,選修,
206791001,風險評估與危機管理,3,選修,
206792001,跨域公共管理,3,選修,
207735001,不動產估價個案研習,3,選修,
207732001,土地、環境與法律,2,選修,
207867001,景觀設計,3,選修,
207906001,不動產法定及爭訟估價,3,選修,
208022001,計量經濟學（二）,3,選修,
208851001,不確定與訊息經濟學,3,選修,
209598001,內陸歐亞概論,2,選修,
209066001,民族地理,3,選修,
209101002,蒙古語：息利爾蒙文,2,選修,
209607001,文化生態研究專題：森林的綠色發展，保育和氣候變遷,3,選修,
209612001,原住民與舊社考古學,3,選修,
209705001,薩滿研究,3,選修,
209597001,人類學與障礙研究,3,選修,
209614001,以社區為本的文化資源管理：台灣與泰國的經驗對話,3,選修,
209640001,當代新疆局勢與社會文化專題,3,選修,
252679001,中西政治思想主要課題,3,選修,
252790001,立法行為,3,選修,
252922001,美國政府與政治,3,選修,
252680001,轉型正義與記憶政治,3,選修,
252766001,複層次迴歸分析,3,選修,
254763001,東亞穆斯林社會,3,選修,
254872001,當代日本社會,3,選修,
254090001,社會階層與社會流動專題討論,3,選修,
254130001,愛情社會學,3,選修,
254777001,專題三：AI與治理,3,選修,
254782001,質性研究,3,選修,
255890001,租稅理論專題研究,3,選修,
256655001,風險評估與危機管理,3,選修,
256660001,社會創新與地方治理,3,選修,
256668001,設計思維與公共治理（二）,3,選修,
256764001,政策分析與研究設計,3,選修,
256555001,跨域公共管理,3,選修,
256671001,計畫評估,3,選修,
256761001,參與式治理,3,選修,
256775001,政府資訊管理與數位治理,3,選修,
256794001,公共行政的政治經濟學專題研究,3,選修,
257717001,產業空間規劃,3,選修,
257858001,地理資訊系統總論,3,選修,
257726001,獨立研究（四）,2,選修,
258761001,應用計量: 總體專題研究（一）,3,選修,
258924001,經濟計量學（三）,2,選修,
258911001,產業經濟學（四）,3,選修,
258943001,貨幣經濟學（二）,3,選修,
259784001,薩滿研究,3,選修,
259667001,以社區為本的文化資源管理：台灣與泰國的經驗對話,3,選修,
259688001,當代新疆局勢與社會文化專題,3,選修,
259658001,內陸歐亞概論,2,選修,
259707001,原住民與舊社考古學,3,選修,
259785001,民族教育研究方法專題研究─田野調查,3,選修,
261876001,環境治理專題,3,選修,
262791001,人力資源管理與發展專題研究（二）,3,選修,
262889001,大陸勞動關係專題研究,3,選修,
262819001,集體勞動法專題研究（三）,2,選修,
262820001,勞動法案例研究,2,選修,
264866001,性別、工作與照顧專題,3,選修,
264895001,成癮減害與戒治專題,3,選修,
264867001,教學與學術發表寫作專題課程,3,選修,
264881001,社會工作倫理專題,3,選修,
264888001,社會工作實習（選）,3,選修,
264899001,社會統計,3,選修,
266846001,跨域公共管理,3,選修,
266847001,專題三：大數據與社會分析,3,選修,
267941001,民法,3,選修,
921042001,設計思考與社會創新實作,3,選修,
921023021,管理經濟學,3,選修,
921799001,策略管理與個案分析專題,3,選修,
923902001,不動產開發專題研究,3,選修,
926828001,跨域公共管理,3,選修,
926829001,現代世界的宗教與政治,3,選修,
926831001,專題一：永續發展與都市政治,3,選修,
926830001,教學與學術發表寫作專題課程,3,選修,
926891001,全球經濟與企業發展,2,選修,
258700001,經濟問題研討（八）,1,選修,
259060001,民族學專題研究,3,選修,
264013001,社會工作理論專題,3,選修,
265780001,東南亞國際關係,3,選修,
265839001,全球經濟與企業發展,2,選修,
265825001,都市貧窮與不均,3,選修,
265779001,教學與學術發表寫作專題課程,3,選修,
300737001,跨文化循環經濟創新創業專題研討,1,選修,
300745011,商用進階英文寫作,3,選修,
300745031,商用進階英文寫作,3,選修,
300747031,商用中級寫作訓練,3,選修,
300747051,商用中級寫作訓練,3,選修,
300749031,商用寫作與口語訓練（二）,3,選修,
300749041,商用寫作與口語訓練（二）,3,選修,
300749051,商用寫作與口語訓練（二）,3,選修,
300745001,商用進階英文寫作,3,選修,
300745021,商用進階英文寫作,3,選修,
300747001,商用中級寫作訓練,3,選修,
300747021,商用中級寫作訓練,3,選修,
300747041,商用中級寫作訓練,3,選修,
300749021,商用寫作與口語訓練（二）,3,選修,
300749071,商用寫作與口語訓練（二）,3,選修,
300905001,貨幣銀行學,3,選修,
300934001,人壽保險,3,選修,
300736011,ESG專題：國際永續發展週,1,選修,
300747011,商用中級寫作訓練,3,選修,
300749001,商用寫作與口語訓練（二）,3,選修,
300749011,商用寫作與口語訓練（二）,3,選修,
300749061,商用寫作與口語訓練（二）,3,選修,
300761021,ESG專題研討：永續發展趨勢、機會與挑戰,3,選修,
301773001,策略行銷分析－全球觀點,3,選修,
301775001,國際企業經營策略,3,選修,
301772001,國際企業經營法律風險實務探討,3,選修,
301815011,亞洲經濟問題研究（乙）,3,選修,
302900011,固定收益證券,3,選修,
302771001,金融領域—證券市場實務,2,選修,
302926001,計量經濟學,3,選修,
302838001,財金新聞選讀,2,選修,
303808001,證券交易法,3,選修,
303810001,中國稅務與商務,3,選修,
303899001,鑑識會計,3,選修,
303807001,會計專業之ESG浪潮解析,3,選修,
303809001,審計數據分析應用,3,選修,
303827001,作業價值管理（AVM）—企業實作,3,選修,
304836001,進階數理統計學,3,選修,
304842001,從資料學習（二）,2,選修,
304906001,統計實務,3,選修,
305659001,供應鏈管理實務,2,選修,
305673001,量表發展與應用,3,選修,
305764001,設計思考與創新,3,選修,
305672001,工作與生活平衡,1,選修,
305674001,人力資源數據分析,2,選修,
305763001,智能供應鏈：趨勢與應用,2,選修,
306720001,作業系統,3,選修,
306722001,應用機器學習,3,選修,
306025001,資訊科技創新,3,選修,
306721001,資訊系統專案管理,3,選修,
307836001,產業分析與投資策略,1,選修,
307842001,財務金融時間序列,3,選修,
307912001,不動產管理實務,3,選修,
308873001,金融機構風險管理,3,選修,
308888001,保險財務管理專題研究,3,選修,
351732001,專案研究（三）,2,選修,
351748001,歐盟經貿法,3,選修,
351881011,國際企業經營策略,3,選修,
352726001,金融財務專題,1,選修,
352724001,金融領域—證券市場實務,2,選修,
352747001,金融機構策略管理,3,選修,
353754001,國際公司治理專題研究（一）,3,選修,
353752001,數位創新之風險管理及控制,3,選修,
354707001,時間數列分析,3,選修,
354813001,統計實務,3,選修,
354900001,從資料學習（二）,2,選修,
354709001,統計機器學習,3,選修,
356346001,資安檢測技術與實務,3,選修,
356348001,資訊安全管理,3,選修,
356345001,滲透測試實務應用,3,選修,
356347001,數位鑑識,3,選修,
356351001,應用機器學習,3,選修,
356350001,資訊系統專案管理,3,選修,
357861001,產業分析與投資策略,1,選修,
357923001,財務金融時間序列,3,選修,
363023001,企業倫理與永續發展,1,選修,
363023011,企業倫理與永續發展,1,選修,
363913001,東南亞區域經濟與產業發展,1,選修,
363889001,平台策略與創新實作專題,1,選修,
364824001,專利大數據分析,3,選修,
364905001,科技產業技術實務,3,選修,
364761001,生物科技管理個案,1,選修,
364762001,數位轉型：科技賦能與競爭優勢,3,選修,
364780001,策略與創新理論研討（二）,3,選修,
364079001,科技與創新管理研討,3,選修,
364929001,智慧財產權法專題研究（二）,2,選修,
933860001,國際商務策略與實務,1,選修,
933861001,企業永續及財務決策,1,選修,
352727001,財務經濟專題,3,選修,
353799001,會計專題研討（四）,1,選修,
354872001,大樣本理論,3,選修,
355548001,組織行為專題研討：團體動態與團隊,3,選修,
355628011,經營策略理論研討,3,選修,
355529001,企業問題研討（三）,3,選修,
355628001,經營策略理論研討,3,選修,
356352001,自然語言處理,3,選修,
358053001,保險理論專題,3,選修,
364762011,數位轉型：科技賦能與競爭優勢,3,選修,
364771011,ESG永續發展與公司治理,3,選修,
405868001,全球傳播,3,選修,
405869001,社交媒體數位內容行銷,3,選修,
405871001,台灣媒體中的文化多樣性與多語樣貌,3,選修,
405873001,跨界實驗室,3,選修,
405870001,傳播科技專題：媒體心理與視覺化,3,選修,
405872001,公共政策倡議及媒體策略實務研析,3,選修,
401142001,偵探社會學—推理小說賞析,3,選修,
401030001,閱聽人分析,3,選修,
401143001,資料新聞學,3,選修,
402099001,互動設計理論,3,選修,
402104001,互動科技與品牌體驗,3,選修,
402076001,洞察與想像,3,選修,
402097001,從創意概念到執行,2,選修,
402103001,消費者洞察分析,3,選修,
403106001,進階電視製作—兒少節目,3,選修,
403060001,媒體內容企劃,3,選修,
464791001,互動傳播與科技,3,選修,
464793001,公關個案研究,3,選修,
464849001,閱聽人研究,3,選修,
464888001,媒介經濟學,3,選修,
464913001,文化創意產業發展策略與實例,3,選修,
464789001,衝突新聞、全球傳播與公民,3,選修,
464792001,閱聽媒介與人文科技,3,選修,
464790001,視覺元素與敘事,3,選修,
464829001,資料新聞學,3,選修,
464876001,科學傳播,3,選修,
461856001,數位敘事,3,選修,
461891001,新媒體匯流,3,選修,
461865001,廣告研究專題,3,選修,
461910001,國際組織,3,選修,
461882001,臺灣流行文化：國族、日常生活與展演,3,選修,
462886001,進階使用者經驗設計,3,選修,
462926001,互動科技：媒材、感知與設計,3,選修,
462885001,進階遊戲引擎應用開發,3,選修,
462907001,未來互動電影,3,選修,
462908001,虛擬實境藝術,3,選修,
941907001,都市媒介研究,3,選修,
941927001,新媒介商業模式,3,選修,
941936001,公共傳播與危機管理專題,3,選修,
941910001,智能科技與文創產業,3,選修,
463884001,高等量化傳播研究方法,3,選修,
463895001,科學傳播,3,選修,
463880001,台灣電視產業發展,2,選修,
463881001,新聞資訊與實踐,3,選修,
463882001,衝突新聞、全球傳播與公民,3,選修,
463908001,閱聽人研究,3,選修,
463883001,互動傳播與科技,3,選修,
501871001,音韻學導論,3,選修,
501891001,文學理論與批評,3,選修,
501915001,現代詩,3,選修,
502818001,吉爾吉斯語 ﹙二﹚,3,選修,
502872001,中東衝突專題,3,選修,
502881001,古蘭經與聖訓研究,3,選修,
502817001,吉爾吉斯的社會與文化,3,選修,
502819001,伊斯蘭中土：突厥王朝至鄂圖曼與薩發維帝國之崛起,3,選修,
502856001,中階阿拉伯語,3,選修,
502860001,阿拉伯語應用文與翻譯習作,2,選修,
502861001,現代阿拉伯文學作品賞析,2,選修,
502862001,阿拉伯諺語,2,選修,
504064012,進階俄語,2,選修,
504065011,俄語寫作,2,選修,
504817001,中級俄語口說訓練（二）,2,選修,
504064002,進階俄語,2,選修,
504065001,俄語寫作,2,選修,
506827001,從影像媒體看日本古典文學與文化,2,選修,
507049012,韓語語法與應用,3,選修,
507820002,進階韓語聽力,2,選修,
507913001,韓國文化概論,2,選修,
507051001,韓文筆譯,3,選修,
507816001,高級韓文語彙應用,2,選修,
507M02001,翻譯產業入門及外語翻譯實習,1,選修,
508813001,伊斯蘭中土：突厥王朝至鄂圖曼與薩發維帝國之崛起,3,選修,
508824001,土耳其服飾文化,2,選修,
508811001,土耳其動畫,2,選修,
508815001,土耳其文化中的諷刺與幽默,2,選修,
508899001,土耳其語成語及諺語應用,2,選修,
508900011,土耳其手工藝,2,選修,
508812001,突厥民族與文化,2,選修,
508814001,吉爾吉斯的社會與文化,3,選修,
508839001,新聞土耳其語閱讀與寫作,2,選修,
509904001,商業西班牙文,2,選修,
509M01001,人力資源實務精華—業界實戰經驗,1,選修,
509883001,文化轉譯，媒體與科技,2,選修,
510056002,初級泰語語法與寫作,2,選修,
510066001,進階泰語語法與寫作,2,選修,
510073002,高級印尼語會話,1,選修,
510079001,印尼語應用文寫作,2,選修,
510890001,印尼語閱讀（三）,2,選修,
510893001,泰文閱讀（一）,2,選修,
510003001,東南亞社會與人文,3,選修,
510005001,東南亞民族與現況,3,選修,
510055002,初級泰語聽力與會話,2,選修,
510063001,進階泰語：政治經濟,2,選修,
510070002,初級印尼語語法與寫作,2,選修,
510071002,中級印尼語語法與寫作,2,選修,
510072002,高級印尼語,2,選修,
510888001,東南亞的社會變革,3,選修,
510889001,新聞泰語,2,選修,
510896002,影視泰語,2,選修,
510059002,高級泰語,2,選修,
510060002,高級泰語會話,1,選修,
599781001,大學外文（二）：息利爾蒙文,2,選修,
599795041,選修英文：英文寫作,3,選修,
599775001,選修英文：會展英文,3,選修,
599793021,選修英文：閱讀與口語訓練,3,選修,
551758001,英美浪漫主義的空間想像,3,選修,
551810001,大眾文學與文化研究－偵探小說與浪漫小說的理論與應用,3,選修,
551733001,認知功能語法,3,選修,
551754001,篇章語法與語言教學,3,選修,
551760001,憤怒小說：福克納和全球化的南方,3,選修,
551766011,語言教師專業發展,3,選修,
551800001,精神分析－從佛洛伊德到拉岡,3,選修,
554863001,白銀時代俄國戲劇與劇場藝術,3,選修,
555750001,優選理論新趨勢,3,選修,
555870001,南島語言學,3,選修,
555744001,實驗語言學,3,選修,
555768001,篇章語法與語言教學,3,選修,
555737001,二語及多語音韻習得,3,選修,
555745001,計量語言學,3,選修,
555803001,認知功能語法,3,選修,
556758001,日語教育學研究 3,2,選修,
556759001,日語社會語言學研究,2,選修,
556760001,日本殖民帝國專題,2,選修,
556781001,研究方法與指導Ａ１（語言學群）,2,選修,
556831001,中日語言研究演習,2,選修,
556756001,日本近現代文學專題,2,選修,
556757001,從影像媒體看日本古典文學與文化,2,選修,
556782001,研究方法與指導Ｂ１（文化學群）,2,選修,
557905001,韓字的歷史,3,選修,
557906001,韓國文化教育論,3,選修,
557M02001,翻譯產業入門及外語翻譯實習,1,選修,
557904001,語言學與韓語教育,3,選修,
557908001,韓語詞彙教學研究,3,選修,
560888001,中階阿拉伯語,3,選修,
560890001,吉爾吉斯的社會與文化,3,選修,
560891001,吉爾吉斯語 ﹙二﹚,3,選修,
560937001,中東衝突專題,3,選修,
560892001,俄羅斯與歐盟：政治與外交專題研究,2,選修,
560889001,伊斯蘭中土：突厥王朝至鄂圖曼與薩發維帝國之崛起,3,選修,
560893001,中亞政治與外交,2,選修,
601629001,刑事證據法,3,選修,
601709001,個人資料保護法,2,選修,
601160021,法學的歷史、社會與思想,3,選修,
601357001,海商法,2,選修,
601359021,民法債編各論,3,選修,
601360001,財法中心公益服務實習—金融消費評議中心見習（一）,2,選修,
601364001,土地、環境與法律,2,選修,
601418001,國際法實習,1,選修,
601703001,刑事訴訟法實例研習,2,選修,
601160001,法學的歷史、社會與思想,3,選修,
601946001,商標法,2,選修,
601353001,商事法實例研習,1,選修,
601352001,刑事訴訟法（二）,2,選修,
601356001,勞動與社會行政法,2,選修,
601359001,民法債編各論,3,選修,
601361001,衝突管理與調解學,2,選修,
601362011,民事訴訟法（二）,3,選修,
601363001,國家組織法,2,選修,
601397001,鑑識會計,3,選修,
601414001,刑法中心公益服務實習－共好文山計畫,2,選修,
601442001,信託法理論與實務（一）,3,選修,
601716001,勞動法案例研究,2,選修,
601048011,證券交易法,3,選修,
601160011,法學的歷史、社會與思想,3,選修,
601349001,醫療法與人工智慧法專題（一）,2,選修,
601355001,法學方法與民事審判實務,2,選修,
601357011,海商法,2,選修,
601359011,民法債編各論,3,選修,
601362001,民事訴訟法（二）,3,選修,
601362021,民事訴訟法（二）,3,選修,
601488001,民法中心公益服務實習（三）,1,選修,
601620001,公法中心公益服務實習（二）,1,選修,
601878001,社會法,3,選修,
651220001,社會法專題研究（一）,2,選修,
651277001,國際公法專題研究（三）,2,選修,
651156001,經濟法專題研究（二）,2,選修,
651278001,德文法學名著選讀 （三）,3,選修,
651312001,西洋法律思想史專題研究（三）,3,選修,
651363001,刑事證據法專題研究（四）,2,選修,
651369001,民事訴訟法專題研究（五）,2,選修,
651467001,民事實務專題研究（一）,2,選修,
651527001,集體勞動法專題研究（三）,2,選修,
651536001,公法實務專題研究（三）,2,選修,
651695001,法理學專題研究（一）,1,選修,
651820001,民法中心公益服務實習（三）,1,選修,
651A29001,鑑識會計,3,選修,
651B06001,專題三：AI與治理,3,選修,
651B40001,智慧財產權法專題研究（五）,2,選修,
651B45001,個人資料保護法,2,選修,
651B49001,行政法論文寫作（十一）,2,選修,
651B50001,民事審判實務研究（二）,2,選修,
651B51001,美國法律檢索、分析與寫作（一）,2,選修,
651040001,刑法專題研究（六）,3,選修,
651043001,英文法學名著選讀（一）,3,選修,
651079001,財產法專題研究（七）,2,選修,
651241001,親子法專題研究（二）,2,選修,
651290001,刑事訴訟法專題研究（四）,2,選修,
651379001,憲法專題研究（八）,2,選修,
651382001,憲法專題研究（九）,2,選修,
651473001,超國界法律問題專題研究（五）,2,選修,
651A16001,文化與法律專題研究（一）,3,選修,
651B41001,國際智慧財產權法專題研究（三）,2,選修,
651B42001,近代民法史專題研究（一）,3,選修,
651011001,智慧財產權法專題研究（二）,2,選修,
651058001,證券交易法專題研究（四）,2,選修,
651067021,行政法專題研究（三）,2,選修,
651083001,財產法專題研究（八）,2,選修,
651472001,比較契約法專題研究（一）,2,選修,
651539001,消費者保護法專題研究（三）,2,選修,
651646001,財法中心公益服務實習—金融消費評議中心見習（一）,2,選修,
651706001,歐盟經貿法,3,選修,
651760001,公法中心公益服務實習（二）,1,選修,
651853001,中國大陸公司法研究（一）,2,選修,
651A01001,國際公司治理專題研究（一）,3,選修,
651A45001,信託法理論與實務（一）,3,選修,
651B39001,刑法與社會專題研究（二）,3,選修,
651B43001,比較商事法專題,2,選修,
651B46001,醫療法與人工智慧法專題（一）,2,選修,
651B47001,法學方法與民事審判實務,2,選修,
651B48001,土地、環境與法律,2,選修,
652201001,土地、環境與法律,2,選修,
652877001,勞動法案例研究,2,選修,
652897001,商標法,2,選修,
652110001,政府採購法,2,選修,
652150011,證券交易法,3,選修,
652154001,國際貿易與法律（三）,3,選修,
652853001,初階法學英文,1,選修,
652892001,歐盟經貿法,3,選修,
652922001,營建工程法律專題研究（二）,2,選修,
652933001,英文契約導讀及撰寫（一）,2,選修,
652203001,企業併購法,2,選修,
652854001,經濟法專題研究（二）,2,選修,
961064001,中國大陸投資法律制度與實務（二）,3,選修,
961205001,強制執行法專題研究（四）,2,選修,
961002001,國際商事法專題研究,3,選修,
961022001,物權法,3,選修,
961127001,消費者保護法專題研究,2,選修,
961140001,侵權責任與責任保險專題研究,3,選修,
961173001,公司治理專題研究（二）,3,選修,
961206001,民事程序法專題研究（一）,1,選修,
961207001,法律倫理專題研究,1,選修,
701889001,生成式 AI：文字與圖像生成的原理與實務,3,選修,
701925001,偏微分方程式論,3,選修,
701909001,成為Python數據分析達人的第一堂課,1,選修,
701932001,矩陣計算,3,選修,
702793001,臨床心理學專題,3,選修,
702874001,人體生理學實驗,1,選修,
702878001,人體生理學,3,選修,
702909001,心理學基本數位技能,3,選修,
702759001,生命科學概論,3,選修,
702768001,文化心理學,3,選修,
702912001,功能性磁振造影在認知神經科學上的應用,3,選修,
751832001,排隊理論,3,選修,
751837002,隨機微積分,3,選修,
751873002,微分方程式,3,選修,
751883002,多變量分析及其應用,3,選修,
751944001,偏微分方程式論,3,選修,
751752001,矩陣計算,3,選修,
751890001,密碼學,3,選修,
751841001,生成式 AI：文字與圖像生成的原理與實務,3,選修,
751866002,分析專題,3,選修,
751913002,高等機率論,3,選修,
752649001,功能性磁振造影在認知神經科學上的應用,3,選修,
752606001,行為睡眠醫學的衡鑑與治療,3,選修,
752626001,心理科學新知,2,選修,
752645001,早期療育專題,3,選修,
752743001,臨床心理學專題,3,選修,
752667001,文化心理學研究,3,選修,
752905001,工業與組織心理學專題,3,選修,
754918001,精神健康神經生物學,3,選修,
755940001,磁共振物理及應用,3,選修,
755749001,固態物理（二）,3,選修,
752005001,研究方法專題,3,選修,
203017001,區域研究—東北亞國際關係,3,選修,
203803001,國際法實習,1,選修,
203M01001,美國對第三世界之外交政策作為,0.4,選修,
203826001,衝突管理,2,選修,
203833001,環境外交,2,選修,
203019001,區域研究—拉丁美洲國際關係,3,選修,
203802001,亞洲安全議題,3,選修,
203074001,區域研究—北美國際關係,3,選修,
253787001,國際公法專題研究（三）,2,選修,
253813001,永續發展研究,2,選修,
253050001,國際組織,3,選修,
253789001,國際金融治理,2,選修,
253816001,國際經濟法,2,選修,
260872001,中國政治經濟,3,選修,
260737001,智庫外交與印太國際政治,3,選修,
260940001,社會科學統計方法,3,選修,
263810001,俄羅斯與發展中的歐亞全球性,3,選修,
263811001,中亞政治與外交,2,選修,
263813001,俄羅斯與歐盟：政治與外交專題研究,2,選修,
861821001,從統計的角度看日本經濟,3,選修,
861823001,日本的新太空發展與戰略,3,選修,
861839001,日美關係史,3,選修,
861870001,日本經營管理,3,選修,
861819001,日本殖民帝國專題,2,選修,
861822001,當代日本外交專題研究,3,選修,
861881001,當代日本社會,3,選修,
861820001,行政學,3,選修,
861888001,日本大眾文化專題,3,選修,
862889001,公民社會與憲政民主：來自全球南方的教訓,3,選修,
862897001,亞洲與拉丁美洲關係發展,3,選修,
862890001,現代世界的宗教與政治,3,選修,
922024001,區域研究—北美國際關係研究,3,選修,
922031001,區域研究—拉丁美洲國際關係研究,3,選修,
922914001,亞太安全情勢分析,2,選修,
260049001,中國大陸與國際經濟體系,3,選修,
863002001,日本研究專論 II,3,選修,
863877001,行政學,3,選修,
863880001,日本的新太空發展與戰略,3,選修,
863876001,日本殖民帝國專題,2,選修,
863878001,從統計的角度看日本經濟,3,選修,
863879001,當代日本外交專題研究,3,選修,
863895001,日美關係史,3,選修,
863916001,日本經營管理,3,選修,
863933001,日本大眾文化專題,3,選修,
102118001,數學領域教學實習,2,選修,
102133001,學校輔導工作,3,選修,
102793001,雙語教學實習,2,選修,
102799001,原住民族教育,3,選修,
102810001,諮商專業導論,2,選修,
102642001,休閒教育,2,選修,
102819001,教育政策與全球化,3,選修,
109035001,數學領域教學實習,2,選修,
152637001,教學設計與科技研究,3,選修,
152573001,教育政策與全球化,3,選修,
152673001,諮商倫理研究,3,選修,
157828001,教學視導與專業發展研究,3,選修,
157859001,兒童文化研究,3,選修,
157860001,幼教政策與行政研究,3,選修,
157864001,童年與社會化研究,3,選修,
157856001,家庭游（遊）藝學,3,選修,
171913001,教育政策與全球化,3,選修,
171914001,教育行政專題（二）,1,選修,
171915001,教學視導與專業發展研究,3,選修,
172942001,諮商倫理研究,3,選修,
911933001,數位教育科技管理研究,3,選修,
911949001,教育改革研究,3,選修,
152658001,教育政策分析專題研究,3,選修,
ZU1883001,生成式AI實作,3,選修,
ZU1885001,動作的表演、表達與創造力,2,選修,
ZU1879001,當代外交政策與多元外交的想像及實踐,3,選修,
ZU1880001,計算社會科學導論,3,選修,
ZU1882001,跨域公共管理,3,選修,
ZU1884001,美國專利法與實務,3,選修,
ZU1886001,韌命之路：選讀經典、探索永續,3,選修,
ZU1887001,現代世界的宗教與政治,3,選修,
ZU1032001,專題一：永續發展與都市政治,3,選修,
ZU1034001,專題二：全球議題在亞洲,3,選修,
ZU1881001,永續發展與地方創生,3,選修,
ZM1911001,公民社會與憲政民主：來自全球南方的教訓,3,選修,
ZM1910001,創新科技與應用,3,選修,
ZM1939001,專題三：AI與治理,3,選修,
ZM1944001,臺灣流行文化：國族、日常生活與展演,3,選修,
ZM1946001,新媒體匯流,3,選修,
ZM1909001,專題三：大數據與社會分析,3,選修,
703817001,智慧運輸系統,3,選修,
703830001,軟體開發環境應用設計,3,選修,
781045001,虛擬實境藝術,3,選修,
781052001,進階使用者經驗設計,3,選修,
781916001,數位內容技術實作,3,選修,
781035001,人機介面,3,選修,
781044001,未來互動電影,3,選修,
781051001,進階遊戲引擎應用開發,3,選修,
781917001,電腦繪圖生成藝術,3,選修,
783007001,自然語言處理,3,選修,
783008001,人工智慧概論,3,選修,
783006001,人工智慧實務專題,3,選修,
753806001,智慧運輸系統,3,選修,
971866001,影像處理—從古典到深度學習,3,選修,
971865001,計算機系統,3,選修,
791012001,分散式系統,3,選修,
791015001,密碼協定設計與分析,3,選修,
791016001,專題研討（二）,1,選修,
791019001,數位鑑識,3,選修,
791020001,進階資訊系統研發,3,選修,
791022001,企業實習（二）,1,選修,
791026001,滲透測試實務應用,3,選修,
791028001,量子計算,3,選修,
791018001,資訊安全管理,3,選修,
791021001,網路安全的資料科學,3,選修,
791027001,資安檢測技術與實務,3,選修,
791013001,現代密碼學,3,選修,
791025001,個人資料保護法,2,選修,
351041,投資學,3,選修,
216011,社會學,3,選修,
603021,民法概要,2,選修,
347101,財務管理,3,選修,
218021,總體經濟學,3,選修,
31014181,國文－中國思想名作選讀,3,一般通識,中文通識
31026001,國文－基礎班,3,一般通識,中文通識
31027001,國文－進階班,3,一般通識,中文通識
32001321,大學英文（一）,3,一般通識,外文通識
32001721,大學英文（一）,3,一般通識,外文通識
41092031,圖書資訊應用,3,一般通識,人文通識
90108011,關於藝術的話題,2,一般通識,跨領域(人文、社會)
41115001,語言與生活,3,一般通識,人文通識
41194001,中東歐電影、文化與社會,3,一般通識,人文通識
90123001,舞蹈鑑賞,3,一般通識,人文通識
90125001,從空間認識藝術,2,一般通識,人文通識
41208001,跟你談談「心」,2,一般通識,人文通識
41209001,藝術、自我探索與文化溯源,3,一般通識,人文通識
90124001,表達性治療與自我探索,3,一般通識,人文通識
42126001,同志文學在東亞,3,一般通識,社會通識
42210001,從臺灣放眼當代日本,3,一般通識,社會通識
42209001,設計思維與創意開發,2,一般通識,社會通識
42212001,移民／工人權與多元文化,3,一般通識,社會通識
42213001,去成長,2,一般通識,社會通識
90121001,風土、生活與產業,2,一般通識,社會通識
45052001,自主學習專題：大文山文化歷史與田野調查,2,一般通識,書院通識
45058001,自主學習專題：人文茶學概論－基礎感官品評實作,1,一般通識,書院通識
45056001,自主學習專題：宜居校園－基礎建設與營繕原理,2,一般通識,書院通識
45054001,自主學習專題：橋牌運動中的機率與理則學,2,一般通識,書院通識
45055001,自主學習專題：Stand-Up Comedy 單口喜劇創作與表達,2,一般通識,書院通識
45057001,自主學習專題：人文茶學概論－基礎感官品評,2,一般通識,書院通識
46007001,資通安全管理概論,2,一般通識,資訊通識
10117001,國際關係,3,選修,
10056001,日語讀本（一）,2,選修,
10057011,日語聽力練習,2,選修,
10056011,日語讀本（一）,2,選修,
10057001,日語聽力練習,2,選修,
10057021,日語聽力練習,2,選修,
10122041,初級韓國語,3,選修,
70397001,華語語法與華語特殊句型,3,選修,
70374001,文化導論,3,選修,
504783001,捷克戲劇與電影概論,2,選修,
599889001,大學外文（一）：泰文,3,選修,
599901021,大學外文（一）：韓語,3,選修,
353751001,策略價值管理—企業實作（二）（ＥＳＧ策略形成及執行）,3,選修,
934019001,生物科技管理實務,1,選修,
601339001,智慧財產權法總論,2,選修,
755939001,半導體物理及元件導論,3,選修,
509882001,專業德文檢定訓練B1+B2,2,選修,
701025001,數學導論,2,選修,
70173021,選修英文：英文寫作（ETP專班）,3,選修,
601338001,美國刑事法,2,選修,
601341001,公司治理與ESG,2,選修,
601345001,英國契約法,1,選修,
601415001,國際智慧財產權法專題研究（一）,2,選修,
501809001,社會語言學導論,3,選修,
NU1947001,運動書寫,3,選修,
70399001,人工智慧生成圖像與創造力,3,選修,
70401001,劇本寫作與AI協作,1,選修,
70402001,台日文學名著選讀,3,選修,
358940021,保險學,3,選修,
70398001,社交與行動媒體,3,選修,
155818001,資訊行為與使用研究,3,選修,
155806001,人機互動與介面研究,3,選修,
158773001,台灣政治經濟發展與美國政策,3,選修,
601401001,公益服務法律實習－共好文山計畫（一）,2,選修,
209708001,公共人類學,3,選修,
601682001,歐盟法導論,3,選修,
70322001,原住民族知識體系,3,選修,
70400001,阿美語語法結構,2,選修,
157825001,STEAM教育導論,3,選修,
900925001,認知科學與人際溝通,1,選修,
900924001,心理健康與遠距心理治療,1,選修,
900926001,亞太地區永續發展、全球在地化與教育,1,選修,
101049001,中國現代詩選讀,3,選修,
2136011,體育[女]—健康體適能,1,體育,必修
2389011,體育[男女合班]—芭蕾舞初級,1,體育,必修
2076011,體育[女]—游泳初級,1,體育,必修
2062041,體育[女]—羽球初級,1,體育,必修
2136001,體育[女]—健康體適能,1,體育,必修
101044001,宋明理學,3,選修,
101778001,髒東西—東西方的詈罵語,3,選修,
101017001,左傳,3,選修,
101042001,魏晉玄學,3,選修,
101917001,漢魏六朝詩,3,選修,
101036001,莊子,3,選修,
101062001,臺灣文學史,3,選修,
101808001,明清章回小說選讀,3,選修,
103266001,東亞佛教文化史,3,選修,
103268001,全球宗教改革專題,3,選修,
103261001,台灣、東亞與世界文明（一）,3,選修,
103267001,中古地中海歷史（400-1000）,3,選修,
103269001,中國古代生活史,3,選修,
103118001,中國社會史,3,選修,
103264001,歷史思惟與方法,3,選修,
103693001,士人、鄉里與國家專題,3,選修,
103M01001,編輯的故事與故事的編輯,0.6,選修,
104089121,科學哲學,3,選修,
104213001,宋代理學原典導讀,3,選修,
104011011,道家哲學,3,選修,
104211001,胡塞爾：《觀念：純粹現象學導論》,3,選修,
104735001,柏拉圖哲學導論,3,選修,
104079121,應用倫理學,3,選修,
104209001,哈伯瑪斯哲學導論,3,選修,
104210001,哲學神學（三）：惡的問題,3,選修,
104212001,德勒茲：動物變化,3,選修,
104214001,朱熹的歷史理論,3,選修,
104736001,希臘化時期哲學—從Nussbaum的觀點來看,2,選修,
100836001,歷史思惟與方法,3,選修,
100716001,劇本寫作與AI協作,1,選修,
151514001,人物移動與文化傳播,2,選修,
151518001,神話學理論、圖像與文獻專題研究,3,選修,
151517001,武俠、奇幻、玄幻、科幻：現當代幻想文學與電影,1,選修,
151519001,六朝佛性論專題研究,3,選修,
151686001,騷體文學專題研究,3,選修,
151762001,視覺文化專題研究,3,選修,
151515001,入境與出境：古典詩文賦之體類跨界與困境書寫,3,選修,
151516001,台灣民間信仰專題,3,選修,
151715001,中國大陸當代詩研究專題,3,選修,
153482001,東亞農業史專題,3,選修,
153529001,近代城市與性別專題,3,選修,
153477001,檔案數位化專題,3,選修,
153478001,環境史專題,2,選修,
153479001,道教藝術史專題,3,選修,
153480001,藝術史與視覺文化：理論與方法,3,選修,
153547001,中國史日文典籍選讀,3,選修,
153481001,近代社會的身體與性別,1,選修,
153567001,憲政史專題,3,選修,
153623001,早期基督宗教史專題,3,選修,
153M01001,編輯的故事與故事的編輯,0.6,選修,
154255001,高達美《柏拉圖的辯證法倫理學》,3,選修,
154395001,黑格爾法哲學,3,選修,
154250001,梅洛龐蒂：行為的結構,3,選修,
154252001,伯納德．威廉士《倫理學和哲學的邊界》研讀,3,選修,
154253001,費希特《全部知識學基礎》導讀,3,選修,
154254001,道家哲學,3,選修,
154341001,德行倫理學專題,3,選修,
154249001,氣氛、力量、呼吸：氣學與美學的跨文化探索,1,選修,
154418011,獨立研究,3,選修,
155790001,閱讀與圖書館,3,選修,
155788001,科技資訊資源與服務,3,選修,
155789001,數位館藏管理,3,選修,
156644001,靈祕：歐洲漢學與華人宗教,1,選修,
156651001,宗教與現代中國專題,3,選修,
156652001,宗教管理與社會發展專題,3,選修,
156903001,宗教對話專題,3,選修,
156923001,巴利文（一）,3,選修,
156645001,宗教哲學專題,3,選修,
156647001,禪宗研究日文選讀,3,選修,
156648001,臺灣道教與宮廟實務研究,3,選修,
156646001,東亞佛教文化史,3,選修,
156649001,宗教、靈性與電影專題,3,選修,
156650001,道教藝術史專題,3,選修,
156831001,早期基督宗教史專題,3,選修,
158716001,檔案保存維護專題,3,選修,
158721001,跨域的大眾史學：地緣政治下的台日歷史論述與實踐,2,選修,
158720001,近代東亞國際關係與交流,1,選修,
158872001,憲政史專題,3,選修,
158M01001,編輯的故事與故事的編輯,0.6,選修,
159850001,台灣原住民族神話與祭儀文學專題,3,選修,
159820001,冷戰文藝與性政治專題,3,選修,
159859001,中國大陸當代詩研究專題,3,選修,
161729001,華語文教材教法研究,3,選修,
161730001,華語文跨文化代間教材編輯與研究,3,選修,
161751001,專業華語文教材教法,1,選修,
161728001,華語語系文化專題,3,選修,
161849001,知識創新教育與科技研究,3,選修,
912817001,敦煌學專題研究,3,選修,
912818001,漢語語音史研究與教學,3,選修,
912839001,近現代學人思想及其歷史世界專題研究,3,選修,
912869005,道教文化專題研究與教學,3,選修,
912820005,國文教學專題研究,3,選修,
913932001,數位人文與策展,3,選修,
155912001,個別研究,1,選修,
160720001,華語語系文化專題,3,選修,
160721001,華語文教材教法研究,3,選修,
160743001,專業華語文教材教法,1,選修,
160722001,華語文跨文化代間教材編輯與研究,3,選修,
160851001,知識創新教育與科技研究,3,選修,
202810001,中西政治思想主要課題,3,選修,
202133001,西洋政治思想典籍導讀,3,選修,
202811001,近代政治思想專題,3,選修,
202883001,台灣政治史,3,選修,
204783001,蓋婭政治與戰時生態學,3,選修,
204044001,區域研究,3,選修,
204782001,紀爾茲文化社會學專題,3,選修,
205841001,中國稅務與商務,3,選修,
205909001,醫療經濟學,3,選修,
205839001,永續發展商業模式：選擇、實施與最佳案例分析,3,選修,
205840001,跨國企業國際稅收管理,3,選修,
205843001,循環經濟,3,選修,
206789001,人工智慧治理,2,選修,
206077001,公共政策新興議題,1,選修,
206787001,認識災害管理與風險治理,3,選修,
207730001,國土計畫概論,2,選修,
207726001,住宅研究與資料科學,3,選修,
207731001,空間基本設計,2,選修,
208019011,計量經濟學（一）,3,選修,
208024001,產業經濟學（一）,3,選修,
208764001,金融，理財與生活,3,選修,
208027001,環境經濟學,3,選修,
209070001,中國民族史（I）,3,選修,
209596001,喜馬拉雅高地宗教與社會專題,1,選修,
209817001,歐亞民族現況,2,選修,
252689001,生命政治導論,3,選修,
252676001,比較政治的實證研究設計,3,選修,
254761001,量化研究專題討論與論文寫作,3,選修,
254758001,紀爾茲文化社會學專題,3,選修,
254760001,專題一：科技、社會與文化,3,選修,
254077001,歷史社會學,3,選修,
254137001,資料科學及資料整合學理及實務：以地理資訊及SAS為工具,3,選修,
254139001,語言與社會,3,選修,
254759001,蓋婭政治與戰時生態學,3,選修,
255817001,永續發展商業模式：選擇、實施與最佳案例分析,3,選修,
255816001,高等個體經濟學（一）,3,選修,
255914001,醫療經濟學,3,選修,
255818001,跨國企業國際稅收管理,3,選修,
255819001,中國稅務與商務,3,選修,
255820001,產業經濟實證方法,3,選修,
255821001,循環經濟,3,選修,
256652001,論文寫作,3,選修,
256653001,認識災害管理與風險治理,3,選修,
256749001,政府公關與政策行銷專題研究,3,選修,
256651001,環境與氣候治理專題,3,選修,
256654001,人工智慧治理,2,選修,
257730001,成長管理與土地利用政策,3,選修,
258018001,經濟計量學,3,選修,
258698001,管理經濟學（一）,3,選修,
258699001,勞動經濟實證專題,2,選修,
259655001,人類學理論,3,選修,
259824001,公共人類學,3,選修,
259657001,喜馬拉雅高地宗教與社會專題,1,選修,
261873001,資源開採與發展,3,選修,
261872001,全球化經濟下的勞動與工作,3,選修,
262790001,勞基法案例實務,2,選修,
262852001,勞動社會學論文專題研究,2,選修,
264865001,基進社會工作,3,選修,
266844001,勞動經濟實證專題,2,選修,
266843001,科技地緣政治時代的半導體產業,3,選修,
266845001,地緣政治下的台灣半導體產業與全球競爭戰略,3,選修,
267938001,環境規劃與治理,3,選修,
267937001,原住民族空間規劃,3,選修,
267007001,原住民族空間規劃,3,選修,
923875001,土地法專題研究 （一）,3,選修,
923887001,環境規劃與設計專題,3,選修,
923916001,農地利用規劃與農村發展專題研究,3,選修,
926822001,科技地緣政治時代的半導體產業,3,選修,
926823001,民族發展專題：解殖與台灣原住民族社會發展,3,選修,
926824001,人類學理論,3,選修,
926826001,美中科技競爭下的經濟安全,3,選修,
926825001,東亞冷戰中的文化與性別,3,選修,
926827001,兩岸公共政策比較研究,3,選修,
258022001,進階總體經濟分析,3,選修,
258021001,進階個體經濟分析,3,選修,
265775001,中美領導人在兩國關係中的角色,3,選修,
265776001,人類學理論,3,選修,
265777001,亞太地區的地緣政治、全球化及科技競爭,3,選修,
265778001,國際遷移與照顧,3,選修,
300734001,數位創新沙龍,2,選修,
301049001,國際金融,3,選修,
301049011,國際金融,3,選修,
302034001,貨幣銀行學,3,選修,
302045001,衍生性金融商品,3,選修,
303806001,策略價值管理—企業實作（二）（ＥＳＧ策略形成及執行）,3,選修,
304879001,迴歸分析（二）,3,選修,
304910001,可靠度分析,3,選修,
305843001,企業併購實例研習（三）,3,選修,
305670001,管理經濟學（一）,3,選修,
305897001,薪資管理,3,選修,
305671001,地緣政治下的台灣半導體產業與全球競爭戰略,3,選修,
306718001,卷積神經網路與進階神經網路,3,選修,
306719001,區塊鏈與代幣經濟,3,選修,
307867001,債券市場,3,選修,
308844001,海上保險專題研究,3,選修,
352062001,財務工程及金融創新,3,選修,
352063001,投資分析,3,選修,
352066001,財務數學,3,選修,
352723001,資產定價理論與實務研討,3,選修,
352846001,金融機構效率分析,3,選修,
354918001,可靠度分析,3,選修,
354717001,變數選取專題,3,選修,
354921001,巨量資料與統計分析,3,選修,
356343001,卷積神經網路與進階神經網路,3,選修,
356344001,區塊鏈與代幣經濟,3,選修,
357858001,金融商品與交易策略,3,選修,
357857001,永續財務與企業轉型,1,選修,
357859001,財務研究方法,1,選修,
358076001,保險業公司治理專題,3,選修,
358773001,海上保險專題研究,3,選修,
358904011,產險專題研究,3,選修,
358772001,保險與風險管理研究專題（一）,2,選修,
363858001,多元職場,1,選修,
363859001,智慧財產管理,2,選修,
364088001,公平交易與競爭法,3,選修,
364759001,數據法學與人工智慧治理,3,選修,
364930001,智慧財產權法專題研究（一）,2,選修,
364084001,科技與人文社會,3,選修,
364086001,智財法學研究方法,3,選修,
364758001,國際模擬談判,2,選修,
364760001,人文創新與永續發展,3,選修,
364764001,生物科技管理實務,1,選修,
933944001,中小企業,2,選修,
351705001,數量研究方法,3,選修,
351734001,行銷理論,3,選修,
353797001,會計專題研討（五）,1,選修,
355539001,營運與供應鏈策略,3,選修,
355585001,營運與供應鏈管理專題研討（二）,3,選修,
355499001,數量研究方法,3,選修,
355500001,結構方程模型與後設分析,3,選修,
355584001,營運與供應鏈管理專題研討（三）,3,選修,
355674001,行銷管理專題,3,選修,
355498001,微型企業策略研討（一）,3,選修,
355505001,自我與認定理論專題,3,選修,
355557001,人力資源管理研討,3,選修,
358077001,保險業公司治理專題,3,選修,
358846001,大陸保險市場與監理－案例研析,1,選修,
364756001,思考脈絡－創新採納與擴散,3,選修,
364033001,質性研究方法研討,3,選修,
364083001,創業與企業策略研討,3,選修,
400862001,台灣媒體中的文化多樣性與多語樣貌,3,選修,
400863001,數位顛覆、新聞媒體與公民,3,選修,
400868001,國際媒體倡導與社會行銷,3,選修,
400860001,電視新聞基礎與聲音練習,3,選修,
400861001,社交媒體數位內容行銷,3,選修,
400865001,人際溝通,3,選修,
400866001,電腦中介傳播理論與實務,3,選修,
400859001,界限重繪：亞洲電影與媒體文化,3,選修,
401144001,網路與親密關係,3,選修,
401145001,非虛構寫作與當代社會,3,選修,
403066001,數據分析與創意開發,3,選修,
464782001,電腦中介傳播專題,3,選修,
464783001,ＡＩ與人文社科研究專題,3,選修,
464786001,人機互動設計,3,選修,
464787001,廣告創意,3,選修,
464788001,傳播量化研究分析,3,選修,
464820001,身體與書寫,3,選修,
464873001,廣告理論與實務應用,3,選修,
461853001,界限重繪：亞洲電影與媒體文化,3,選修,
461855001,數位顛覆、新聞媒體與公民,3,選修,
461854001,電腦中介傳播專題,3,選修,
462884001,電腦中介傳播專題,3,選修,
941903001,互動與沉浸科技應用,3,選修,
941904001,數位媒體創新創業,3,選修,
941905001,社群媒體與人機關係,3,選修,
941906001,傳播與文化專題：後影像與後電影研究,3,選修,
465004001,冷戰文藝與性政治專題,3,選修,
465947001,亞洲歷史與社會比較研究,1,選修,
465002001,傳播理論與社會學,3,選修,
465943001,近現代大眾文化史專題,2,選修,
465944001,身體與書寫,3,選修,
465003001,媒介社會學,3,選修,
465005001,語言人類學,3,選修,
465945001,專題：災難與傳播,3,選修,
465946001,亞洲政經趨勢研究,1,選修,
465949001,亞際流行文化研究專題,1,選修,
463878001,身體與書寫,3,選修,
463879001,ＡＩ與人文社科研究專題,3,選修,
501041131,寫作與閱讀（一）,3,選修,
501806001,科幻小說與奇幻文學,3,選修,
501041121,寫作與閱讀（一）,3,選修,
501041141,寫作與閱讀（一）,3,選修,
501041111,寫作與閱讀（一）,3,選修,
501041151,寫作與閱讀（一）,3,選修,
501856001,進階英語口語訓練：新聞,3,選修,
502814001,突厥語族與文化,3,選修,
502129001,阿拉伯世界概論（一）,2,選修,
502815001,阿拉伯文學史與作品賞析,3,選修,
502816001,研究方法與論文寫作,3,選修,
504885001,初級俄語閱讀訓練（一）,2,選修,
506826001,從影像媒體看日本近現代文學與文化,2,選修,
507813001,韓國媒體、文化與社會,2,選修,
507814001,基礎寫作,2,選修,
507052001,韓國學概論,3,選修,
507812001,韓國古典文學研究,3,選修,
507815001,韓國歷史與社會,3,選修,
507818011,實用韓國語,2,選修,
508808001,你不可不學的土耳其成語諺語,3,選修,
508805001,電影／連續劇中的土耳其語,2,選修,
508807001,土耳其不思議,3,選修,
508809001,舌尖上的土耳其語,2,選修,
508918001,初級土耳其語,3,選修,
508801001,突厥語族與文化,3,選修,
508802001,吉爾吉斯語（一）,3,選修,
508804001,ＡＩ輔助音樂創作與語言翻譯,2,選修,
510064001,泰國古典文學,2,選修,
510082001,應用泰語,2,選修,
510083001,應用印尼語,2,選修,
510880001,短期海外實習,2,選修,
510883001,清邁歷史文化實地調查,1,選修,
510884001,泰國文化信仰,2,選修,
510887001,越文閱讀（一）,2,選修,
510892001,泰文閱讀（二）,2,選修,
510057001,中級泰語聽力與會話,2,選修,
510067001,泰語翻譯,2,選修,
510081001,應用越語,2,選修,
510879001,東南亞語言學概論,3,選修,
510882001,東南亞藝術巡禮,3,選修,
599774001,選修英文：文創產業英文,3,選修,
599793031,選修英文：閱讀與口語訓練,3,選修,
551772001,浪漫主義與雄渾,3,選修,
551741001,文化與語言教學專題,3,選修,
551391001,英美戲劇中的性別政治,3,選修,
554010001,俄國文學理論與研究方法,3,選修,
554011001,俄語語言學理論與研究方法,3,選修,
555735001,音韻學專題：優選理論應用,3,選修,
555779001,歷史語言學,3,選修,
555784001,比較符號學,3,選修,
555842001,會議及期刊論文發表,1,選修,
556785001,日本近代政治外交史專題研究１,2,選修,
556755001,人物移動與文化傳播,2,選修,
556792001,日語言談分析研究３,2,選修,
557902001,人物移動與文化傳播,2,選修,
560885001,俄國區域發展研究,3,選修,
560886001,俄國史研究,2,選修,
560887001,突厥語族與文化,3,選修,
560917001,俄國民族問題研究,2,選修,
951939001,課程設計與教材評估,3,選修,
951942001,章法分析與英語教學,3,選修,
951944001,第二語言習得,3,選修,
555736001,獨立研究：中介語分析,3,選修,
601915001,消費者保護法,2,選修,
601344001,國際私法,3,選修,
601348001,人工智慧與法律,3,選修,
601843001,刑法專題研究（三）,3,選修,
601337001,智慧財產權法專題研究（一）,2,選修,
601347001,英文法學名著選讀（八）,3,選修,
601365001,法理學,3,選修,
601403001,律師實務（二）,2,選修,
601336001,勞動事件專題,2,選修,
601340001,刑法理論綜合演習,3,選修,
601346001,勞基法案例實務,2,選修,
601402001,移民行政法,1,選修,
601614001,反歧視法,2,選修,
601662021,刑法（三）,3,選修,
601720001,勞動契約法專題研究（一）,2,選修,
601342001,模擬國際法庭（一）,1,選修,
601343001,非訟程序,2,選修,
601410001,性別思維與法律批判,3,選修,
601577001,企業併購實例研習（三）,3,選修,
601597001,通訊傳播法,2,選修,
601871001,勞動法,3,選修,
651345001,勞動契約法專題研究（一）,2,選修,
651352001,公法實務專題研究（四）,2,選修,
651374001,刑事證據法專題研究（五）,2,選修,
651445001,英文法學名著選讀（八）,3,選修,
651B52001,刑法與社會專題研究（三）,3,選修,
651B54001,保險案例專題研究,3,選修,
651B64001,國際商務糾紛解決（一）,2,選修,
651173001,德文法學名著選讀（七）,3,選修,
651347001,金融法專題研究（四）,2,選修,
651B53001,智慧財產、數位平台與競爭法,3,選修,
651B57001,金融科技法制與監理,2,選修,
651012001,行政法專題研究（五）,2,選修,
651066001,法理學專題研究（四）,1,選修,
651074001,比較刑法專題研究（一）,3,選修,
651184001,刑法專題研究（三）,3,選修,
651368001,刑事政策專題研究（一）,3,選修,
651431001,英文公法學名著選讀（三）,3,選修,
651475001,國際智慧財產權法專題研究（一）,2,選修,
651A09001,海洋法專題研究（三）,2,選修,
651A63001,民事訴訟法專題研究（六）,2,選修,
651A92001,律師實務（二）,2,選修,
651B56001,公法實務專題研究（六）,2,選修,
651B58001,行政法論文寫作（十二）,2,選修,
651B59001,公司治理與ESG,2,選修,
651B60001,人工智慧與法律,3,選修,
651B61001,英國契約法,1,選修,
651021001,公司法專題研究（四）,2,選修,
651120001,法社會學專題研究（一）,3,選修,
651159001,法學方法專題研究（二）,3,選修,
651210001,身分法專題研究（一）,2,選修,
651279001,法制史專題研究（三）,3,選修,
651293001,財產法專題研究（二）,2,選修,
651301001,契約法專題研究（三）,2,選修,
651341001,刑事訴訟法專題研究（六）,2,選修,
651377001,比較憲法專題研究（七）,2,選修,
651392001,保險法專題研究（二）,2,選修,
651405001,社會法專題研究（三）,2,選修,
651430001,刑罰思想史專題研究（一）,2,選修,
651689001,民事法學方法論專題（一）,2,選修,
651B55001,性別思維與法律批判,3,選修,
651B62001,美國刑事法,2,選修,
651B63001,勞動事件專題,2,選修,
652177001,企業併購實例研習（三）,3,選修,
652156001,工程與法律（三）,2,選修,
652202001,金融科技法制與監理,2,選修,
652850001,國際商務糾紛解決（一）,2,選修,
652187001,資訊科技與法律（二）,2,選修,
652851001,英國契約法,1,選修,
652852001,移民行政法,1,選修,
961049001,家事事件法,3,選修,
961106005,兩岸經貿法制與實務專題研究（三）,2,選修,
961121001,公私協力法,3,選修,
961210005,氣候法專題研究,2,選修,
961211005,民事訴訟法實例研習（二）,1,選修,
961088001,環境法專題研究,3,選修,
961208005,不動產與法律,2,選修,
961209005,民事程序法專題研究（調解法）,1,選修,
961213001,勞動法實務案例分析,3,選修,
961214001,公司治理專題研究（三）,3,選修,
961076001,保險判決案例分析,3,選修,
961212005,刑法實例研習（二）,2,選修,
701885001,高等微積分專題,3,選修,
701884001,矩陣理論,3,選修,
701886001,基礎數學專題Ｉ,1,選修,
702845001,閱讀心理學,3,選修,
702M01001,睡眠心理學-1/3人生的心理學,0.4,選修,
751007001,實變函數論,3,選修,
751012001,數理統計,3,選修,
751828001,代數,3,選修,
751830001,矩陣理論,3,選修,
751013001,作業研究,3,選修,
751015001,數值方法,3,選修,
751032001,高等機率論,3,選修,
751829001,微分流形,3,選修,
751831001,高等微積分專題,3,選修,
752588001,認知模型實作,3,選修,
752909001,認知心理學專題（一）,3,選修,
752821001,領導心理學專題,3,選修,
203853001,國際禮儀,2,選修,
253792001,國際禮儀,2,選修,
253874001,安全與情報研究,3,選修,
260721001,東南亞抵抗政治,3,選修,
260722001,金融全球化、財政危機與中國對外關係,3,選修,
260932001,治理中國: 個案分析,3,選修,
263833001,俄國區域發展研究,3,選修,
861841001,日本近代政治外交史專題研究１,2,選修,
862887001,貨幣、金融與國家安全的國際政治經濟分析,3,選修,
862888001,區域研究—歐盟國際關係研究,3,選修,
922912001,AI、科技與國際安全戰略專題,2,選修,
981012001,國際關係理論與中共外交,3,選修,
981896001,AI、科技與國際安全戰略專題,2,選修,
260723001,當代中國研究專題,3,選修,
863897001,日本近代政治外交史專題研究１,2,選修,
102853001,青少年心理學,3,選修,
102792001,諮商倫理,2,選修,
102818001,國際教育理論與實務,3,選修,
157826001,多變量分析,3,選修,
157827001,幼教理念與實驗教育,3,選修,
171912001,教育政策專題（一）,3,選修,
171934001,校長培育與專業發展研究,2,選修,
172882001,早期療育專題,3,選修,
172883001,心理病理學專題研究,3,選修,
911932001,系統思考與組織學習研究,3,選修,
152050001,學校行政專題研究,3,選修,
ZU1036001,專題三：設計思維,3,選修,
ZU1877001,美中科技競爭下的經濟安全,3,選修,
ZU1875001,蓋婭政治與戰時生態學,3,選修,
ZU1878001,共享經濟專題研究,3,選修,
ZU1870001,生成式AI及資料科學應用實作,3,選修,
ZU1873001,創新與全球發展,3,選修,
ZU1876001,社會創新設計進階實作,3,選修,
ZU1037001,科技與當代社會,3,選修,
ZU1868001,永續發展商業模式：選擇、實施與最佳案例分析,3,選修,
ZU1874001,地緣政治下的台灣半導體產業與全球競爭戰略,3,選修,
ZU1038001,專題一：科技、社會與文化,3,選修,
ZU1869001,融合：架築自然與社會科學之橋,3,選修,
ZU1872001,國際關係,3,選修,
ZU1871001,科技地緣政治時代的半導體產業,3,選修,
ZM1904001,專題一：科技、社會與文化,3,選修,
ZM1008001,海外學習,1,選修,
ZM1903001,影音媒體創新與互動科技,3,選修,
ZM1009001,傳統與現代：台灣與亞洲國家案例比較,3,選修,
ZM1901001,電腦中介傳播專題,3,選修,
ZM1905001,專題三：設計思維,3,選修,
ZM1908001,研究方法,3,選修,
ZM1007001,國內實習,2,選修,
ZM1907001,數位影像媒體實作,3,選修,
ZM1906001,全球傳播與文化,3,選修,
ZM1902001,界限重繪：亞洲電影與媒體文化,3,選修,
703816001,雲端原生系統開發與維運,3,選修,
703842001,資訊視覺化,3,選修,
703815001,生物資訊概論與實務,3,選修,
781915001,電腦中介傳播專題,3,選修,
781029001,設計思維,3,選修,
783010001,社群媒體探勘,3,選修,
783949001,人工智慧導論,3,選修,
ZA0947001,機器學習,3,選修,
ZA0946001,金融科技導論,3,選修,
ZA0945001,資料探勘與應用,3,選修,
ZA0944001,自然語言處理,3,選修,
753804001,雲端原生系統開發與維運,3,選修,
753841001,資訊視覺化,3,選修,
971864001,生成式人工智慧,3,選修,
791004001,專題研討（三）,1,選修,
350051,行銷管理,3,選修,
350061,行銷管理,3,選修,
218022,總體經濟學,3,選修,
88100011,華語－密集班聽力課程（二）,3,選修,
88100051,華語－密集班聽力課程（二）,3,選修,
88200011,華語－密集班口說課程（二）,3,選修,
88300021,華語－密集班閱讀課程（二）,3,選修,
88300031,華語－密集班閱讀課程（二）,3,選修,
88400011,華語－密集班寫作課程（二）,3,選修,
88400021,華語－密集班寫作課程（二）,3,選修,
88400051,華語－密集班寫作課程（二）,3,選修,
88400061,華語－密集班寫作課程（二）,3,選修,
88500011,華語特別班基礎華語,3,選修,
88500031,華語特別班基礎華語,3,選修,
88500051,華語特別班基礎華語,3,選修,
88501031,華語特別班實用華語,3,選修,
88501051,華語特別班實用華語,3,選修,
88941001,孫子兵法,3,選修,
88943001,新聞時事（二）,3,選修,
88100041,華語－密集班聽力課程（二）,3,選修,
88200031,華語－密集班口說課程（二）,3,選修,
88300041,華語－密集班閱讀課程（二）,3,選修,
88300051,華語－密集班閱讀課程（二）,3,選修,
88300061,華語－密集班閱讀課程（二）,3,選修,
88400031,華語－密集班寫作課程（二）,3,選修,
88400041,華語－密集班寫作課程（二）,3,選修,
88500021,華語特別班基礎華語,3,選修,
88500041,華語特別班基礎華語,3,選修,
88501011,華語特別班實用華語,3,選修,
88501041,華語特別班實用華語,3,選修,
88503001,中級商務華語,3,選修,
88942001,短篇小說選,3,選修,
88100021,華語－密集班聽力課程（二）,3,選修,
88100031,華語－密集班聽力課程（二）,3,選修,
88100061,華語－密集班聽力課程（二）,3,選修,
88200021,華語－密集班口說課程（二）,3,選修,
88200041,華語－密集班口說課程（二）,3,選修,
88200051,華語－密集班口說課程（二）,3,選修,
88200061,華語－密集班口說課程（二）,3,選修,
88300011,華語－密集班閱讀課程（二）,3,選修,
88501021,華語特別班實用華語,3,選修,
88502001,國際政經新聞,3,選修,
88944001,新聞時事（一）,3,選修,
31023021,國文－臺灣語言與文化選讀,3,一般通識,中文通識
31008031,國文－古典小說選讀,3,一般通識,中文通識
31008041,國文－古典小說選讀,3,一般通識,中文通識
31017151,國文－中國語言文字名作選讀,3,一般通識,中文通識
31025001,國文－入門班,3,一般通識,中文通識
32002321,大學英文（二）,3,一般通識,外文通識
32002721,大學英文（二）,3,一般通識,外文通識
41210001,舞蹈與音樂,3,一般通識,人文通識
41212001,數位時代下的閱聽文化,3,一般通識,人文通識
41099011,文明發展與歷史思惟,3,核心通識,人文通識
41147011,中華文化英語課程：中國戲劇,3,一般通識,人文通識
41211001,當代台灣電影、文化與社會,3,一般通識,人文通識
41095001,客家語言與文化,3,一般通識,人文通識
42216001,科技地緣政治時代的科技法政策、外交與國家安全,3,一般通識,社會通識
42214001,韌命之路：選讀經典、探索永續,3,一般通識,社會通識
42142021,環視全球－挑戰國際視野,3,核心通識,社會通識
42181021,教育探索與自我學習,3,核心通識,社會通識
42215001,人工智慧與社會,2,一般通識,社會通識
44120001,氣候變遷對社會韌性的挑戰,2,一般通識,跨領域(社會、自然)
45059001,自主學習專題：Tminun na Tayal 共享織識,2,一般通識,書院通識
45060001,自主學習專題：人文茶學概論－基礎製茶學,2,一般通識,書院通識
45061001,自主學習專題：人文茶學概論－基礎製茶學實作,1,一般通識,書院通識
45062001,自主實踐學習２,2,一般通識,書院通識
46003011,人工智慧與數位人文,3,一般通識,資訊通識
46009001,生成式人工智慧時代的生活紀實,3,一般通識,資訊通識
80003001,知識與實踐匯流：政大傑出研究學者講座,3,選修,
10057012,日語聽力練習,2,選修,
10057022,日語聽力練習,2,選修,
10056002,日語讀本（一）,2,選修,
10057002,日語聽力練習,2,選修,
10920001,日本文化,2,選修,
10931001,新聞日語,2,選修,
10056012,日語讀本（一）,2,選修,
10122042,初級韓國語,3,選修,
504781001,捷克人文與文化探索,2,選修,
504813001,初級俄語視聽訓練（二）,2,選修,
504780001,捷克國情概論：捷克社會的形成與建構,2,選修,
504782001,俄羅斯飲食文化,2,選修,
504808001,蘇聯及當代俄羅斯,2,選修,
599890001,大學外文（二）：泰文,3,選修,
599902021,大學外文（二）：韓語,3,選修,
353748001,作業價值管理（AVM）（包含ESG）—企業實作與實習,3,選修,
353749001,審計數據分析應用,3,選修,
353750001,善用領導力促成永續治理,3,選修,
501875001,詩歌選讀,3,選修,
509881001,專業西文檢定訓練B1+B2,2,選修,
510068001,泰語口譯,2,選修,
510080001,印尼語翻譯與口譯,2,選修,
510891001,泰文閱讀（三）,2,選修,
305666001,商業資料分析：R運算,3,選修,
300730001,商業資料分析：R運算,3,選修,
70142001,管理學,3,選修,
70415001,資料科學基礎：社會科學的工具箱,3,選修,
70414001,虛擬資產與實體資產代幣化應用趨勢,3,選修,
70942001,電影與政治,3,選修,
601322001,英文契約導讀及撰寫（二）,2,選修,
601323001,刑事證據法專題研究（六）,2,選修,
601333001,日本民法入門,2,選修,
601321001,美國法律檢索、分析與寫作（二）,2,選修,
601945001,英美契約法,2,選修,
754943001,神經退化及再生,2,選修,
70413001,現象學與心理療癒,3,選修,
70408001,社會實踐專題,3,選修,
70412001,給創作者的創造力,3,選修,
202036001,社會科學的邏輯,3,選修,
70409001,台灣文學與當代議題,3,選修,
70316001,地方創生與青年創業實驗室,3,選修,
70943001,音樂社會學：樂手、作品與創業,3,選修,
70410001,創新創業講做堂,3,選修,
70411001,跨界專題－Ｘ計畫Plus,3,選修,
ZU1866001,數位人文與AI,3,選修,
155785001,數位人文學概論,3,選修,
158770001,日本大眾文化研究,3,選修,
261874001,全球ESG及社會企業創新發展,2,選修,
70400002,阿美語語法結構,2,選修,
701943001,機器學習,3,選修,
103224001,中國近世醫療史,3,選修,
104216001,現象學與心理療癒,3,選修,
259652001,博物館實習,2,選修,
2316011,體育[男女合班]—國際標準舞初級,1,體育,必修
2366041,體育[男女合班]—羽球初級,1,體育,必修
2335011,體育[男女合班]—桌球中級,1,體育,必修
2316001,體育[男女合班]—國際標準舞初級,1,體育,必修
2339031,體育[男女合班]—木球初級,1,體育,必修
2113011,體育[女]—籃球中級,1,體育,必修
2339041,體育[男女合班]—木球初級,1,體育,必修
3828011,全民國防教育軍事訓練—全民國防,2,選修,
3828021,全民國防教育軍事訓練—全民國防,2,選修,
3826011,全民國防教育軍事訓練—國際情勢,2,選修,
3826021,全民國防教育軍事訓練—國際情勢,2,選修,
101802001,臺灣電影研討：類型、作者與電影運動,3,選修,
103192001,歷史書寫,2,選修,
103262001,台灣、東亞與世界文明（二）,3,選修,
103265001,歷史閱讀與書寫,3,選修,
103M02001,歷史與策展實務,0.6,選修,
103270001,西洋藝術史,2,選修,
103271001,歐洲的激進傳統（1750 至今）,3,選修,
104218001,梅洛龐蒂：藝術與知覺的世界,3,選修,
104734001,危機時代的政治思考：閱讀漢娜鄂蘭《過去與未來之間》,2,選修,
104642001,哲學經典導讀,2,選修,
104733001,亞里士多德哲學導論,3,選修,
104158111,中國政治哲學（漢代至清代）,3,選修,
104215001,神學命定論論證,3,選修,
104217001,哲學實作,3,選修,
104636131,近代哲學議題：自我與主體性,3,選修,
100837001,歷史閱讀與書寫,3,選修,
151507001,南北朝如來藏思想發展專題研究,3,選修,
151512001,漢字理論與應用,3,選修,
151511001,出土簡牘與秦漢社會生活,1,選修,
151869011,道教文化專題研究,3,選修,
151508001,莊荀哲學,3,選修,
151509001,出版產業政策研究,3,選修,
151510001,語文學（Philology）的比較研究：國別傳統與全球視野,1,選修,
151513001,漢語語音演變專題研究,3,選修,
151700001,古典戲曲專題研究,3,選修,
151787001,中國古典小說專題研究－章回小說,3,選修,
153470001,大文山宗教與歷史,3,選修,
153471001,台灣近代史的重大問題,3,選修,
153474001,出土簡牘與秦漢社會生活,1,選修,
153476001,現代政治中的國民黨與共產黨,3,選修,
153472001,數位人文學概論,3,選修,
153473001,自然史與醫療史新視野,1,選修,
153475001,書籍史專題,2,選修,
153M02001,歷史與策展實務,0.6,選修,
154247001,唯識、寄生論證與知覺介面理論,3,選修,
154245001,萊布尼茲與費希特,3,選修,
154243001,梅洛龐蒂專題研究,3,選修,
154244001,呂格爾《從文本到行動》研讀,3,選修,
154241001,亞里士多德實踐哲學,3,選修,
154305001,英語學界的中國哲學研究,3,選修,
154238001,哲學與文學,3,選修,
154239001,十九世紀哲學,3,選修,
154240001,先秦出土文獻的哲學,3,選修,
154242001,高達美《海德格之路》,3,選修,
154246001,莊荀哲學,3,選修,
154248001,現象學心理學研究專題：存在現象學心理學,3,選修,
154619001,朱子學與韓國儒學,2,選修,
155815001,檔案讀者服務專題,3,選修,
155786001,資訊機構管理專題,3,選修,
155787001,書目療法研究,3,選修,
155M06001,數位工具應用：從資訊檢索到生成式AI的實踐,0.8,選修,
156636001,當代靈性運動與療癒專題,3,選修,
156637001,大文山宗教與歷史,3,選修,
156640001,佛教與療癒,3,選修,
156641001,佛教跨國交流史專題,3,選修,
156638001,五旬宗神學資料研讀,3,選修,
156639001,宋元以後道教文獻導讀,3,選修,
156642001,宗教與台灣歷史變遷,3,選修,
156643001,臺灣祭典與道教儀式專題,3,選修,
158707001,宗教與性別專題：台灣的女神與女人,3,選修,
158713001,近代初期史料解讀與數位工具,2,選修,
158709001,數位人文學概論,3,選修,
158708001,數位策展與研究展示,3,選修,
158718001,博物館歷史學,2,選修,
158710001,東亞現代史專題,3,選修,
158711001,現代政治中的國民黨與共產黨,3,選修,
158712001,書籍史專題,2,選修,
158714001,戰後台灣政治經濟史專題,1,選修,
158715001,台灣近代史的重大問題,3,選修,
159819001,日治時期台日韓文學與東亞文藝思潮,3,選修,
159926011,比較文學,3,選修,
161723001,華語語音學及音韻學,3,選修,
161726001,華語文測驗與評量研究,3,選修,
161862001,漢字理論與應用,3,選修,
161727001,生成式人工智慧（GAI）與數位工具運用於華語文教學專題研討,3,選修,
161908001,漢語語意學,3,選修,
161722001,漢語語法理論與教學,3,選修,
161725001,對外華語教學實作,3,選修,
912876001,易學專題研究與教學,3,選修,
912816001,語言與文化,3,選修,
912866001,唐詩語言專題研究與教學,3,選修,
913931001,知識組織與資訊取用,3,選修,
159925001,獨立研究,3,選修,
159818001,近代台灣文史專題研究,3,選修,
160714001,漢語語法理論與教學,3,選修,
160911001,漢語語意學,3,選修,
160715001,華語語音學及音韻學,3,選修,
160717001,對外華語教學實作,3,選修,
160718001,華語文測驗與評量研究,3,選修,
160719001,生成式人工智慧（GAI）與數位工具運用於華語文教學專題研討,3,選修,
160864001,漢字理論與應用,3,選修,
202828001,台日地方創生與社區營造的深度對話：地域設計在地培力跨國實踐,3,選修,
202808001,金融政策的政經分析：數位貨幣與培養理財素養的台日比較,3,選修,
202809001,政治哲學與人工智慧,3,選修,
202929011,政治文學,3,選修,
202807001,全球議題：對外援助與發展,3,選修,
204778001,我與老年的距離：高齡社會學與社會工作,3,選修,
204780001,社會網絡與社會資本,3,選修,
204779001,移民與宗教,3,選修,
204781001,進階質性研究方法,3,選修,
204045001,社會統計（一）,4,選修,
206078001,公共行政新興議題,1,選修,
206785001,公共管理及永續發展,3,選修,
206786001,永續社群發展與管理,3,選修,
206784001,政策爭議實務分析與公共溝通,2,選修,
207729001,縣市國土計畫,2,選修,
207734001,收益性不動產估價實務,3,選修,
207M02001,AI在不動產金融與投資中的應用,0.4,選修,
208025001,產業經濟學（二）,3,選修,
208760001,國際金融議題研析,2,選修,
208764002,金融，理財與生活,3,選修,
208028001,經濟數學（一）,3,選修,
208853001,賽局理論入門（二）,3,選修,
208761001,個體計量方法與應用,2,選修,
209594001,進階田野調查課程：菲律賓文化與地理研究,3,選修,
209595001,無機材質文物保存與修護概念,3,選修,
209616001,民族發展專題：社區製圖與傳統領域調查,3,選修,
209645001,語言、文化與數位媒體,3,選修,
209648001,地方創生與青年創業實驗室,3,選修,
209071001,中國民族史（II）,2,選修,
209809001,民俗學,3,選修,
252677001,制度與政策之效應評估,3,選修,
252675001,政治哲學與人工智慧,3,選修,
252673001,全球議題：對外援助與發展,3,選修,
254756001,社會網絡與社會資本,3,選修,
254852001,文化研究,3,選修,
254019001,文化與現代性專題討論,3,選修,
254140001,藝術本位社會研究,3,選修,
254757001,移民與宗教,3,選修,
256648001,現行考銓制度,3,選修,
256650001,永續社群發展與管理,3,選修,
256649001,公共管理及永續發展,3,選修,
257M01001,AI在不動產金融與投資中的應用,0.4,選修,
258942001,貨幣經濟學（三）,3,選修,
258019001,進階經濟計量學,3,選修,
258696001,管理經濟學（二）,3,選修,
258697001,國際金融議題研析,2,選修,
258967001,管理經濟學（二）,3,選修,
259651001,進階田野調查課程：菲律賓文化與地理研究,3,選修,
259653001,地方創生與青年創業實驗室,3,選修,
259669001,民族發展專題：社區製圖與傳統領域調查,3,選修,
259693001,語言、文化與數位媒體,3,選修,
259654001,人類學與障礙研究,3,選修,
261868001,環境、社會與發展,3,選修,
262789001,性別與勞動專題研究,3,選修,
262788001,AI與勞動權益專題研究,3,選修,
264863001,非典型社會工作：另類社工的多元敘事,3,選修,
264864001,我與老年的距離：高齡社會學與社會工作,3,選修,
264907001,社會個案工作,3,選修,
264924001,精神社會工作,3,選修,
266841001,虛擬資產與實體資產代幣化應用趨勢,3,選修,
266838001,資料科學基礎：社會科學的工具箱,3,選修,
266839001,公共管理及永續發展,3,選修,
266842001,機器學習與財務計量,3,選修,
266840001,個體計量方法與應用,2,選修,
267935001,環境規劃與設計專題,3,選修,
267936001,原住民生態知識與自然資源管理,3,選修,
267939001,土地政策,3,選修,
923880001,綠色建築與智慧生態社區,3,選修,
923873001,住宅政策研究,3,選修,
926818001,全球ESG及社會企業創新發展,2,選修,
926819001,資料科學基礎：社會科學的工具箱,3,選修,
926820001,性別、工作與照顧專題,3,選修,
926821001,公共管理及永續發展,3,選修,
926816001,東南亞的公民與非公民社會：抵抗、默許與拉攏,3,選修,
926817001,電影與政治,3,選修,
258746001,經濟問題研討（四）,1,選修,
258020001,進階經濟計量學,3,選修,
265773001,資料科學：社會科學研究的工具箱,3,選修,
265772001,看見國家：藝術、現代性、與國家建構,3,選修,
265774001,政治傳播專題,3,選修,
300729001,跨文化創新創業專題研討,1,選修,
301866001,策略行銷分析,3,選修,
303805001,作業價值管理（AVM）（包含ESG）—企業實作與實習,3,選修,
303896001,管理個案研討,1,選修,
303962001,審計學（一）實習,0,選修,
304834001,統計計算與模擬,3,選修,
305668001,管理經濟學（二）,3,選修,
305667001,AI協作行銷,3,選修,
305669001,多元職場,1,選修,
306716001,學習演算法和其演化,3,選修,
306717001,軟體分析與測試,3,選修,
307835001,全方位理財與規劃,3,選修,
307889011,財務資訊管理,3,選修,
351720001,策略行銷分析,3,選修,
352067001,永續金融與商品創新,3,選修,
352722001,機器學習與財務計量,3,選修,
352739001,金融市場專題研討（二）,1,選修,
352064001,固定收益證券分析,3,選修,
353804001,管理個案研討,1,選修,
354829001,應用機率模型,3,選修,
356342001,創新創業實作專題,3,選修,
356340001,學習演算法和其演化,3,選修,
356341001,軟體分析與測試,3,選修,
357856001,財務資訊管理,3,選修,
357855001,全方位理財與規劃,3,選修,
358770001,保險與風險管理研究專題（二）,2,選修,
358771001,保險業併購與退場專題研究,3,選修,
363857001,人力資源管理數據分析,1,選修,
363856001,全球企業經營與產業發展趨勢－日本,1,選修,
364087001,商標實務,3,選修,
364089001,行銷管理,3,選修,
364754001,企業碳權管理的創新策略研討,2,選修,
364755001,劣勢創新實務,3,選修,
364767001,產業間諜案例研究,1,選修,
364770011,科技產業概論,1,選修,
364830011,市場與創新科技預測,2,選修,
364090001,研究方法,3,選修,
933858001,從電子商務到虛擬商務,1,選修,
933856001,國際沉浸式課程之深度臺灣（二）,3,選修,
933857001,國際沉浸式課程之深度臺灣（一）,3,選修,
933859001,成果導向的策略領導力,3,選修,
351737001,企業策略經濟分析,3,選修,
352788001,貨幣理論與政策專題,2,選修,
352870001,財務經濟學（二）,3,選修,
353795001,會計專題研討（六）,1,選修,
353076001,會計研究專題：人力資本評價,1,選修,
355496001,數位銀行與金融科技行銷,3,選修,
355494001,質性研究論文研討,1,選修,
355495001,意義與意會專題研討,1,選修,
355497001,微型企業策略研討（二）,3,選修,
356024001,論文寫作策略,3,選修,
357867011,跨國併購研討,1,選修,
358070001,連續財務專題,3,選修,
364755011,劣勢創新實務,3,選修,
400856001,女性電影與媒體文化,3,選修,
400890001,非主流群體的媒體再現,3,選修,
400857001,影視角色創作與表演技術,3,選修,
400858001,流行音樂與大眾文化專題,3,選修,
405901001,進階紀實採寫,3,選修,
401146001,分類報導訊息研究－醫療健康與環境新聞,3,選修,
401147001,新聞倫理與個案研討,3,選修,
402105001,數位圖像敘事與創作,3,選修,
403107001,音樂社會學：樂手、作品與創業,3,選修,
403108001,科技影像敘事與ＡＩ協作,3,選修,
464781001,音樂社會學：樂手、作品與創業,3,選修,
464812001,編劇學,3,選修,
464877001,環境與健康風險傳播,3,選修,
464808001,影視剪接,3,選修,
464784001,數位圖像敘事與創作,3,選修,
464860011,傳播理論,3,選修,
461850001,機器人與AI互動設計,3,選修,
461852001,女性電影與媒體文化,3,選修,
461851001,機器人與AI互動專題：理論與研究,3,選修,
462883001,機器人與AI互動專題：理論與研究,3,選修,
462882001,機器人與AI互動設計,3,選修,
462887001,基礎動畫設計,3,選修,
941916001,傳播科技與社會,3,選修,
465007001,台灣文學與文化研究專題,3,選修,
465009001,當代中國專題：遷徙、勞動與數位媒體,3,選修,
465012001,音樂社會學：樂手、作品與創業,3,選修,
465938001,日本大眾文化研究,3,選修,
465008001,兩岸流行文化研究—中國電影專題,3,選修,
465013001,非主流群體的媒體再現,3,選修,
465010001,視覺元素與敘事,3,選修,
465014001,女性電影與媒體文化,3,選修,
465937001,台灣政治經濟發展與美國政策（二）,3,選修,
465939001,資訊通訊法與社會,3,選修,
463933001,環境與健康風險傳播,3,選修,
501019111,寫作與閱讀（二）,3,選修,
501804001,進階英文寫作,3,選修,
501019121,寫作與閱讀（二）,3,選修,
501019131,寫作與閱讀（二）,3,選修,
501019141,寫作與閱讀（二）,3,選修,
501019151,寫作與閱讀（二）,3,選修,
502807001,散文文學,2,選修,
502808001,阿拉伯語會話（一）,4,選修,
502810001,阿拉伯語會話（三）,4,選修,
502130001,阿拉伯語聽力與口說（一）,1,選修,
502130011,阿拉伯語聽力與口說（一）,1,選修,
502811001,阿拉伯語會話（四）,4,選修,
502809001,阿拉伯語會話（二）,4,選修,
502812001,中亞專題研究,3,選修,
502813001,阿拉伯詩歌與電影中的情愛與慾念,2,選修,
502130021,阿拉伯語聽力與口說（一）,1,選修,
502806001,海灣方言,2,選修,
506M01001,日商企業實作與參訪,1,選修,
507818012,實用韓國語,2,選修,
507928011,韓國現勢,2,選修,
507867001,韓國經濟成長,2,選修,
507936001,韓國政治,3,選修,
508797001,中亞專題研究,3,選修,
508798001,土耳其民俗舞蹈,2,選修,
508803001,吉爾吉斯語 ﹙二﹚,3,選修,
508918002,初級土耳其語,3,選修,
508799001,用迪士尼動畫片學習土耳其語,2,選修,
508800001,土耳其文化地理,2,選修,
508810001,土耳其節慶習俗中的土耳其語,2,選修,
510081002,應用越語,2,選修,
510082002,應用泰語,2,選修,
510876001,中級越語寫作,2,選修,
510881001,海外實習,4,選修,
510057002,中級泰語聽力與會話,2,選修,
510083002,應用印尼語,2,選修,
510875001,探索泰南：普吉府的自然、農業與多元文化,1,選修,
510878001,進階越語：文化遺產,2,選修,
599772001,選修英文：創意寫作,3,選修,
599773001,選修英文：運動產業英文,3,選修,
599796031,選修英文：職場溝通,3,選修,
551005011,文學理論與批評,3,選修,
551885001,統計與實驗設計,3,選修,
554012001,近現代俄國文學研究,3,選修,
554871001,俄羅斯文化專題：文學與藝術,3,選修,
554013001,俄語語言學問題研究,3,選修,
555734001,語法化,3,選修,
555815001,漢語語意學,3,選修,
555732001,語用學與語意處理,3,選修,
555733001,優選理論研究與寫作,3,選修,
555813001,華語語音與音韻,3,選修,
556753001,日語語彙文法研究,2,選修,
556754001,日語教育學研究４,2,選修,
556776001,研究方法與指導Ｂ２（文化學群）,2,選修,
556750001,溝通之中的日語文法,2,選修,
556752001,日本動漫研究,2,選修,
556777001,研究方法與指導Ａ２（語言學群）,2,選修,
556779001,日本近代政治外交史專題研究２,2,選修,
557903001,韓語翻譯,3,選修,
557928001,韓國學研究課題,3,選修,
557901001,韓國現代史專題,3,選修,
560879001,現代土耳其與歐洲社經關係,3,選修,
560881001,散文文學,2,選修,
560883001,海灣方言,2,選修,
560882001,阿拉伯詩歌與電影中的情愛與慾念,2,選修,
560905001,俄國經濟,3,選修,
560880001,民族政治社會制度,2,選修,
560884001,內陸歐亞概論,2,選修,
601048021,證券交易法,3,選修,
601110021,保險法,3,選修,
601318001,刑罰思想史專題研究（二）,1,選修,
601330001,行政救濟法,3,選修,
601332001,民事裁判評析與民法理論發展,2,選修,
601334001,體育運動與法律（二）,3,選修,
601526011,財法中心公益服務實習—金融消費評議中心見習（二）,2,選修,
601653001,公法中心公益服務實習,1,選修,
601685001,刑事政策,3,選修,
601319001,刑事法的脈動,2,選修,
601325001,公平交易法,3,選修,
601327001,智慧財產權法專題研究（五）,2,選修,
601329001,債法實例研習,2,選修,
601417001,信託法理論與實務（二）,3,選修,
601562001,法律經濟分析（一）,2,選修,
601320001,民事實務專題研究（三）,2,選修,
601326001,金融科技創新與監管政策專題,2,選修,
601328001,調解法,2,選修,
601331001,氣候變遷與法律,2,選修,
601335001,爭議案件與法律解釋方法,3,選修,
601595001,著作權法,2,選修,
601632001,民法中心公益服務實習,1,選修,
651230001,財產法專題研究（三）,2,選修,
651401001,不當得利法專題研究（二）,2,選修,
651718001,法律經濟分析（一）,2,選修,
651761001,公法中心公益服務實習,1,選修,
651A64001,歐盟法專題研究（二）,2,選修,
651B69001,民事損害賠償訴訟專題,2,選修,
651B70001,日本民法入門,2,選修,
651B71001,刑事立法學專題,3,選修,
651B72001,爭議案件與法律解釋方法,3,選修,
651B76001,英文契約導讀及撰寫（二）,2,選修,
651196001,德文法學名著選讀（四）,3,選修,
651297001,刑事訴訟法專題研究（三）,2,選修,
651320001,憲法專題研究（五）,2,選修,
651339001,行政法專題研究（九）,2,選修,
651359001,證券交易法專題研究（五）,2,選修,
651362001,民事實務專題研究（三）,2,選修,
651364001,民事訴訟法專題研究（四）,2,選修,
651380001,刑事證據法專題研究（六）,2,選修,
651404001,法制史專題研究（五）,2,選修,
651449001,勞動契約法專題研究（四）,2,選修,
651528001,民事實務專題研究（二）,2,選修,
651541001,民法中心公益服務實習,1,選修,
651639001,財法中心公益服務實習—金融消費評議中心見習（二）,2,選修,
651917001,行政法論文寫作,2,選修,
651B68001,氣候變遷與法律,2,選修,
651B75001,美國法律檢索、分析與寫作（二）,2,選修,
651B77001,刑事法的脈動,2,選修,
651057001,英文法學名著選讀（四）,3,選修,
651064001,經濟法專題研究（三）,2,選修,
651071001,比較憲法專題研究（一）,2,選修,
651073001,比較刑法專題研究（二）,3,選修,
651226001,國際公法專題研究（一）,2,選修,
651330001,刑事證據法專題研究（一）,2,選修,
651450001,刑罰思想史專題研究（二）,1,選修,
651A76001,信託法理論與實務（二）,3,選修,
651B09001,民事審判實務研究,2,選修,
651B12001,親子法專題研究（三）,2,選修,
651B65001,社會法專題研究（六）,2,選修,
651B66001,文化與法律專題研究（三）,3,選修,
651B67001,金融科技創新與監管政策專題,2,選修,
651B73001,司法改革專題,2,選修,
651B74001,民事裁判評析與民法理論發展,2,選修,
652841001,美國法律檢索、分析與寫作（二）,2,選修,
652842001,國際智慧財產權法專題研究（三）,2,選修,
652843001,專題三：AI與治理,3,選修,
652846001,經濟法專題研究（三）,2,選修,
652206001,生物醫學倫理與法律（一）,3,選修,
652840001,日本民法入門,2,選修,
652847001,民法中心公益服務實習,1,選修,
652848001,公法中心公益服務實習,1,選修,
652911001,著作權法,2,選修,
652150031,證券交易法,3,選修,
652204001,體育運動與法律（二）,3,選修,
652205001,海洋、科技與法律（一）,1,選修,
652844001,刑事證據法專題研究（六）,2,選修,
652849001,財法中心公益服務實習－金融消費評議中心見習（二）,2,選修,
652904001,英文契約導讀及撰寫（二）,2,選修,
961172001,強制執行法專題研究（一）,2,選修,
961216001,刑法實例研習（三）,3,選修,
961147001,信託法,3,選修,
961215001,國際生命法專題研究,3,選修,
961217001,租稅法專題研究（一）,3,選修,
961218001,金融科技創新與監管政策專題研究,3,選修,
701876001,生成式 AI 應用與倫理實務課程,3,選修,
701880001,馬可夫鏈導論,3,選修,
701942001,優化理論,3,選修,
701875001,數學專業總整（一）,3,選修,
701881001,基礎數學專題ＩＩ,1,選修,
782035001,工程數學（一）,3,選修,
751007002,實變函數論,3,選修,
751757001,優化理論,3,選修,
751822001,生成式 AI 應用與倫理實務課程,3,選修,
751828002,代數,3,選修,
751012002,數理統計,3,選修,
751032002,高等機率論,3,選修,
751013002,作業研究,3,選修,
751827001,馬可夫鏈導論,3,選修,
751829002,微分流形,3,選修,
752857001,階層線性模型分析,3,選修,
752689001,結構方程模型,3,選修,
203817001,國際談判實務,2,選修,
203800001,當代俄羅斯社會轉型,3,選修,
203801001,俄羅斯外交政策,3,選修,
203809001,國際移動與全球趨勢專題（二）,2,選修,
253806001,國際談判實務,2,選修,
253855001,非國家行為者與國際關係之研究,3,選修,
253801001,區域合作與組織,2,選修,
253786001,國際公法專題研究（一）,2,選修,
260720001,國際商務與國家安全的鏈結：出口管制、制裁、外國直接投資與供應鏈,3,選修,
260735001,中共歷史研究著作選讀,3,選修,
260739001,爭辯中的人類安全：正義、平等、人道與人權,3,選修,
263809001,當代俄羅斯社會轉型,3,選修,
263814001,中東歐文化與社會,3,選修,
861904001,日本安全保障政策,3,選修,
861818001,媒體文化論,3,選修,
861829001,研究方法與指導Ｂ２（文化學群）,2,選修,
861836001,日本近代政治外交史專題研究２,2,選修,
862916001,爭辯中的人類安全：正義、平等、人道與人權,3,選修,
862884001,當代俄羅斯社會轉型,3,選修,
862885001,國際商務與國家安全的鏈結：出口管制、制裁、外國直接投資與供應鏈,3,選修,
862886001,區域整合與歐亞關係,3,選修,
922923001,大國崛起與國際關係理論,2,選修,
981013001,政治經濟學,3,選修,
981897001,能源安全專題,2,選修,
863875001,媒體文化論,3,選修,
863892001,日本近代政治外交史專題研究２,2,選修,
863901001,日本安全保障政策,3,選修,
102682001,親職教育,3,選修,
102790001,資訊融入教與學,3,選修,
102791001,進階電視製作—兒少節目,3,選修,
102821001,數位學習,2,選修,
109857001,教育行政,3,選修,
152550001,應用R於教育模擬研究,3,選修,
157865001,兒童田野研究,3,選修,
157823001,文教機構經營策略管理,3,選修,
157824001,實驗教育研究,3,選修,
172881001,現象學心理學研究專題：存在現象學心理學,3,選修,
172896001,家庭發展,2,選修,
172892001,心理衡鑑研究,3,選修,
152037001,學校輔導專題研究,3,選修,
152592001,思考與認知專題研究,3,選修,
152866001,教育組織行為專題研究,3,選修,
ZU1865001,氣候變遷下的全球食物體系,3,選修,
ZU1039001,政治學,3,選修,
ZU1863001,國際商務與國家安全的鏈結：出口管制、制裁、外國直接投資與供應鏈,3,選修,
ZU1864001,社會理論中的全球環境：經濟、政治與生態,3,選修,
ZU1867001,資料科學基礎：社會科學的工具箱,3,選修,
ZM1892001,機器人與AI互動設計,3,選修,
ZM1894001,數位人文與AI,3,選修,
ZM1895001,女性電影與媒體文化,3,選修,
ZM1897001,國際組織,3,選修,
ZM1899001,國際傳播：跨媒體企製與營運,3,選修,
ZM1900001,新媒體實務,3,選修,
ZM1893001,機器人與AI互動專題：理論與研究,3,選修,
ZM1896001,跨文化媒體與創新科技：沉浸式學習,1,選修,
ZM1898001,非主流群體的媒體再現,3,選修,
703046001,資訊專題（C）,3,群修,A
703814001,圖形理論及其網路應用,3,選修,
781002001,美學概論,3,選修,
781007001,Web程式設計,3,選修,
781913001,機器人與AI互動設計,3,選修,
781914001,機器人與AI互動專題：理論與研究,3,選修,
783948001,踏石智慧跨領域,2,選修,
753816001,社群運算,3,選修,
971872001,資訊視覺化,3,選修,
791029001,軟體分析與測試,3,選修,
791017001,專題研討（四）,1,選修,
791030001,後量子密碼學,3,選修,
ZC0945001,意象與繪圖,3,選修,
ZC0947001,給創作者的創造力,3,選修,
ZC0948001,校園內的有感體驗設計,3,選修,
ZC0M01001,什麼是設計思考？,1,選修,
ZC0944001,梅洛龐蒂：藝術與知覺的世界,3,選修,
ZC0946001,現象學與心理療癒,3,選修,
ZC0949001,跨界專題－Ｘ計畫,3,選修,
88210041,華語－密集班口說課程（一）,3,選修,
88310021,華語－密集班閱讀課程（一）,3,選修,
88410051,華語－密集班寫作課程（一）,3,選修,
88940001,變化中的中國,3,選修,
88504001,新聞時事華語,3,選修,
88110031,華語－密集班聽力課程（一）,3,選修,
88210011,華語－密集班口說課程（一）,3,選修,
88210031,華語－密集班口說課程（一）,3,選修,
88310041,華語－密集班閱讀課程（一）,3,選修,
88310051,華語－密集班閱讀課程（一）,3,選修,
88310061,華語－密集班閱讀課程（一）,3,選修,
88410011,華語－密集班寫作課程（一）,3,選修,
88410041,華語－密集班寫作課程（一）,3,選修,
88501061,華語特別班實用華語,3,選修,
88508001,議題討論與口語表達,3,選修,
88110011,華語－密集班聽力課程（一）,3,選修,
88110021,華語－密集班聽力課程（一）,3,選修,
88110041,華語－密集班聽力課程（一）,3,選修,
88110051,華語－密集班聽力課程（一）,3,選修,
88110061,華語－密集班聽力課程（一）,3,選修,
88210021,華語－密集班口說課程（一）,3,選修,
88210051,華語－密集班口說課程（一）,3,選修,
88210061,華語－密集班口說課程（一）,3,選修,
88310011,華語－密集班閱讀課程（一）,3,選修,
88310031,華語－密集班閱讀課程（一）,3,選修,
88410021,華語－密集班寫作課程（一）,3,選修,
88410031,華語－密集班寫作課程（一）,3,選修,
88410061,華語－密集班寫作課程（一）,3,選修,
88500061,華語特別班基礎華語,3,選修,
88505001,中文散文選讀與寫作訓練,3,選修,
88939001,讀成語故事學華語,3,選修,
357031,多媒體與程式設計軟體,3,選修,
357011,多媒體與程式設計軟體,3,選修,
357021,多媒體與程式設計軟體,3,選修,
361011,企業倫理與社會責任,1,選修,
361021,企業倫理與社會責任,1,選修,
361031,企業倫理與社會責任,1,選修,
361001,企業倫理與社會責任,1,選修,
361041,企業倫理與社會責任,1,選修,
361051,企業倫理與社會責任,1,選修,
31013041,國文－臺灣文學選讀,3,一般通識,中文通識
32001311,大學英文（一）,3,一般通識,外文通識
32001841,大學英文（一）,3,一般通識,外文通識
44121001,創新媒體與創意,3,一般通識,跨領域(人文、社會)
41213001,台語導論,3,一般通識,人文通識
90126001,聲音自媒體應用與創作,3,一般通識,社會通識
42218001,認識台灣新住民—了解文化與歷史以實踐有效的溝通,3,一般通識,社會通識
42217001,AI、性別與勞動,3,一般通識,社會通識
43045001,睡眠與健康,3,一般通識,自然通識
45065001,自主實踐學習１－２,1,一般通識,書院通識
45064001,自主實踐學習１－１,1,一般通識,書院通識
45063001,自主學習專題：3D建模與原型製作－從概念到創造,2,一般通識,書院通識
46005001,程式設計應用專題,3,一般通識,資訊通識
10056021,日語讀本（一）,2,選修,
10056031,日語讀本（一）,2,選修,
10058021,日語讀本（二）,2,選修,
10059021,日語聽力練習,2,選修,
10059041,日語聽力練習,2,選修,
10060011,進階日語聽力練習,2,選修,
10058001,日語讀本（二）,2,選修,
10058011,日語讀本（二）,2,選修,
10059031,日語聽力練習,2,選修,
10060001,進階日語聽力練習,2,選修,
10060021,進階日語聽力練習,2,選修,
10060031,進階日語聽力練習,2,選修,
10059001,日語聽力練習,2,選修,
10059011,日語聽力練習,2,選修,
10060041,進階日語聽力練習,2,選修,
10917001,觀光日語,2,選修,
10919001,韓國文化理解（一）,2,選修,
504905001,斯拉夫概論,2,選修,
504057021,高階俄語會話,2,選修,
504059011,進階俄語：文化,2,選修,
504777001,初級波語閱讀訓練,2,選修,
504049001,中級俄語視聽訓練（一）,2,選修,
504778001,ＡＩ視角下的俄語導覽台灣：國情、飲食、觀光、交通,2,選修,
504061011,進階俄語：經貿,2,選修,
504775001,烏克蘭語言與文化,2,選修,
353747001,新頒布會計與審計準則之研討,3,選修,
353744001,ESG策略之形成及執行－企業實作與實習,3,選修,
353746001,Python與機器學習會計應用,3,選修,
509896001,用德語說臺灣,2,選修,
506825001,日語表現與創作,2,選修,
507916001,韓國影劇欣賞,2,選修,
501874001,戲劇選讀,3,選修,
508862001,土耳其文口譯實務,3,選修,
300817001,線性代數,3,選修,
70435001,區塊鏈與數位資產,3,選修,
601314001,英文契約導讀及撰寫（三）,2,選修,
601315001,英國契約法導論,1,選修,
601429001,AI與倫理,3,選修,
70176001,專題研究Ｉ,2,選修,
754944001,生物實驗技術原理,2,選修,
70432001,民族藝術,3,選修,
70430001,用德語說臺灣,2,選修,
70434001,跨界專題：藝術永續實踐,2,選修,
70431001,設計人生，人生設計,3,選修,
159817001,現代性與兩岸文學,3,選修,
159813001,當代台韓小說專題,3,選修,
155784001,智慧人機互動與使用介面研究,3,選修,
70287001,東南亞政教關係,3,選修,
209698001,飲食與文化,3,選修,
601453001,公益服務法律實習－共好文山計畫（四）,2,選修,
153685001,明清醫療、身體與性別專題,3,選修,
207004001,土地經濟學,3,選修,
652831001,AI與倫理,3,選修,
ZU1009001,全球衛生治理,3,選修,
ZU1042001,AI與倫理,3,選修,
651A59001,AI與倫理,3,選修,
900921001,教育研究中的定量方式,2,選修,
900922001,全球教育轉型：教育國際化與政府發展援助之整合,1,選修,
900923001,國際大型評量資料於教育研究之應用,1,選修,
154230001,現象學心理學專題：童年現象學,3,選修,
101881001,中國道教文學,3,選修,
70423001,人工智慧導論,3,選修,
70422001,基礎程式設計Ｃ＋＋,3,選修,
70424001,金融科技導論,3,選修,
70421001,資料探勘與應用,3,選修,
70427001,自然語言處理,3,選修,
70426001,智慧人機互動,3,選修,
70428001,電腦視覺實務與深度學習,3,選修,
70429001,生成式人工智慧與機器學習導論,3,選修,
70436001,精準健康概論,3,選修,
2380021,體育[男女合班]—民俗體育,1,體育,必修
2382001,體育[男女合班]—有氧運動,1,體育,必修
2387021,體育[男女合班]—游泳初級,1,體育,必修
2387011,體育[男女合班]—游泳初級,1,體育,必修
2342001,體育[男女合班]—高低衝擊有氧初級,1,體育,必修
2363001,體育[男女合班]—爵士舞初級,1,體育,必修
3830111,全民國防教育軍事訓練—國防科技,2,選修,
3826101,全民國防教育軍事訓練—國際情勢,2,選修,
3829101,全民國防教育軍事訓練—防衛動員,2,選修,
3830101,全民國防教育軍事訓練—國防科技,2,選修,
3827101,全民國防教育軍事訓練—國防政策,2,選修,
3828101,全民國防教育軍事訓練—全民國防,2,選修,
101777001,中國近現代學人的情理世界,3,選修,
101695001,漢語語法,3,選修,
101072001,紅樓夢,3,選修,
101776001,古文字與古代史,3,選修,
103263001,台灣、東亞與世界文明（三）,3,選修,
103276001,應用史學,2,選修,
103272001,基督宗教與近、現代東亞世界專題,3,選修,
103264011,歷史思惟與方法,3,選修,
103273001,史學方法論,3,選修,
103277001,史學多元實踐,3,選修,
103274001,歷史之終結概念專題,3,選修,
103275001,史學經典與史料,2,選修,
104119121,倫理學史,3,選修,
104221001,生活世界現象學,3,選修,
104731001,敘事的理論,3,選修,
104220001,中國哲學發展的詮釋傳統,3,選修,
104223001,批判理論與數位時代,3,選修,
100836011,歷史思惟與方法,3,選修,
151497001,東亞視野下的兩周青銅器研究史及課題,1,選修,
151498001,神話與中國古代思想信仰文化、文學專題研究,3,選修,
151500001,古典詩學專題,3,選修,
151724001,媒介‧話語‧認同：文學／圖像的互文性研究,3,選修,
151499001,道教：歷史與主題,3,選修,
151503001,魏晉玄學專題研究,3,選修,
151504001,當代台韓小說專題,3,選修,
151505001,朱熹與佛教,3,選修,
151501001,從法性到佛性思想流變專題研究（一）,3,選修,
151502001,中國思想史的方法與實踐,3,選修,
151506001,東亞文化的共融與和平,2,選修,
153468001,數位檔案加值應用,3,選修,
153523001,中國外政沿革,3,選修,
153467001,東亞視野下的兩周青銅器研究史及課題,1,選修,
153469001,基督宗教與近、現代東亞世界專題,3,選修,
153466001,台灣近代史專題指導,3,選修,
154228001,溝通行動理論,3,選修,
154229001,牟宗三論存在主義哲學,3,選修,
154231001,海德格《柏拉圖：智者篇》,3,選修,
154233001,梅洛龐蒂論身心關係,3,選修,
154236001,朱熹與佛教,3,選修,
154237001,華嚴宗哲學,3,選修,
154226001,如何在全球時代製造世界？卡西勒與古德曼的新視角,1,選修,
154227001,跨文化哲學,3,選修,
154234001,自由意志？佛教視角,3,選修,
154235001,主體性之後—東亞哲學的現代走向,3,選修,
156630001,當代靈性思想與神祕學,3,選修,
156632001,宗教管理與永續經營,3,選修,
156631001,宗教與ＡＩ專題,3,選修,
156634001,佛教與療癒專題,3,選修,
156633001,日本禪宗文獻選讀,3,選修,
156635001,基督宗教與近、現代東亞世界專題,3,選修,
158702001,東亞農業史專題,3,選修,
158706001,台灣近代史專題指導,3,選修,
158902001,日治時期台灣經濟發展專題,2,選修,
159878001,台灣新電影專題研究,3,選修,
161719001,歐洲漢學教育：傳承、交流與創新,1,選修,
161720001,語用學與語言教學,3,選修,
161721001,華語語法專題,3,選修,
912815005,兩漢經學,3,選修,
912812001,戲曲與曲論專題研究,3,選修,
912813001,詩經專題研究：詮釋與運用,3,選修,
912814001,民國文學專題研究,3,選修,
912832005,現當代華語小說專題,3,選修,
913930001,讀者諮詢與書目療法,3,選修,
155846001,個別研究A,1,選修,
160713001,華語語法專題,3,選修,
160711001,歐洲漢學教育：傳承、交流與創新,1,選修,
160712001,語用學與語言教學,3,選修,
202806001,比較民主化,3,選修,
202913001,美國政府與政治,3,選修,
204764001,語言與社會,3,選修,
204046001,社會統計（二）,4,選修,
204775001,社會互動專題,3,選修,
204777001,台灣礦業與社會,3,選修,
204840001,全球衛生治理,3,選修,
204776001,生命歷程研究導論,3,選修,
205867001,審計學,3,選修,
206015011,比較行政,2,選修,
206782001,兩岸公共政策比較研究,3,選修,
206783001,全球衛生治理,3,選修,
207809001,資料庫應用,3,選修,
207823001,都市經濟學,2,選修,
208026001,勞動經濟學,3,選修,
209072001,專題實作,2,選修,
252672001,十九世紀哲學,3,選修,
252732001,現代政治思想,3,選修,
252674001,民族主義的理論與實踐,3,選修,
254089001,科技社會學,3,選修,
254753001,反身社會學經典研讀：Garfinkel俗民方法學,3,選修,
254755001,社會互動專題,3,選修,
254787001,全球衛生治理,3,選修,
254754001,台灣礦業與社會,3,選修,
255824001,能源經濟管理導論,3,選修,
255825001,永續發展與企業社會責任,3,選修,
257709001,土地利用法專題研究,3,選修,
261867001,自然資源與再生能源,3,選修,
262786001,人工智慧與勞動永續專題研究,3,選修,
262871001,勞動與相關法制專題研究,2,選修,
262787001,組織行為與勞資關係專題研究,2,選修,
264861001,進階社會工作實習,3,選修,
264862001,自我敘事研究,3,選修,
264889001,原住民族長期照顧,3,選修,
266836001,區塊鏈與數位資產,3,選修,
266837001,大型跨國調查資料之分析與應用,3,選修,
266874001,全球衛生治理,3,選修,
266910001,發展援助專題,3,選修,
266926001,國際金融,3,選修,
921033021,政策分析與管理,3,選修,
926812001,社會科學研究方法概論,1,選修,
926813001,高齡社會學與社會福利專題,3,選修,
926814001,從鹿皮到半導體：臺灣的對外貿易與社會發展經驗,3,選修,
926815001,中國、非洲與僑民：聯結與誤解,3,選修,
926868001,全球衛生治理,3,選修,
255837001,數理方法,3,選修,
265769001,社會科學研究方法概論,1,選修,
265770001,諸世界秩序的政治神學,3,選修,
265768001,高齡社會學與社會福利專題,3,選修,
265771001,文化社會學,3,選修,
300728001,ESG行動設計：洞察、創新、實作,2,選修,
302768001,現代金融實務：資產管理的實戰與挑戰,3,選修,
303804001,新頒布會計與審計準則之研討,3,選修,
303802001,Python與機器學習會計應用,3,選修,
303801001,ESG策略之形成及執行－企業實作與實習,3,選修,
304833001,債券市場分析,3,選修,
305665001,文創產業管理個案研討,1,選修,
306715001,Agentic AI 在金融領域的應用,3,選修,
308869001,責任保險,2,選修,
308003011,民法概要,2,選修,
308882001,票據法,2,選修,
351704001,國際經濟法,3,選修,
352718001,現代金融實務：資產管理的實戰與挑戰,3,選修,
352717001,銀行經營管理專題研討,3,選修,
354812001,債券市場分析,3,選修,
356408001,企業創新平台（二）,3,選修,
356338001,駭客攻防實戰基礎,3,選修,
356339001,Agentic AI 在金融領域的應用,3,選修,
358768001,金融保險監理研究專題（一）,2,選修,
358769001,數位科技與數位轉型策略,3,選修,
358052001,政策保險專題,3,選修,
363855001,智慧財產管理實務,1,選修,
363909001,商業決策分析,1,選修,
364085001,策略分析與商業模式,3,選修,
364753001,智慧財產權法專題研究（六）,2,選修,
364757001,創新經濟與法律,3,選修,
364834011,營業秘密：法律與管理,1,選修,
933855001,中小企業創新,2,選修,
353077001,會計研究專題：關鍵查核事項與違約風險之研究,1,選修,
353078001,會計研究專題：CEO與CFO的協同運作,1,選修,
353792001,會計專題研討（七）,1,選修,
354713001,統計方法與網路分析,3,選修,
355492001,微型企業策略研討（三）,3,選修,
355730001,組織行為學研討,3,選修,
355490001,績效管理專題研討,1,選修,
355493001,人力資源管理專題—測量恆等性分析,1,選修,
355586001,營運與供應鏈管理專題研討（一）,3,選修,
355491001,行銷管理獨立研究—影響者行銷,3,選修,
355528001,企業問題研討（四）,3,選修,
358767001,隨機模型建構與應用,3,選修,
358078001,專題論文寫作,3,選修,
358853001,法學方法論,3,選修,
400854001,電視新聞實務—連線與播報,3,選修,
400855001,女性影像與新媒體,3,選修,
405867001,傳播策略中的數據與AI應用,3,選修,
405882001,媒體集團跨國比較,3,選修,
405900001,計算機概論,3,選修,
401148001,國際新聞報導實務,3,選修,
402058001,消費行為,3,選修,
402106001,創意行銷與科技魔法,3,選修,
464780001,文化社會學：傳播經典與新興議題,3,選修,
464857001,消費行為,3,選修,
464775001,品牌策略與實作,3,選修,
464925001,整合行銷傳播,3,選修,
461849001,女性影像與新媒體,3,選修,
941900001,人機互動設計,3,選修,
941901001,媒介組織管理專題,3,選修,
941902001,風險溝通：原理、策略與實踐,3,選修,
465015001,台灣現代史專題,3,選修,
465016001,東亞現代性與文化翻譯專題,3,選修,
465020001,女性影像與新媒體,3,選修,
465011001,台灣消費文化史,3,選修,
465019001,媒介與文化技術,3,選修,
465017001,語言、文化與數位媒體,3,選修,
465018001,言說分析,3,選修,
463875001,整合行銷傳播,3,選修,
463877001,文化社會學：傳播經典與新興議題,3,選修,
501069111,寫作與閱讀（三）,3,選修,
501069131,寫作與閱讀（三）,3,選修,
501069151,寫作與閱讀（三）,3,選修,
501857011,進階英語口語訓練：商用,3,選修,
501780011,進階寫作：短篇小說與文學論文,3,選修,
501069121,寫作與閱讀（三）,3,選修,
501069141,寫作與閱讀（三）,3,選修,
501856011,進階英語口語訓練：新聞,3,選修,
502132021,阿拉伯語聽力與口說（二）,1,選修,
502132011,阿拉伯語聽力與口說（二）,1,選修,
502132001,阿拉伯語聽力與口說（二）,1,選修,
504779001,解碼俄羅斯：深度解析其文化,2,選修,
504776001,文學翻譯：理論與實務,3,選修,
506824001,應用日語會話１,2,選修,
507810001,韓國語言學習及文化體驗,1,選修,
507914001,韓國地理,2,選修,
507811001,韓國文化、社會與政治的理解,3,選修,
507M03001,首爾現地文化遺跡巡禮,1,選修,
508792001,土耳其的日常生活,2,選修,
508793001,來玩吧！土耳其的傳統遊戲,2,選修,
508796001,土耳其美食與飲食習慣,2,選修,
508791001,用諺語與成語認識土耳其文化,2,選修,
509022001,中級德文作文,2,選修,
509021001,中級法文作文,2,選修,
509023001,中級西文作文,2,選修,
510061001,高級泰語聽力與會話,2,選修,
510077001,進階印尼語：政治經濟,2,選修,
510874001,新聞印尼語,2,選修,
510023001,東南亞國際關係,2,選修,
510084001,中級越語語法與寫作,2,選修,
551732001,語用學與語言教學,3,選修,
551763001,研究方法專題,3,選修,
551890001,《拱廊街計畫》與現代性,3,選修,
554858001,俄羅斯媒體翻譯和分析,2,選修,
554859001,文學翻譯：理論與實務,3,選修,
555807001,語言習得研究方法,3,選修,
555730001,情態詞專題,3,選修,
555729001,語用學與語言教學,3,選修,
555731001,台灣閩南語音韻,3,選修,
556746001,語料庫與日語研究１,2,選修,
556749001,《萬葉集》詩歌與日本文化,2,選修,
556747001,東亞文化的共融與和平,2,選修,
556793001,日語言談分析研究４,2,選修,
557898001,韓國學研究課題（社會與文化）─韓國文化研究基礎,3,選修,
557896001,韓國學研究課題（語學與教育）─韓語語言學研究,3,選修,
557897001,韓國學研究課題（文學與歷史）─東亞跨文化交流專題,3,選修,
557899001,韓國學研究課題（翻譯與實務）─韓語翻譯,3,選修,
557900001,東亞文化的共融與和平,2,選修,
560876001,伊斯蘭與中東安全研究,3,選修,
560945001,伊斯蘭教：歷史與主題,3,選修,
560878001,國際政治研究,2,選修,
560877001,俄烏衝突研究,3,選修,
951922001,莎士比亞與英語教學,3,選修,
951929001,多媒體英語教學理論與實踐,3,選修,
601690001,社會保險法,2,選修,
601313001,模擬國際法庭（二）,2,選修,
601548001,環境法,2,選修,
601643001,法學方法論,2,選修,
601312001,人性尊嚴的歷史與法律解釋,3,選修,
601317001,用台語學法律,1,選修,
601524001,刑法專題研究（四）,2,選修,
601904001,法文法學名著選讀（三）,3,選修,
601316001,要件事實與民事訴訟,2,選修,
651191001,刑法專題研究（四）,2,選修,
651242001,公司法專題研究（一）,2,選修,
651313001,契約法專題研究（四）,2,選修,
651314001,法社會學專題研究（二）,3,選修,
651353001,金融法專題研究（五）,2,選修,
651357001,保險法專題研究（五）,2,選修,
651371001,集體勞動法專題研究（二）,2,選修,
651B81001,國際公法研究,3,選修,
651B84001,環境法,2,選修,
651B91001,工程法論文專題研討,2,選修,
651032001,德文法學名著選讀（六）,3,選修,
651044001,日文法學名著選讀（四）,3,選修,
651389001,財產法專題研究（六）,2,選修,
651406001,公司法專題研究（八）,2,選修,
651437001,法文法學名著選讀（三）,3,選修,
651458001,法制史專題研究（六）,3,選修,
651A24001,國際公法專題研究（四）,2,選修,
651B78001,刑法基礎理論與思想專題研究（一）,3,選修,
651B79001,智慧財產權法專題研究（六）,2,選修,
651B83001,契約法,1,選修,
651B85001,要件事實與民事訴訟,2,選修,
651B86001,英國契約法導論,1,選修,
651B90001,社會法名著選讀,2,選修,
651097001,比較刑法專題研究（三）,2,選修,
651127001,行政法專題研究（四）,2,選修,
651174001,刑事訴訟法專題研究（五）,2,選修,
651219001,身分法專題研究（二）,2,選修,
651325001,憲法專題研究（六）,2,選修,
651343001,社會保險法專題研究（一）,2,選修,
651378001,刑事政策專題研究（二）,3,選修,
651B80001,人性尊嚴的歷史與法律解釋,3,選修,
651B82001,用台語學法律,1,選修,
651B87001,英文契約導讀及撰寫（三）,2,選修,
651B89001,刑罰思想史專題研究（四）,2,選修,
652122001,工程與法律（一）,2,選修,
652208001,全球治理與國際法,2,選修,
652209001,個人資料保護法,3,選修,
652210001,法社會學,3,選修,
652830001,公司治理與 ESG,2,選修,
652832001,國際租稅法,3,選修,
652833001,英文契約導讀及撰寫（三）,2,選修,
652834001,英國契約法導論,1,選修,
652837001,智財法學研究方法,3,選修,
652207001,環境法,2,選修,
652829001,社會保險法,2,選修,
652836001,國際人權法,3,選修,
652838001,國際智慧財產權法專題研究（二）,2,選修,
652885001,專利實務,3,選修,
652835001,民法中心公益服務實習（一）,1,選修,
652839001,契約法,1,選修,
961116001,保險判決案例分析（一）,3,選修,
961220001,人性尊嚴的歷史與法律解釋,3,選修,
961223001,社會保險法專題研究,2,選修,
961226001,科技金融商品刑法管制專題研究,3,選修,
961072005,醫事刑法專題研究,2,選修,
961224005,民事訴訟法實例研習（三）,1,選修,
961221001,家庭中的刑法問題,3,選修,
961222005,公平交易法原理與案例分析,1,選修,
961225005,調解法,1,選修,
961227001,中國大陸投資法律制度與實務（三）,3,選修,
961229001,工程契約專題研究,3,選修,
701781001,拓樸學,3,選修,
701863001,數據分析在財務上的應用,2,選修,
701866001,傅立葉分析,3,選修,
701869001,組合學導論,3,選修,
701864001,財務工程導論,3,選修,
701868001,矩陣理論（一）,3,選修,
701872001,數學專業總整（二）,3,選修,
702872001,實驗室見習,2,選修,
702868001,臨床神經心理學概論,3,選修,
782036001,工程數學（二）,3,選修,
751769001,拓樸學,3,選修,
751795001,更新過程導論,3,選修,
751796001,數據分析在財務上的應用,2,選修,
751797001,財務工程及金融創新,3,選修,
751798001,財務工程導論,3,選修,
751799001,傅立葉分析,3,選修,
751821001,組合學導論,3,選修,
752634001,類別學習專題,3,選修,
752582001,高等健康心理學,3,選修,
752583001,臨床神經心理學概論,3,選修,
752586001,神經心理復健,3,選修,
752587001,食物心理學,3,選修,
752919001,認知心理學專題（二）,3,選修,
203883001,模擬國際法庭（二）,2,選修,
203916001,戰略與外交,2,選修,
253783001,伊斯蘭與中東安全研究,3,選修,
253785001,國際公法研究,3,選修,
260719001,中國經濟專題研究：制度、創新與經濟績效,3,選修,
263808001,俄烏衝突研究,3,選修,
861815001,日美同盟與印太區域安全,3,選修,
861816001,日本防衛政策專題,3,選修,
861817001,數位時代的組織戰略,2,選修,
862833001,拉丁美洲的民主與發展,3,選修,
922911001,永續發展與全球挑戰,2,選修,
863873001,日本防衛政策專題,3,選修,
863872001,日美同盟與印太區域安全,3,選修,
863874001,數位時代的組織戰略,2,選修,
102786001,教育心理學研究,3,選修,
102787001,親子關係研究,3,選修,
102789001,課程與未來學,3,選修,
102788001,潛在課程與懸缺課程,2,選修,
152549001,ＡＩ教育理論應用與設計研究,3,選修,
152588001,教育心理學研究,3,選修,
157822001,教育模範領導與管理實踐,3,選修,
157820001,親子關係研究,3,選修,
157821001,社會情緒發展,3,選修,
171911001,教育政策專題（二）,1,選修,
172879001,現象學心理學專題：童年現象學,3,選修,
172880001,心理動力取向心理治療專題研究,3,選修,
152582001,諮商理論與技術專題研究,3,選修,
ZU1861001,公共政策分析與倡議,3,選修,
ZU1862001,海洋法－法律框架、國家實踐、及挑戰,3,選修,
ZU1858001,數位賦能教育科技管理研究,3,選修,
ZU1011001,台灣近代史,3,選修,
ZU1040001,永續發展與都市政治,3,選修,
ZU1041001,科技社會與文化,3,選修,
ZU1856001,創新與領導力：矽谷模式,1,選修,
ZU1857001,兩岸公共政策比較研究,3,選修,
ZU1859001,移民工研究實作,3,選修,
ZU1860001,大型跨國調查資料之分析與應用,3,選修,
ZM1884001,沉浸式實境：擴增、虛擬以及混合實境,3,選修,
ZM1889001,台灣近代史,3,選修,
ZM1888001,AI與倫理,3,選修,
ZM1883001,傳播理論,3,選修,
ZM1885001,女性影像與新媒體,3,選修,
ZM1887001,科技社會與文化,3,選修,
ZM1890001,社群媒體與社交網絡,2,選修,
ZM1886001,設計思維,3,選修,
ZM1891001,人工智慧與傳播,3,選修,
703813001,社群媒體資料分析與實務應用,1,選修,
753803001,資料儲存系統導論,3,選修,
791031001,駭客攻防實戰基礎,3,選修,
ZC0938001,跨界專題：藝術永續實踐,2,選修,
ZC0939001,設計人生，人生設計,3,選修,
ZC0940001,大學社會責任PBL課程,3,選修,
ZC0M03001,藝術表達專題：意象與書寫,1,選修,
ZC0943001,跨界實驗室,3,選修,
ZC0M02001,藝術表達專題：意象與繪圖,1,選修,
ZC0M04001,身心照顧專題：運動與書寫,1,選修,
ZC0936001,尋找心中的創業家,3,選修,
ZC0937001,Open NCCU：打造數位校園體驗的實作型產品課,3,選修,
ZC0942001,創意與設計,3,選修,
NU1001001,跨界實驗室,3,選修,
NU1004001,運動經紀實務,3,選修,
NU1005001,身體實踐自主學習,3,選修,
NU1011001,運動產業概論,3,選修,
NU1012001,運動科學理論與應用,3,選修,
NU1013001,運動書寫,3,選修,
NU1014001,運動賽事轉播與講評,3,選修,
NU1015001,運動產業的數據與經濟分析,3,選修,
088F00011,華語基礎班,3,選修,
088F10021,華語應用班,3,選修,
088F10031,華語應用班,3,選修,
088F73001,華語創作及選讀,3,選修,
088S10011,基礎華語夏日班,2,選修,
088F00021,華語基礎班,3,選修,
088F10011,華語應用班,3,選修,
088F10041,華語應用班,3,選修,
088F10051,華語應用班,3,選修,
088F10061,華語應用班,3,選修,
088F72001,新聞華語,3,選修,
088S90011,零基礎華語夏日班,2,選修,
088F00031,華語基礎班,3,選修,
088F00041,華語基礎班,3,選修,
088F00051,華語基礎班,3,選修,
088F71001,中級商務華語,3,選修,
088S00011,入門華語夏日班,2,選修,
31008051,國文－古典小說選讀,3,一般通識,中文通識
32002841,大學英文（二）,3,一般通識,外文通識
993031001,戲劇音樂：人性,2,一般通識,人文通識
41099061,文明發展與歷史思惟,3,核心通識,人文通識
41214001,俄羅斯文學、電影與藝術,3,一般通識,人文通識
41216001,宗教朝聖與靈性旅遊,3,一般通識,人文通識
41217001,語用學：跨文化與數位溝通,3,一般通識,人文通識
90127001,改變世界通識講座,1,一般通識,跨領域(人文、社會)
41215001,戲曲賞鑑與習藝實踐,3,一般通識,人文通識
90128001,全球保育新趨勢：森林、生態與你,2,一般通識,跨領域(社會、自然)
42222001,人本交通與永續校園規劃,2,一般通識,社會通識
44122001,健康與媒體：溝通、敘事與實作,2,一般通識,跨領域(社會、自然)
44123001,數位文明：科技、倫理與人文思辨,2,一般通識,跨領域(社會、資訊)
42220001,永續發展與地方創生,3,一般通識,社會通識
42221001,人工智慧與法律,3,一般通識,社會通識
42219001,商標權管理與品牌競爭,2,一般通識,社會通識
44124001,人文社會的空間視野：地理資訊系統的跨域應用,3,一般通識,跨領域(社會、自然、資訊)
43048001,星空捎來的信,3,一般通識,自然通識
45024011,圖書館實務及創意管理,2,一般通識,書院通識
90129001,Inkscape向量繪圖與雲端開放資源應用,2,一般通識,資訊通識
46010001,生活中的未來語言：數學、Python與AI,3,一般通識,資訊通識
80002011,設計思考與人工智慧,3,選修,
10914001,國際安全,3,選修,
10058002,日語讀本（二）,2,選修,
10058022,日語讀本（二）,2,選修,
10060012,進階日語聽力練習,2,選修,
10915001,商用日文書信,2,選修,
10059002,日語聽力練習,2,選修,
10060002,進階日語聽力練習,2,選修,
10060042,進階日語聽力練習,2,選修,
10916001,進階觀光日語,2,選修,
10058012,日語讀本（二）,2,選修,
10059042,日語聽力練習,2,選修,
10056022,日語讀本（一）,2,選修,
10056032,日語讀本（一）,2,選修,
10059012,日語聽力練習,2,選修,
10059022,日語聽力練習,2,選修,
10918001,韓國文化理解（二）,2,選修,
504025011,進階俄語：文學,2,選修,
504057022,高階俄語會話,2,選修,
504774001,初級烏克蘭語閱讀,2,選修,
504053001,進階俄語視聽訓練（二）,2,選修,
504063001,捷克國情概論,2,選修,
504777002,初級波語閱讀訓練,2,選修,
599886011,大學外文（四）：德文,3,選修,
353743001,作業價值管理（AVM）（包含ESG）—企業實作與實習（一）,3,選修,
353742001,財務報表分析,3,選修,
353741001,使用Python於機器學習、深度學習與大型語言模型之會計應用,3,選修,
364817001,美國專利法與實務,3,選修,
509878001,法國當代戲劇文本與劇場實務,2,選修,
300841001,商業決策分析,3,選修,
300817002,線性代數,3,選修,
701777001,財務數學,3,選修,
70438001,比較政府與政治,3,選修,
70941001,韓國政治／朝鮮半島政治,1,選修,
601305001,國際智慧財產權法專題研究（四）,2,選修,
601304001,刑事證據法專題研究（二）,2,選修,
70440001,人體生物學,3,選修,
754941001,細胞訊息傳遞,2,選修,
70444001,自主學習與永續校園,1,選修,
70445001,臺灣原住民族語言及文化,2,選修,
70446001,AI、攝影與文化,1,選修,
70443001,藝術、自我探索與文化溯源,3,選修,
204051001,新社會思想史,3,選修,
155781001,生成式人工智慧與數位人文應用,3,選修,
155782001,深度學習程式設計與應用,3,選修,
155780001,知識組織專題,3,選修,
155783001,多模態資訊檢索,3,選修,
601436001,公益服務法律實習－共好文山計畫（五）,2,選修,
70437001,國際人道法與難民法,2,選修,
70439001,四分五裂還是團結一致？歐洲內部與歐盟論述,3,選修,
509880001,四分五裂還是團結一致？歐洲內部與歐盟論述,3,選修,
209593001,臺灣原住民族語言及文化,2,選修,
70442001,互動式多媒體族語教材製作,2,選修,
Z23949001,人類世與地緣政治,3,選修,
ZU1008001,人類世與地緣政治,3,選修,
ZU1046001,AI與治理,3,選修,
70333001,全球教育革新與亞太地區教育願景,2,選修,
ZU1047001,大數據與社會分析,3,選修,
209604001,基礎文物修復理論及實務,3,選修,
70448001,大型語言模型與資訊安全系統,3,選修,
70416001,機率與統計,3,選修,
70420001,機器導航與探索,3,選修,
70449001,生成式AI應用系統與工程,3,選修,
70418001,生成式人工智慧的人文導論,3,選修,
70417001,人工智慧倫理,3,選修,
70419001,深度學習,3,選修,
754917001,睡眠醫學：從基礎到臨床,2,選修,
70441001,精準健康實務,2,選修,
754912001,新藥開發與疾病動物模式,2,選修,
754915001,老年醫學,2,選修,
2390011,體育[男女合班]—活力有氧初級,1,體育,必修
2060001,體育[男]—游泳初級（捷泳）,1,體育,必修
2390001,體育[男女合班]—活力有氧初級,1,體育,必修
2888001,體育[男女合班]—羽球實務（選修）,2,體育,選修
101016001,詩經,3,選修,
103278001,台灣史檔案研讀與應用,3,選修,
103280001,早期近代英國史（都鐸王朝）,3,選修,
103131001,憲政史專題,3,選修,
103279001,歐洲近代思想史（1750至今）,3,選修,
104225001,列維納斯現象學,3,選修,
104730001,敘事的實務,3,選修,
104018001,中國哲學史（二）,3,選修,
104065121,心靈哲學,3,選修,
104088111,法家哲學,3,選修,
104226001,現象學研究方法論：經驗現象學,3,選修,
104227001,他心：他人與動物,3,選修,
104119122,倫理學史,3,選修,
104224001,論語,3,選修,
151490001,近代中國視覺文化專題研究,3,選修,
151492001,漢語語法與方言語法專題研究,3,選修,
151747001,民國文學專題：觀念與方法,3,選修,
151493001,數位出版與學術傳播,3,選修,
151496001,捷克視角下的漢字研究與華語文教學,1,選修,
151678001,古代類書與叢書專題研究,3,選修,
151729001,晚清民初學術思潮專題,3,選修,
151495001,感官文化的現代轉向：近現代中國的新感覺結構,1,選修,
153537001,東亞的征服王朝與殖民,2,選修,
153462001,西方近代早期發展史專題,3,選修,
153465001,現代中國的文化政治,3,選修,
153463001,歷史文化產業應用專題,3,選修,
154225001,梅洛龐蒂論他人的知覺,3,選修,
154307001,現象學研究方法論：經驗現象學,3,選修,
154220001,獨立研究：尼采的遊戲哲學,3,選修,
154373001,康德政治哲學專題討論,2,選修,
154224001,行政權的政治哲學,3,選修,
154219001,《阿毘達磨俱舍論》〈破執我品〉研究,3,選修,
154925001,先秦哲學專題研究,3,選修,
154218001,古典德國哲學,3,選修,
154222001,海德格《存有與時間》（一）,3,選修,
154221001,人機倫理：人工智能、關係與道德主體性,3,選修,
154223001,呂格爾專題：「作為一個他者的自身」,3,選修,
155898001,檔案館管理專題,3,選修,
156623001,媽祖信仰專題研究,3,選修,
156625001,當代靈性運動與經驗專題,3,選修,
156627001,古典伊斯蘭思想專題,3,選修,
156629001,敘事中的佛教：佛教、文化與現代性,3,選修,
156622001,歐美漢學與佛教研究,1,選修,
156624001,儀式研究專題,3,選修,
156626001,描繪女神容顏—從數據化到研究論文,3,選修,
156628001,全真教專題：革新與發展,3,選修,
158699001,台灣近代政治史專題,3,選修,
158700001,從台灣總督府檔案看台灣的統治,1,選修,
158703001,台灣新聞史專題,2,選修,
158698001,臺灣城市景觀史,3,選修,
158701001,歷史文化產業應用專題,3,選修,
159816001,離散與台灣文學研究,3,選修,
161716001,漢語第二語言習得,3,選修,
161717001,華語文教學專案企畫與數位教學專題研討,3,選修,
161718001,捷克視角下的漢字研究與華語文教學,1,選修,
161771001,電腦輔助語言教學問題與研究,3,選修,
912811001,中國思想史教學研究,3,選修,
912810001,杜詩專題研究與教學,3,選修,
155779001,資訊政策研究,3,選修,
160708001,漢語第二語言習得,3,選修,
160709001,華語文教學專案企畫與數位教學專題研討,3,選修,
160710001,捷克視角下的漢字研究與華語文教學,1,選修,
160771001,電腦輔助語言教學問題與研究,3,選修,
202804001,實證研究與政經分析的台日比較,3,選修,
204047001,社會研究方法（一）,4,選修,
204676001,資訊社會學,3,選修,
204049001,人口、家庭與空間研究,3,選修,
204050001,進階質性研究方法,3,選修,
204923001,就業安全與法制,2,選修,
204762001,科技社會與爭議,3,選修,
204770001,宗教社會學,3,選修,
205066001,統計學（二）,3,選修,
206079001,公共人力資源管理,3,選修,
206080001,全球公共事務治理,3,選修,
207811001,影像處理,3,選修,
207M03001,貨幣銀行與金融市場,0.4,選修,
207722001,空間資料應用於環境變遷偵測,3,選修,
207728001,縣市成長管理計畫,2,選修,
207736001,不動產估價技術研析,3,選修,
207724001,氣候變遷與環境規劃,3,選修,
209073001,公共人類學,3,選修,
209628001,進階田野課程：地景分析與原住民考古,3,選修,
209592001,中亞專題研究,3,選修,
252678001,西洋政治思想史,3,選修,
252668001,菁英政治,3,選修,
252850011,政治心理學專題,3,選修,
254751001,反身社會學經典研讀：布赫迪厄,3,選修,
254752001,科技社會與爭議,3,選修,
255815001,變化論：新個體經濟學,3,選修,
256784001,公共行政與民主政治,3,選修,
256647001,數位科技與人工智慧治理,3,選修,
257704001,不動產建築管理與法律,2,選修,
257706001,縣市成長管理計畫,2,選修,
257707001,應用地理人工智慧於永續發展,3,選修,
257708001,空間大數據分析與永續城市規劃,3,選修,
257M02001,貨幣銀行與金融市場,0.4,選修,
257705001,空間資料應用於環境變遷偵測,3,選修,
258019011,進階經濟計量學,3,選修,
259058001,民族學方法,3,選修,
259649001,中亞專題研究,3,選修,
259650001,東南亞專題：政治人類學與當代緬甸,3,選修,
259680001,進階田野課程：地景分析與原住民考古,3,選修,
259571001,民族學方法論,3,選修,
259782001,民族教育研究方法專題研究─資料收集,3,選修,
261931001,國際發展經濟學,3,選修,
262785001,人工智慧與勞動政治經濟學專題研究,3,選修,
262783001,跨國移工的遷徒與發展專題研究,3,選修,
262023001,勞動事務實習：人力資源（一）,1,選修,
262784001,勞動與社會福利專題研究,3,選修,
262855001,勞動關係論文專題研究,1,選修,
266904001,國際發展經濟學,3,選修,
266865001,全球經濟與企業發展,2,選修,
267008001,原住民族土地相關法規與實務分析,3,選修,
923872001,國土規劃專題,3,選修,
926808001,政治參與及社會運動,3,選修,
926809001,教學與學術發表寫作專題,3,選修,
926810001,民族學方法論,3,選修,
926867001,人類世與地緣政治,3,選修,
926811001,國際發展經濟學,3,選修,
258020011,進階經濟計量學,3,選修,
264017001,教學與學術發表寫作專題,3,選修,
265766001,毛主義與現代中國政治思想,3,選修,
265767001,網絡與組織,3,選修,
265763001,民族學方法論,3,選修,
265764001,國際環境治理,2,選修,
265762001,文化生態研究專題：森林的綠色發展，保育和氣候變遷,3,選修,
265765001,教學與學術發表寫作專題,3,選修,
300906021,總體經濟學,3,選修,
300724001,人工智慧進化史：科技如何改變我們的工作與生活,3,選修,
301769001,碳市場與排放權交易之法律分析,3,選修,
301770001,國際貿易爭端與商業糾紛解決,3,選修,
301050001,商業分析,3,選修,
301771001,國際投資法,3,選修,
303800001,作業價值管理（AVM）（包含ESG）—企業實作與實習（一）,3,選修,
303799001,使用Python於機器學習、深度學習與大型語言模型之會計應用,3,選修,
305753001,管理模型分析,1,選修,
306714001,學習演算法與量子計算,3,選修,
306M02001,金融科技,0.4,選修,
308843001,民法概要（二）,2,選修,
351036001,行為投資學,3,選修,
351702001,商業分析,3,選修,
351700001,國際經貿法專題,3,選修,
351701001,進階經濟計量學,3,選修,
351703001,產業競爭分析,3,選修,
352802001,金融中介,3,選修,
352714001,資產定價專題研討,3,選修,
352716001,金融監理專題,3,選修,
352744001,量化投資專題,3,選修,
356336001,學習演算法與量子計算,3,選修,
356337001,網頁安全實務,3,選修,
356335001,後量子密碼學,3,選修,
358949001,企業財務與風險管理專題研討,1,選修,
358939001,再保險,3,選修,
358766001,金融保險監理研究專題（二）,2,選修,
363851001,全球企業經營與產業發展趨勢－泰國,1,選修,
363853001,探索式資料分析與視覺化,1,選修,
363852001,全球企業經營與產業發展趨勢－馬來西亞,1,選修,
364789001,資訊科技與組織變革,3,選修,
364751001,國際智慧財產權法專題研究（四）,2,選修,
364M01001,全球職涯競爭力：成為優秀的全球化與國際企業人才,1,選修,
364752001,智財交易與行銷,2,選修,
933850001,數位及人工智慧行銷,2,選修,
933851001,激勵與領導,2,選修,
933852001,環境永續論壇,1,選修,
933853001,績效管理,1,選修,
352014001,高等總體經濟研討,3,選修,
353079001,會計研究專題：公司治理與法人董事制度,1,選修,
353784001,會計專題研討（八）,1,選修,
353013001,高等管理會計研究,3,選修,
355488001,產業經濟學研討,3,選修,
355489001,微型企業策略研討（四）,3,選修,
355888001,勞資關係專題研討,1,選修,
364091001,智財法律與管理研討,3,選修,
364086011,智財法學研究方法,3,選修,
405903001,媒介心理與閱聽人,3,選修,
401149001,深度英語新聞報導,3,選修,
401129001,新媒體與運算專題,3,選修,
402107001,國際行銷傳播策略,3,選修,
402M02001,藝術表達專題：意象與繪圖,1,選修,
402M03001,藝術表達專題：意象與書寫,1,選修,
402108001,人工智慧進化史：科技如何改變我們的工作與生活,3,選修,
402109001,數位經濟創新與創業,3,選修,
403109001,Podcast：議題式報導及創意內容企劃,3,選修,
464777001,互動與行銷溝通,3,選修,
464778001,新媒介商業模式,3,選修,
464785001,廣告心理與實務應用,3,選修,
464779001,都市媒介研究,3,選修,
461848001,深度英語新聞報導,3,選修,
461847001,Podcast：議題式報導及創意內容企劃,3,選修,
462881001,想像敘事與互動基礎,3,選修,
941899001,媒介社會學,3,選修,
465022001,衝突新聞、全球傳播與公民,3,選修,
465023001,東南亞專題：政治人類學與當代緬甸,3,選修,
465024001,東亞現代史專題,3,選修,
465021001,界限重繪：亞洲電影與媒體文化,3,選修,
463876001,都市媒介研究,3,選修,
501070001,語言與社會,3,選修,
501858011,進階英語口語訓練：辯論,3,選修,
501804031,進階英文寫作,3,選修,
501854011,進階英文寫作：創作,3,選修,
501059011,英語語言發展史,3,選修,
502130031,阿拉伯語聽力與口說（一）,1,選修,
502133001,阿拉伯語聽力與口說（三）,1,選修,
502798001,人工智慧與阿拉伯語翻譯修正,2,選修,
502799001,阿拉伯語進階書信寫作,2,選修,
502801001,阿拉伯語基礎書寫,2,選修,
502802001,生活阿拉伯語（一）,3,選修,
502803001,生活阿拉伯語（二）,3,選修,
502804001,阿拉伯語聽力與口說（四）,3,選修,
502131001,阿拉伯世界概論（二）,2,選修,
502133011,阿拉伯語聽力與口說（三）,1,選修,
502134001,阿拉伯語詞法學：文本閱讀,2,選修,
502800001,阿拉伯語發音,1,選修,
506823001,應用日語會話２,2,選修,
507928001,韓國現勢,2,選修,
507809001,語言學與韓語教育,3,選修,
508788001,用土耳其語介紹台灣文化,3,選修,
508794001,藝術、科學與政治界的知名人物,2,選修,
508789001,從社群媒體視角看土耳其局勢,2,選修,
508790001,安納托利亞民俗舞蹈,2,選修,
509022002,中級德文作文,2,選修,
509021002,中級法文作文,2,選修,
509023002,中級西文作文,2,選修,
510061002,高級泰語聽力與會話,2,選修,
510873001,商用泰語,2,選修,
510084002,中級越語語法與寫作,2,選修,
599771011,選修英文：表演藝術產業英文,3,選修,
599796041,選修英文：職場溝通,3,選修,
551746001,電腦輔助語言教學問題與研究,3,選修,
551893001,文藝復興時期的歷史劇,3,選修,
551731001,社會語言學與語言教學,3,選修,
554857001,認知話語與多模態研究,3,選修,
555728001,構式句法專題,3,選修,
556744001,研究方法與指導Ａ3（語言學群）,2,選修,
556743001,語言學理論與實踐,2,選修,
556745001,研究方法與指導Ｂ3（文化學群）,2,選修,
557893001,韓國學研究課題（語學與教育）─語言學與韓語教育,3,選修,
557895001,韓國學研究課題（社會與文化）─韓國影像文化,3,選修,
557892001,韓國學研究課題（語學與教育）─韓語文法論,3,選修,
557894001,韓國學研究課題（社會與文化）─社會、文化與政治,3,選修,
560874001,古典伊斯蘭思想專題,3,選修,
560919011,後共國家政府與政治,2,選修,
560875001,區域研究—中亞國際關係研究,3,選修,
560873001,國際關係量化研究方法,3,選修,
560872001,中東地區地緣政治,3,選修,
601308001,財產犯罪實例演習,2,選修,
601309001,國際環境法,2,選修,
601310001,民事裁判與法律思維,2,選修,
601311001,德國、英國和美國民法案例研習,1,選修,
601605001,環境保護法專題研究（一）,2,選修,
601025001,英美法導論,2,選修,
601302001,市政運作與地方法制實務研習,2,選修,
601303001,少年法專題研究（一）,3,選修,
601306001,法律經濟分析（二）,2,選修,
601307001,進階德文,2,選修,
601574001,公法中心公益服務實習（一）,1,選修,
651212001,消費者保護法專題研究（一）,2,選修,
651387001,英文公法學名著選讀（一）,3,選修,
651391001,日文法學名著選讀（五）,3,選修,
651B93001,英文法學名著選讀（九）,3,選修,
651B97001,民事裁判與法律思維,2,選修,
651C03001,刑事立法學專題（一）,2,選修,
651036001,證券交易法專題研究（三）,2,選修,
651215001,法制史專題研究（一）,3,選修,
651351001,比較憲法專題研究（四）,2,選修,
651361001,法理學專題研究（五）,1,選修,
651444001,環境保護法專題研究（一）,2,選修,
651C01001,刑法理論綜合演習,3,選修,
651C02001,公衛政策與法律管制,3,選修,
651C04001,少年法專題研究（一）,3,選修,
651C05001,工程法論文專題研討（一）,2,選修,
651005001,德文法學名著選讀（一）,3,選修,
651323001,證券交易法專題研究（二）,2,選修,
651734001,公法中心公益服務實習（一）,1,選修,
651B92001,民事實務專題研究（五）,2,選修,
651B94001,國際智慧財產權法專題研究（四）,2,選修,
651B95001,法社會學專題研究（四）,3,選修,
651B96001,法律經濟分析（二）,2,選修,
651B98001,德國、英國和美國民法案例研習,1,選修,
651B99001,國際環境法,2,選修,
652211001,著作權法,2,選修,
652822001,AI與治理,3,選修,
652824001,刑事證據法專題研究（二）,2,選修,
652827001,國際智慧財產權法專題研究（四）,2,選修,
652126001,國際貿易與法律（一）,3,選修,
652213001,商標法,2,選修,
652823001,民法中心公益服務實習（二）,1,選修,
652825001,進階德文,2,選修,
652826001,公法中心公益服務實習（一）,1,選修,
652828001,衝突管理與調解學,2,選修,
961165001,民事證據法,2,選修,
961230001,亞洲法研究（一）：日本法,2,選修,
961231001,工程訴訟專題研究,3,選修,
961031001,國際貿易法專題研究,3,選修,
701844001,等候理論,3,選修,
701858001,分支過程,3,選修,
701867001,矩陣理論（二）,3,選修,
701860001,隨機模型運用,3,選修,
701781002,拓樸學,3,選修,
702863001,認知數位遊戲設計,3,選修,
702869001,實驗室見習（二）,2,選修,
702942001,健康心理學,3,選修,
751769002,拓樸學,3,選修,
751800001,矩陣理論（二）,3,選修,
751015002,數值方法,3,選修,
751766001,財務數學,3,選修,
751793001,隨機模型運用,3,選修,
751792001,分支過程,3,選修,
752584001,高等臨床神經心理學,3,選修,
752581001,認知數位遊戲設計,3,選修,
752585001,臨床神經心理衡鑑,3,選修,
754913001,小鼠表型研究,2,選修,
752677001,臨床心理學專題一,3,選修,
203799001,當代俄中美三國關係,2,選修,
203830001,外交實務,2,選修,
203854001,俄國外交政策,2,選修,
203080001,區域研究－澳紐與太平洋島國國際關係,3,選修,
253782001,中東地區地緣政治,3,選修,
253802001,中亞專題研究,3,選修,
253780001,國際關係理論與中國外交政策,3,選修,
253784001,西班牙和葡萄牙語系國家研究：從伊比利半島開始,2,選修,
253001011,國際法院成案,3,選修,
253056001,區域研究—中亞國際關係研究,3,選修,
253781001,衝突管理,3,選修,
253805001,外交實務,2,選修,
260734001,中國對外關係與全球治理,3,選修,
260718001,菁英政治,3,選修,
263835001,俄羅斯文化與社會,3,選修,
263818001,後共國家政府與政治,2,選修,
861814001,世界史中的日本外交,2,選修,
861813001,戰後日本安全保障論,3,選修,
862882001,中東地區地緣政治,3,選修,
862883001,社會運動的比較視角,3,選修,
862913001,衝突管理,3,選修,
862917001,東南亞比較政治,3,選修,
862920001,國際發展經濟學,3,選修,
862881001,印度於印太地區外交關係議題,3,選修,
862903001,中國對外關係與全球治理,3,選修,
922025001,區域研究-東北亞國際關係研究,3,選修,
922910001,國際企業與國際關係,2,選修,
922926001,國防政治學,2,選修,
863870001,戰後日本安全保障論,3,選修,
863871001,世界史中的日本外交,2,選修,
102783001,文教機構經營策略管理,3,選修,
102784001,自主學習與永續校園,1,選修,
102785001,危機處理,2,選修,
152703001,教育學傳記研究,3,選修,
157930001,教育學傳記研究,3,選修,
172876001,危機處理,2,選修,
172878001,復原取向認知行為治療,3,選修,
172891001,幼兒發展與學習,3,選修,
152662001,校長學專題研究,3,選修,
ZU1045001,全球議題在亞洲,3,選修,
ZU1854001,國際司法與國際秩序,3,選修,
ZU1044001,科技社會與爭議,3,選修,
ZU1853001,重塑世界的想像：社會變革的政治與藝術,3,選修,
ZU1028001,國際創新管理,3,選修,
ZU1043001,行政學,3,選修,
ZU1852001,進階國際法專題研究,3,選修,
ZU1855001,開放資料與開放政府,3,選修,
ZM1881001,國際創新管理,3,選修,
ZM1010001,國內實習,2,選修,
ZM1011001,海外學習,1,選修,
ZM1879001,人類世與地緣政治,3,選修,
ZM1880001,社會創新設計實作,3,選修,
ZM1882001,科技社會與爭議,3,選修,
703811001,人工智慧之倫理與安全,3,選修,
703061001,人工智慧多媒體訊號處理,3,群修,
703812001,資料分析與大型語言模型,3,選修,
753799001,圖神經網路,3,選修,
753800001,新興應用的資料基礎架構,3,選修,
753801001,進階後量子密碼學選講,3,選修,
753802001,人工智慧多媒體訊號處理,3,選修,
753798001,隱私保護計算,3,選修,
971863001,現代密碼學,3,選修,
971870001,電腦圖學,3,選修,
791032001,網頁安全實務,3,選修,
791035001,進階後量子密碼學選講,3,選修,
791036001,隱私保護計算,3,選修,
ZC0M06001,一人公司養成術：創作×商業×工作流,1,選修,
ZC0932001,社會實踐專題,3,選修,
ZC0934001,藝術、自我探索與文化溯源,3,選修,
ZC0M05001,藝術表達專題：歐曼讀夢團體與跨媒材創作,1,選修,
ZC0931001,自主學習與永續校園,1,選修,
ZC0935001,人工智慧進化史：科技如何改變我們的工作與生活,3,選修,
NU1016001,運動與文化概論,3,選修,
NU1019001,運動場館營運與管理,3,選修,
NU1017001,運動技能學習理論與實務,3,選修,
NU1006001,SportX活動策劃與執行,3,選修,
NU1010001,跨界專題－Ｘ計畫,3,選修,
NU1018001,雄鷹專題,3,選修,
